[
  {
    "base": "",
    "callee": "ID:setupGenericListeners",
    "calleeLocation": "686660008700021",
    "arguments": [
      "ID:editor",
      "ID:addCommand"
    ],
    "argumentLocations": [
      "686660008930006",
      "686660009010060"
    ],
    "argumentTypes": [
      "unknown",
      "unknown"
    ],
    "parameters": [
      "ID:editor",
      "ID:command"
    ],
    "src": "data/js/programs_all/sca-/sails-ckeditor-sample/assets/ckeditor/plugins/indent/plugin.js : 24 - 24",
    "filename": "data/js/programs_all/sca-/sails-ckeditor-sample/assets/ckeditor/plugins/indent/plugin.js"
  },
  {
    "base": "",
    "callee": "ID:setupGenericListeners",
    "calleeLocation": "686660009690021",
    "arguments": [
      "ID:editor",
      "ID:addCommand"
    ],
    "argumentLocations": [
      "686660009920006",
      "686660010000055"
    ],
    "argumentTypes": [
      "unknown",
      "unknown"
    ],
    "parameters": [
      "ID:editor",
      "ID:command"
    ],
    "src": "data/js/programs_all/sca-/sails-ckeditor-sample/assets/ckeditor/plugins/indent/plugin.js : 25 - 25",
    "filename": "data/js/programs_all/sca-/sails-ckeditor-sample/assets/ckeditor/plugins/indent/plugin.js"
  },
  {
    "base": "ID:node",
    "callee": "ID:setStyle",
    "calleeLocation": "686660027420008",
    "arguments": [
      "LIT:margin-left",
      "ID:marginLeft"
    ],
    "argumentLocations": [
      "686660027520013",
      "686660027670010"
    ],
    "argumentTypes": [
      "string",
      "unknown"
    ],
    "parameters": [
      "",
      ""
    ],
    "src": "data/js/programs_all/sca-/sails-ckeditor-sample/assets/ckeditor/plugins/indent/plugin.js : 80 - 80",
    "filename": "data/js/programs_all/sca-/sails-ckeditor-sample/assets/ckeditor/plugins/indent/plugin.js"
  },
  {
    "base": "ID:node",
    "callee": "ID:setStyle",
    "calleeLocation": "686660028430008",
    "arguments": [
      "LIT:margin-right",
      "ID:marginRight"
    ],
    "argumentLocations": [
      "686660028530014",
      "686660028690011"
    ],
    "argumentTypes": [
      "string",
      "unknown"
    ],
    "parameters": [
      "",
      ""
    ],
    "src": "data/js/programs_all/sca-/sails-ckeditor-sample/assets/ckeditor/plugins/indent/plugin.js : 81 - 81",
    "filename": "data/js/programs_all/sca-/sails-ckeditor-sample/assets/ckeditor/plugins/indent/plugin.js"
  },
  {
    "base": "ID:command",
    "callee": "ID:execJob",
    "calleeLocation": "686660101600007",
    "arguments": [
      "ID:editor",
      "ID:priority"
    ],
    "argumentLocations": [
      "686660101690006",
      "686660101770008"
    ],
    "argumentTypes": [
      "unknown",
      "unknown"
    ],
    "parameters": [
      "ID:editor",
      "ID:priority"
    ],
    "src": "data/js/programs_all/sca-/sails-ckeditor-sample/assets/ckeditor/plugins/indent/plugin.js : 280 - 280",
    "filename": "data/js/programs_all/sca-/sails-ckeditor-sample/assets/ckeditor/plugins/indent/plugin.js"
  },
  {
    "base": "ID:command",
    "callee": "ID:refreshJob",
    "calleeLocation": "686660108040010",
    "arguments": [
      "ID:editor",
      "ID:priority",
      "ID:path"
    ],
    "argumentLocations": [
      "686660108160006",
      "686660108240008",
      "686660108340013"
    ],
    "argumentTypes": [
      "unknown",
      "unknown",
      "unknown"
    ],
    "parameters": [
      "ID:editor",
      "ID:priority",
      "ID:path"
    ],
    "src": "data/js/programs_all/sca-/sails-ckeditor-sample/assets/ckeditor/plugins/indent/plugin.js : 297 - 297",
    "filename": "data/js/programs_all/sca-/sails-ckeditor-sample/assets/ckeditor/plugins/indent/plugin.js"
  },
  {
    "base": "ID:exec",
    "callee": "ID:call",
    "calleeLocation": "686660118640004",
    "arguments": [
      "LIT:this",
      "ID:editor"
    ],
    "argumentLocations": [
      "686660118700004",
      "686660118760006"
    ],
    "argumentTypes": [
      "object",
      "unknown"
    ],
    "parameters": [
      "",
      ""
    ],
    "src": "data/js/programs_all/sca-/sails-ckeditor-sample/assets/ckeditor/plugins/indent/plugin.js : 331 - 331",
    "filename": "data/js/programs_all/sca-/sails-ckeditor-sample/assets/ckeditor/plugins/indent/plugin.js"
  },
  {
    "base": "ID:refresh",
    "callee": "ID:call",
    "calleeLocation": "686660125580004",
    "arguments": [
      "LIT:this",
      "ID:editor",
      "ID:path"
    ],
    "argumentLocations": [
      "686660125640004",
      "686660125700006",
      "686660125780004"
    ],
    "argumentTypes": [
      "object",
      "unknown",
      "unknown"
    ],
    "parameters": [
      "",
      "",
      ""
    ],
    "src": "data/js/programs_all/sca-/sails-ckeditor-sample/assets/ckeditor/plugins/indent/plugin.js : 350 - 350",
    "filename": "data/js/programs_all/sca-/sails-ckeditor-sample/assets/ckeditor/plugins/indent/plugin.js"
  },
  {
    "base": "ID:tools",
    "callee": "ID:search",
    "calleeLocation": "686660156320006",
    "arguments": [
      "ID:states",
      "ID:TRISTATE_OFF"
    ],
    "argumentLocations": [
      "686660156400006",
      "686660156480012"
    ],
    "argumentTypes": [
      "unknown",
      "unknown"
    ],
    "parameters": [
      "",
      ""
    ],
    "src": "data/js/programs_all/sca-/sails-ckeditor-sample/assets/ckeditor/plugins/indent/plugin.js : 435 - 435",
    "filename": "data/js/programs_all/sca-/sails-ckeditor-sample/assets/ckeditor/plugins/indent/plugin.js"
  },
  {
    "base": "ID:editor",
    "callee": "ID:createFakeElement",
    "calleeLocation": "686670005550017",
    "arguments": [
      "ID:anchor",
      "LIT:cke_anchor",
      "LIT:anchor"
    ],
    "argumentLocations": [
      "686670005740006",
      "686670005820012",
      "686670005960008"
    ],
    "argumentTypes": [
      "unknown",
      "string",
      "string"
    ],
    "parameters": [
      "",
      "",
      ""
    ],
    "src": "data/js/programs_all/sca-/sails-ckeditor-sample/assets/ckeditor/plugins/link/dialogs/anchor.js : 16 - 16",
    "filename": "data/js/programs_all/sca-/sails-ckeditor-sample/assets/ckeditor/plugins/link/dialogs/anchor.js"
  },
  {
    "base": "LIT:this",
    "callee": "ID:getValueOf",
    "calleeLocation": "686670007650010",
    "arguments": [
      "LIT:info",
      "LIT:txtName"
    ],
    "argumentLocations": [
      "686670007770006",
      "686670007850009"
    ],
    "argumentTypes": [
      "string",
      "string"
    ],
    "parameters": [
      "",
      ""
    ],
    "src": "data/js/programs_all/sca-/sails-ckeditor-sample/assets/ckeditor/plugins/link/dialogs/anchor.js : 24 - 24",
    "filename": "data/js/programs_all/sca-/sails-ckeditor-sample/assets/ckeditor/plugins/link/dialogs/anchor.js"
  },
  {
    "base": "",
    "callee": "ID:createFakeAnchor",
    "calleeLocation": "686670010160016",
    "arguments": [
      "ID:editor",
      "ID:createElement"
    ],
    "argumentLocations": [
      "686670010340006",
      "686670010420064"
    ],
    "argumentTypes": [
      "unknown",
      "unknown"
    ],
    "parameters": [
      "ID:editor",
      "ID:anchor"
    ],
    "src": "data/js/programs_all/sca-/sails-ckeditor-sample/assets/ckeditor/plugins/link/dialogs/anchor.js : 33 - 33",
    "filename": "data/js/programs_all/sca-/sails-ckeditor-sample/assets/ckeditor/plugins/link/dialogs/anchor.js"
  },
  {
    "base": "",
    "callee": "ID:createFakeAnchor",
    "calleeLocation": "686670018660016",
    "arguments": [
      "ID:editor",
      "ID:anchor"
    ],
    "argumentLocations": [
      "686670018840006",
      "686670018920006"
    ],
    "argumentTypes": [
      "unknown",
      "unknown"
    ],
    "parameters": [
      "ID:editor",
      "ID:anchor"
    ],
    "src": "data/js/programs_all/sca-/sails-ckeditor-sample/assets/ckeditor/plugins/link/dialogs/anchor.js : 55 - 55",
    "filename": "data/js/programs_all/sca-/sails-ckeditor-sample/assets/ckeditor/plugins/link/dialogs/anchor.js"
  },
  {
    "base": "ID:link",
    "callee": "ID:tryRestoreFakeAnchor",
    "calleeLocation": "686670026300020",
    "arguments": [
      "ID:editor",
      "ID:fullySelected"
    ],
    "argumentLocations": [
      "686670026520006",
      "686670026600013"
    ],
    "argumentTypes": [
      "unknown",
      "unknown"
    ],
    "parameters": [
      "",
      ""
    ],
    "src": "data/js/programs_all/sca-/sails-ckeditor-sample/assets/ckeditor/plugins/link/dialogs/anchor.js : 82 - 82",
    "filename": "data/js/programs_all/sca-/sails-ckeditor-sample/assets/ckeditor/plugins/link/dialogs/anchor.js"
  },
  {
    "base": "ID:loadElements",
    "callee": "ID:call",
    "calleeLocation": "686670027110004",
    "arguments": [
      "LIT:this",
      "ID:realElement"
    ],
    "argumentLocations": [
      "686670027170004",
      "686670027230011"
    ],
    "argumentTypes": [
      "object",
      "unknown"
    ],
    "parameters": [
      "",
      ""
    ],
    "src": "data/js/programs_all/sca-/sails-ckeditor-sample/assets/ckeditor/plugins/link/dialogs/anchor.js : 83 - 83",
    "filename": "data/js/programs_all/sca-/sails-ckeditor-sample/assets/ckeditor/plugins/link/dialogs/anchor.js"
  },
  {
    "base": "ID:loadElements",
    "callee": "ID:call",
    "calleeLocation": "686670028860004",
    "arguments": [
      "LIT:this",
      "ID:fullySelected"
    ],
    "argumentLocations": [
      "686670028920004",
      "686670028980013"
    ],
    "argumentTypes": [
      "object",
      "unknown"
    ],
    "parameters": [
      "",
      ""
    ],
    "src": "data/js/programs_all/sca-/sails-ckeditor-sample/assets/ckeditor/plugins/link/dialogs/anchor.js : 86 - 86",
    "filename": "data/js/programs_all/sca-/sails-ckeditor-sample/assets/ckeditor/plugins/link/dialogs/anchor.js"
  },
  {
    "base": "ID:loadElements",
    "callee": "ID:call",
    "calleeLocation": "686670030490004",
    "arguments": [
      "LIT:this",
      "ID:partialSelected"
    ],
    "argumentLocations": [
      "686670030550004",
      "686670030610015"
    ],
    "argumentTypes": [
      "object",
      "unknown"
    ],
    "parameters": [
      "",
      ""
    ],
    "src": "data/js/programs_all/sca-/sails-ckeditor-sample/assets/ckeditor/plugins/link/dialogs/anchor.js : 90 - 90",
    "filename": "data/js/programs_all/sca-/sails-ckeditor-sample/assets/ckeditor/plugins/link/dialogs/anchor.js"
  },
  {
    "base": "LIT:this",
    "callee": "ID:getContentElement",
    "calleeLocation": "686670031540017",
    "arguments": [
      "LIT:info",
      "LIT:txtName"
    ],
    "argumentLocations": [
      "686670031730006",
      "686670031810009"
    ],
    "argumentTypes": [
      "string",
      "string"
    ],
    "parameters": [
      "",
      ""
    ],
    "src": "data/js/programs_all/sca-/sails-ckeditor-sample/assets/ckeditor/plugins/link/dialogs/anchor.js : 95 - 95",
    "filename": "data/js/programs_all/sca-/sails-ckeditor-sample/assets/ckeditor/plugins/link/dialogs/anchor.js"
  },
  {
    "base": "ID:body",
    "callee": "ID:setAttribute",
    "calleeLocation": "687850025130012",
    "arguments": [
      "LIT:contentEditable",
      "LIT:false"
    ],
    "argumentLocations": [
      "687850025270017",
      "687850025460005"
    ],
    "argumentTypes": [
      "string",
      "boolean"
    ],
    "parameters": [
      "",
      ""
    ],
    "src": "data/js/programs_all/sca-/sails-ckeditor-sample/assets/ckeditor/plugins/maximize/plugin.js : 83 - 83",
    "filename": "data/js/programs_all/sca-/sails-ckeditor-sample/assets/ckeditor/plugins/maximize/plugin.js"
  },
  {
    "base": "ID:body",
    "callee": "ID:setAttribute",
    "calleeLocation": "687850025650012",
    "arguments": [
      "LIT:contentEditable",
      "LIT:true"
    ],
    "argumentLocations": [
      "687850025790017",
      "687850025980004"
    ],
    "argumentTypes": [
      "string",
      "boolean"
    ],
    "parameters": [
      "",
      ""
    ],
    "src": "data/js/programs_all/sca-/sails-ckeditor-sample/assets/ckeditor/plugins/maximize/plugin.js : 84 - 84",
    "filename": "data/js/programs_all/sca-/sails-ckeditor-sample/assets/ckeditor/plugins/maximize/plugin.js"
  },
  {
    "base": "ID:editor",
    "callee": "ID:resize",
    "calleeLocation": "687850036840006",
    "arguments": [
      "ID:width",
      "ID:height",
      "LIT:null",
      "LIT:true"
    ],
    "argumentLocations": [
      "687850036920018",
      "687850037120019",
      "687850037330004",
      "687850037390004"
    ],
    "argumentTypes": [
      "unknown",
      "unknown",
      "null",
      "boolean"
    ],
    "parameters": [
      "",
      "",
      "",
      ""
    ],
    "src": "data/js/programs_all/sca-/sails-ckeditor-sample/assets/ckeditor/plugins/maximize/plugin.js : 116 - 116",
    "filename": "data/js/programs_all/sca-/sails-ckeditor-sample/assets/ckeditor/plugins/maximize/plugin.js"
  },
  {
    "base": "ID:mainWindow",
    "callee": "ID:on",
    "calleeLocation": "687850048160002",
    "arguments": [
      "LIT:resize",
      "ID:resizeHandler"
    ],
    "argumentLocations": [
      "687850048200008",
      "687850048300013"
    ],
    "argumentTypes": [
      "string",
      "unknown"
    ],
    "parameters": [
      "",
      ""
    ],
    "src": "data/js/programs_all/sca-/sails-ckeditor-sample/assets/ckeditor/plugins/maximize/plugin.js : 145 - 145",
    "filename": "data/js/programs_all/sca-/sails-ckeditor-sample/assets/ckeditor/plugins/maximize/plugin.js"
  },
  {
    "base": "ID:currentNode",
    "callee": "ID:setCustomData",
    "calleeLocation": "687850051300013",
    "arguments": [
      "LIT:maximize_saved_styles",
      "ID:saveStyles"
    ],
    "argumentLocations": [
      "687850051450023",
      "687850051700025"
    ],
    "argumentTypes": [
      "string",
      "unknown"
    ],
    "parameters": [
      "",
      ""
    ],
    "src": "data/js/programs_all/sca-/sails-ckeditor-sample/assets/ckeditor/plugins/maximize/plugin.js : 153 - 153",
    "filename": "data/js/programs_all/sca-/sails-ckeditor-sample/assets/ckeditor/plugins/maximize/plugin.js"
  },
  {
    "base": "ID:contents",
    "callee": "ID:setCustomData",
    "calleeLocation": "687850053640013",
    "arguments": [
      "LIT:maximize_saved_styles",
      "ID:saveStyles"
    ],
    "argumentLocations": [
      "687850053790023",
      "687850054040028"
    ],
    "argumentTypes": [
      "string",
      "unknown"
    ],
    "parameters": [
      "",
      ""
    ],
    "src": "data/js/programs_all/sca-/sails-ckeditor-sample/assets/ckeditor/plugins/maximize/plugin.js : 157 - 157",
    "filename": "data/js/programs_all/sca-/sails-ckeditor-sample/assets/ckeditor/plugins/maximize/plugin.js"
  },
  {
    "base": "",
    "callee": "ID:saveStyles",
    "calleeLocation": "687850054040010",
    "arguments": [
      "ID:contents",
      "LIT:true"
    ],
    "argumentLocations": [
      "687850054160008",
      "687850054260004"
    ],
    "argumentTypes": [
      "unknown",
      "boolean"
    ],
    "parameters": [
      "ID:element",
      "ID:isInsideEditor"
    ],
    "src": "data/js/programs_all/sca-/sails-ckeditor-sample/assets/ckeditor/plugins/maximize/plugin.js : 157 - 157",
    "filename": "data/js/programs_all/sca-/sails-ckeditor-sample/assets/ckeditor/plugins/maximize/plugin.js"
  },
  {
    "base": "ID:container",
    "callee": "ID:setCustomData",
    "calleeLocation": "687850054530013",
    "arguments": [
      "LIT:maximize_saved_styles",
      "ID:saveStyles"
    ],
    "argumentLocations": [
      "687850054680023",
      "687850054930029"
    ],
    "argumentTypes": [
      "string",
      "unknown"
    ],
    "parameters": [
      "",
      ""
    ],
    "src": "data/js/programs_all/sca-/sails-ckeditor-sample/assets/ckeditor/plugins/maximize/plugin.js : 158 - 158",
    "filename": "data/js/programs_all/sca-/sails-ckeditor-sample/assets/ckeditor/plugins/maximize/plugin.js"
  },
  {
    "base": "",
    "callee": "ID:saveStyles",
    "calleeLocation": "687850054930010",
    "arguments": [
      "ID:container",
      "LIT:true"
    ],
    "argumentLocations": [
      "687850055050009",
      "687850055160004"
    ],
    "argumentTypes": [
      "unknown",
      "boolean"
    ],
    "parameters": [
      "ID:element",
      "ID:isInsideEditor"
    ],
    "src": "data/js/programs_all/sca-/sails-ckeditor-sample/assets/ckeditor/plugins/maximize/plugin.js : 158 - 158",
    "filename": "data/js/programs_all/sca-/sails-ckeditor-sample/assets/ckeditor/plugins/maximize/plugin.js"
  },
  {
    "base": "ID:getDocumentElement",
    "callee": "ID:setStyle",
    "calleeLocation": "687850058160008",
    "arguments": [
      "LIT:position",
      "LIT:fixed"
    ],
    "argumentLocations": [
      "687850058260010",
      "687850058380007"
    ],
    "argumentTypes": [
      "string",
      "string"
    ],
    "parameters": [
      "",
      ""
    ],
    "src": "data/js/programs_all/sca-/sails-ckeditor-sample/assets/ckeditor/plugins/maximize/plugin.js : 168 - 168",
    "filename": "data/js/programs_all/sca-/sails-ckeditor-sample/assets/ckeditor/plugins/maximize/plugin.js"
  },
  {
    "base": "ID:$",
    "callee": "ID:scrollTo",
    "calleeLocation": "687850060930008",
    "arguments": [
      "LIT:0",
      "LIT:0"
    ],
    "argumentLocations": [
      "687850061030001",
      "687850061060001"
    ],
    "argumentTypes": [
      "number",
      "number"
    ],
    "parameters": [
      "",
      ""
    ],
    "src": "data/js/programs_all/sca-/sails-ckeditor-sample/assets/ckeditor/plugins/maximize/plugin.js : 173 - 173",
    "filename": "data/js/programs_all/sca-/sails-ckeditor-sample/assets/ckeditor/plugins/maximize/plugin.js"
  },
  {
    "base": "ID:$",
    "callee": "ID:scrollTo",
    "calleeLocation": "687850061400008",
    "arguments": [
      "LIT:0",
      "LIT:0"
    ],
    "argumentLocations": [
      "687850061500001",
      "687850061530001"
    ],
    "argumentTypes": [
      "number",
      "number"
    ],
    "parameters": [
      "",
      ""
    ],
    "src": "data/js/programs_all/sca-/sails-ckeditor-sample/assets/ckeditor/plugins/maximize/plugin.js : 174 - 174",
    "filename": "data/js/programs_all/sca-/sails-ckeditor-sample/assets/ckeditor/plugins/maximize/plugin.js"
  },
  {
    "base": "ID:mainWindow",
    "callee": "ID:removeListener",
    "calleeLocation": "687850073200014",
    "arguments": [
      "LIT:resize",
      "ID:resizeHandler"
    ],
    "argumentLocations": [
      "687850073360008",
      "687850073460013"
    ],
    "argumentTypes": [
      "string",
      "unknown"
    ],
    "parameters": [
      "",
      ""
    ],
    "src": "data/js/programs_all/sca-/sails-ckeditor-sample/assets/ckeditor/plugins/maximize/plugin.js : 205 - 205",
    "filename": "data/js/programs_all/sca-/sails-ckeditor-sample/assets/ckeditor/plugins/maximize/plugin.js"
  },
  {
    "base": "",
    "callee": "ID:restoreStyles",
    "calleeLocation": "687850075400013",
    "arguments": [
      "ID:editorElements",
      "ID:getCustomData"
    ],
    "argumentLocations": [
      "687850075550019",
      "687850075760060"
    ],
    "argumentTypes": [
      "unknown",
      "unknown"
    ],
    "parameters": [
      "ID:element",
      "ID:savedStyles"
    ],
    "src": "data/js/programs_all/sca-/sails-ckeditor-sample/assets/ckeditor/plugins/maximize/plugin.js : 210 - 210",
    "filename": "data/js/programs_all/sca-/sails-ckeditor-sample/assets/ckeditor/plugins/maximize/plugin.js"
  },
  {
    "base": "",
    "callee": "ID:restoreStyles",
    "calleeLocation": "687850078320013",
    "arguments": [
      "ID:currentNode",
      "ID:getCustomData"
    ],
    "argumentLocations": [
      "687850078470011",
      "687850078600052"
    ],
    "argumentTypes": [
      "unknown",
      "unknown"
    ],
    "parameters": [
      "ID:element",
      "ID:savedStyles"
    ],
    "src": "data/js/programs_all/sca-/sails-ckeditor-sample/assets/ckeditor/plugins/maximize/plugin.js : 216 - 216",
    "filename": "data/js/programs_all/sca-/sails-ckeditor-sample/assets/ckeditor/plugins/maximize/plugin.js"
  },
  {
    "base": "ID:$",
    "callee": "ID:scrollTo",
    "calleeLocation": "687850081090008",
    "arguments": [
      "ID:x",
      "ID:y"
    ],
    "argumentLocations": [
      "687850081190013",
      "687850081340013"
    ],
    "argumentTypes": [
      "unknown",
      "unknown"
    ],
    "parameters": [
      "",
      ""
    ],
    "src": "data/js/programs_all/sca-/sails-ckeditor-sample/assets/ckeditor/plugins/maximize/plugin.js : 222 - 222",
    "filename": "data/js/programs_all/sca-/sails-ckeditor-sample/assets/ckeditor/plugins/maximize/plugin.js"
  },
  {
    "base": "ID:$",
    "callee": "ID:scrollTo",
    "calleeLocation": "687850081800008",
    "arguments": [
      "ID:x",
      "ID:y"
    ],
    "argumentLocations": [
      "687850081900013",
      "687850082050013"
    ],
    "argumentTypes": [
      "unknown",
      "unknown"
    ],
    "parameters": [
      "",
      ""
    ],
    "src": "data/js/programs_all/sca-/sails-ckeditor-sample/assets/ckeditor/plugins/maximize/plugin.js : 223 - 223",
    "filename": "data/js/programs_all/sca-/sails-ckeditor-sample/assets/ckeditor/plugins/maximize/plugin.js"
  },
  {
    "base": "ID:container",
    "callee": "ID:setStyle",
    "calleeLocation": "687850084310008",
    "arguments": [
      "LIT:display",
      "LIT:inline"
    ],
    "argumentLocations": [
      "687850084410009",
      "687850084520008"
    ],
    "argumentTypes": [
      "string",
      "string"
    ],
    "parameters": [
      "",
      ""
    ],
    "src": "data/js/programs_all/sca-/sails-ckeditor-sample/assets/ckeditor/plugins/maximize/plugin.js : 230 - 230",
    "filename": "data/js/programs_all/sca-/sails-ckeditor-sample/assets/ckeditor/plugins/maximize/plugin.js"
  },
  {
    "base": "ID:container",
    "callee": "ID:setStyle",
    "calleeLocation": "687850085160008",
    "arguments": [
      "LIT:display",
      "LIT:block"
    ],
    "argumentLocations": [
      "687850085260009",
      "687850085370007"
    ],
    "argumentTypes": [
      "string",
      "string"
    ],
    "parameters": [
      "",
      ""
    ],
    "src": "data/js/programs_all/sca-/sails-ckeditor-sample/assets/ckeditor/plugins/maximize/plugin.js : 232 - 232",
    "filename": "data/js/programs_all/sca-/sails-ckeditor-sample/assets/ckeditor/plugins/maximize/plugin.js"
  },
  {
    "base": "ID:buttonNode",
    "callee": "ID:setAttribute",
    "calleeLocation": "687850091370012",
    "arguments": [
      "LIT:title",
      "ID:label"
    ],
    "argumentLocations": [
      "687850091510007",
      "687850091600005"
    ],
    "argumentTypes": [
      "string",
      "unknown"
    ],
    "parameters": [
      "",
      ""
    ],
    "src": "data/js/programs_all/sca-/sails-ckeditor-sample/assets/ckeditor/plugins/maximize/plugin.js : 250 - 250",
    "filename": "data/js/programs_all/sca-/sails-ckeditor-sample/assets/ckeditor/plugins/maximize/plugin.js"
  },
  {
    "base": "ID:$",
    "callee": "ID:scrollTo",
    "calleeLocation": "687850097430008",
    "arguments": [
      "ID:x",
      "ID:y"
    ],
    "argumentLocations": [
      "687850097530013",
      "687850097680013"
    ],
    "argumentTypes": [
      "unknown",
      "unknown"
    ],
    "parameters": [
      "",
      ""
    ],
    "src": "data/js/programs_all/sca-/sails-ckeditor-sample/assets/ckeditor/plugins/maximize/plugin.js : 264 - 264",
    "filename": "data/js/programs_all/sca-/sails-ckeditor-sample/assets/ckeditor/plugins/maximize/plugin.js"
  },
  {
    "base": "ID:editor",
    "callee": "ID:fire",
    "calleeLocation": "687850101440004",
    "arguments": [
      "LIT:maximize",
      "ID:state"
    ],
    "argumentLocations": [
      "687850101500010",
      "687850101620010"
    ],
    "argumentTypes": [
      "string",
      "unknown"
    ],
    "parameters": [
      "",
      ""
    ],
    "src": "data/js/programs_all/sca-/sails-ckeditor-sample/assets/ckeditor/plugins/maximize/plugin.js : 277 - 277",
    "filename": "data/js/programs_all/sca-/sails-ckeditor-sample/assets/ckeditor/plugins/maximize/plugin.js"
  }
]