[
  {
    "base": "ID:editor",
    "callee": "ID:addCommand",
    "calleeLocation": "688540013550010",
    "arguments": [
      "ID:commandName",
      "ID:pasteTextCmd"
    ],
    "argumentLocations": [
      "688540013670011",
      "688540013800012"
    ],
    "argumentTypes": [
      "unknown",
      "unknown"
    ],
    "parameters": [
      "",
      ""
    ],
    "src": "data/js/programs_all/sca-/sails-ckeditor-sample/assets/ckeditor/plugins/pastetext/plugin.js : 40 - 40",
    "filename": "data/js/programs_all/sca-/sails-ckeditor-sample/assets/ckeditor/plugins/pastetext/plugin.js"
  }
]