[
  {
    "base": "ID:Object",
    "callee": "ID:getOwnPropertyDescriptor",
    "calleeLocation": "700710003300024",
    "arguments": [
      "ID:prototype",
      "LIT:reduce"
    ],
    "argumentLocations": [
      "700710003550015",
      "700710003720008"
    ],
    "argumentTypes": [
      "unknown",
      "string"
    ],
    "parameters": [
      "",
      ""
    ],
    "src": "data/js/programs_all/sebastienros/jint/Jint.Tests.Ecma/TestCases/ch08/8.12/8.12.5/8.12.5-3-b_1.js : 10 - 10",
    "filename": "data/js/programs_all/sebastienros/jint/Jint.Tests.Ecma/TestCases/ch08/8.12/8.12.5/8.12.5-3-b_1.js"
  },
  {
    "base": "ID:Object",
    "callee": "ID:getOwnPropertyDescriptor",
    "calleeLocation": "700710004900024",
    "arguments": [
      "ID:prototype",
      "LIT:reduce"
    ],
    "argumentLocations": [
      "700710005150015",
      "700710005320008"
    ],
    "argumentTypes": [
      "unknown",
      "string"
    ],
    "parameters": [
      "",
      ""
    ],
    "src": "data/js/programs_all/sebastienros/jint/Jint.Tests.Ecma/TestCases/ch08/8.12/8.12.5/8.12.5-3-b_1.js : 15 - 15",
    "filename": "data/js/programs_all/sebastienros/jint/Jint.Tests.Ecma/TestCases/ch08/8.12/8.12.5/8.12.5-3-b_1.js"
  },
  {
    "base": "ID:Object",
    "callee": "ID:getOwnPropertyDescriptor",
    "calleeLocation": "700720004420024",
    "arguments": [
      "ID:tempObj",
      "LIT:reduce"
    ],
    "argumentLocations": [
      "700720004670007",
      "700720004760008"
    ],
    "argumentTypes": [
      "unknown",
      "string"
    ],
    "parameters": [
      "",
      ""
    ],
    "src": "data/js/programs_all/sebastienros/jint/Jint.Tests.Ecma/TestCases/ch08/8.12/8.12.5/8.12.5-3-b_2.js : 13 - 13",
    "filename": "data/js/programs_all/sebastienros/jint/Jint.Tests.Ecma/TestCases/ch08/8.12/8.12.5/8.12.5-3-b_2.js"
  },
  {
    "base": "ID:Object",
    "callee": "ID:getOwnPropertyDescriptor",
    "calleeLocation": "700720005750024",
    "arguments": [
      "ID:tempObj",
      "LIT:reduce"
    ],
    "argumentLocations": [
      "700720006000007",
      "700720006090008"
    ],
    "argumentTypes": [
      "unknown",
      "string"
    ],
    "parameters": [
      "",
      ""
    ],
    "src": "data/js/programs_all/sebastienros/jint/Jint.Tests.Ecma/TestCases/ch08/8.12/8.12.5/8.12.5-3-b_2.js : 19 - 19",
    "filename": "data/js/programs_all/sebastienros/jint/Jint.Tests.Ecma/TestCases/ch08/8.12/8.12.5/8.12.5-3-b_2.js"
  },
  {
    "base": "ID:Object",
    "callee": "ID:getOwnPropertyDescriptor",
    "calleeLocation": "700760006000024",
    "arguments": [
      "ID:o",
      "LIT:foo"
    ],
    "argumentLocations": [
      "700760006250001",
      "700760006280005"
    ],
    "argumentTypes": [
      "unknown",
      "string"
    ],
    "parameters": [
      "",
      ""
    ],
    "src": "data/js/programs_all/sebastienros/jint/Jint.Tests.Ecma/TestCases/ch08/8.12/8.12.9/8.12.9-9-c-i_2.js : 18 - 18",
    "filename": "data/js/programs_all/sebastienros/jint/Jint.Tests.Ecma/TestCases/ch08/8.12/8.12.9/8.12.9-9-c-i_2.js"
  },
  {
    "base": "ID:Math",
    "callee": "ID:pow",
    "calleeLocation": "700850003950003",
    "arguments": [
      "LIT:2",
      "LIT:52"
    ],
    "argumentLocations": [
      "700850003990001",
      "700850004010002"
    ],
    "argumentTypes": [
      "number",
      "number"
    ],
    "parameters": [
      "",
      ""
    ],
    "src": "data/js/programs_all/sebastienros/jint/Jint.Tests.Ecma/TestCases/ch08/8.5/S8.5_A13_T2.js : 12 - 12",
    "filename": "data/js/programs_all/sebastienros/jint/Jint.Tests.Ecma/TestCases/ch08/8.5/S8.5_A13_T2.js"
  },
  {
    "base": "ID:Math",
    "callee": "ID:pow",
    "calleeLocation": "700850004120003",
    "arguments": [
      "LIT:2",
      "LIT:971"
    ],
    "argumentLocations": [
      "700850004160001",
      "700850004180003"
    ],
    "argumentTypes": [
      "number",
      "number"
    ],
    "parameters": [
      "",
      ""
    ],
    "src": "data/js/programs_all/sebastienros/jint/Jint.Tests.Ecma/TestCases/ch08/8.5/S8.5_A13_T2.js : 12 - 12",
    "filename": "data/js/programs_all/sebastienros/jint/Jint.Tests.Ecma/TestCases/ch08/8.5/S8.5_A13_T2.js"
  },
  {
    "base": "ID:Math",
    "callee": "ID:pow",
    "calleeLocation": "700850005550003",
    "arguments": [
      "LIT:2",
      "LIT:52"
    ],
    "argumentLocations": [
      "700850005590001",
      "700850005610002"
    ],
    "argumentTypes": [
      "number",
      "number"
    ],
    "parameters": [
      "",
      ""
    ],
    "src": "data/js/programs_all/sebastienros/jint/Jint.Tests.Ecma/TestCases/ch08/8.5/S8.5_A13_T2.js : 13 - 13",
    "filename": "data/js/programs_all/sebastienros/jint/Jint.Tests.Ecma/TestCases/ch08/8.5/S8.5_A13_T2.js"
  },
  {
    "base": "ID:Math",
    "callee": "ID:pow",
    "calleeLocation": "700850005720003",
    "arguments": [
      "LIT:2",
      "LIT:971"
    ],
    "argumentLocations": [
      "700850005760001",
      "700850005780003"
    ],
    "argumentTypes": [
      "number",
      "number"
    ],
    "parameters": [
      "",
      ""
    ],
    "src": "data/js/programs_all/sebastienros/jint/Jint.Tests.Ecma/TestCases/ch08/8.5/S8.5_A13_T2.js : 13 - 13",
    "filename": "data/js/programs_all/sebastienros/jint/Jint.Tests.Ecma/TestCases/ch08/8.5/S8.5_A13_T2.js"
  },
  {
    "base": "ID:Math",
    "callee": "ID:pow",
    "calleeLocation": "700850006170003",
    "arguments": [
      "LIT:2",
      "LIT:53"
    ],
    "argumentLocations": [
      "700850006210001",
      "700850006230002"
    ],
    "argumentTypes": [
      "number",
      "number"
    ],
    "parameters": [
      "",
      ""
    ],
    "src": "data/js/programs_all/sebastienros/jint/Jint.Tests.Ecma/TestCases/ch08/8.5/S8.5_A13_T2.js : 17 - 17",
    "filename": "data/js/programs_all/sebastienros/jint/Jint.Tests.Ecma/TestCases/ch08/8.5/S8.5_A13_T2.js"
  },
  {
    "base": "ID:Math",
    "callee": "ID:pow",
    "calleeLocation": "700850006370003",
    "arguments": [
      "LIT:2",
      "LIT:971"
    ],
    "argumentLocations": [
      "700850006410001",
      "700850006430003"
    ],
    "argumentTypes": [
      "number",
      "number"
    ],
    "parameters": [
      "",
      ""
    ],
    "src": "data/js/programs_all/sebastienros/jint/Jint.Tests.Ecma/TestCases/ch08/8.5/S8.5_A13_T2.js : 17 - 17",
    "filename": "data/js/programs_all/sebastienros/jint/Jint.Tests.Ecma/TestCases/ch08/8.5/S8.5_A13_T2.js"
  },
  {
    "base": "ID:Math",
    "callee": "ID:pow",
    "calleeLocation": "700850007890003",
    "arguments": [
      "LIT:2",
      "LIT:53"
    ],
    "argumentLocations": [
      "700850007930001",
      "700850007950002"
    ],
    "argumentTypes": [
      "number",
      "number"
    ],
    "parameters": [
      "",
      ""
    ],
    "src": "data/js/programs_all/sebastienros/jint/Jint.Tests.Ecma/TestCases/ch08/8.5/S8.5_A13_T2.js : 18 - 18",
    "filename": "data/js/programs_all/sebastienros/jint/Jint.Tests.Ecma/TestCases/ch08/8.5/S8.5_A13_T2.js"
  },
  {
    "base": "ID:Math",
    "callee": "ID:pow",
    "calleeLocation": "700850008090003",
    "arguments": [
      "LIT:2",
      "LIT:971"
    ],
    "argumentLocations": [
      "700850008130001",
      "700850008150003"
    ],
    "argumentTypes": [
      "number",
      "number"
    ],
    "parameters": [
      "",
      ""
    ],
    "src": "data/js/programs_all/sebastienros/jint/Jint.Tests.Ecma/TestCases/ch08/8.5/S8.5_A13_T2.js : 18 - 18",
    "filename": "data/js/programs_all/sebastienros/jint/Jint.Tests.Ecma/TestCases/ch08/8.5/S8.5_A13_T2.js"
  },
  {
    "base": "ID:Math",
    "callee": "ID:pow",
    "calleeLocation": "700850008540003",
    "arguments": [
      "LIT:2",
      "LIT:52"
    ],
    "argumentLocations": [
      "700850008580001",
      "700850008600002"
    ],
    "argumentTypes": [
      "number",
      "number"
    ],
    "parameters": [
      "",
      ""
    ],
    "src": "data/js/programs_all/sebastienros/jint/Jint.Tests.Ecma/TestCases/ch08/8.5/S8.5_A13_T2.js : 22 - 22",
    "filename": "data/js/programs_all/sebastienros/jint/Jint.Tests.Ecma/TestCases/ch08/8.5/S8.5_A13_T2.js"
  },
  {
    "base": "ID:Math",
    "callee": "ID:pow",
    "calleeLocation": "700850008710003",
    "arguments": [
      "LIT:2",
      "LIT:971"
    ],
    "argumentLocations": [
      "700850008750001",
      "700850008770003"
    ],
    "argumentTypes": [
      "number",
      "number"
    ],
    "parameters": [
      "",
      ""
    ],
    "src": "data/js/programs_all/sebastienros/jint/Jint.Tests.Ecma/TestCases/ch08/8.5/S8.5_A13_T2.js : 22 - 22",
    "filename": "data/js/programs_all/sebastienros/jint/Jint.Tests.Ecma/TestCases/ch08/8.5/S8.5_A13_T2.js"
  },
  {
    "base": "ID:Math",
    "callee": "ID:pow",
    "calleeLocation": "700850010180003",
    "arguments": [
      "LIT:2",
      "LIT:52"
    ],
    "argumentLocations": [
      "700850010220001",
      "700850010240002"
    ],
    "argumentTypes": [
      "number",
      "number"
    ],
    "parameters": [
      "",
      ""
    ],
    "src": "data/js/programs_all/sebastienros/jint/Jint.Tests.Ecma/TestCases/ch08/8.5/S8.5_A13_T2.js : 23 - 23",
    "filename": "data/js/programs_all/sebastienros/jint/Jint.Tests.Ecma/TestCases/ch08/8.5/S8.5_A13_T2.js"
  },
  {
    "base": "ID:Math",
    "callee": "ID:pow",
    "calleeLocation": "700850010350003",
    "arguments": [
      "LIT:2",
      "LIT:971"
    ],
    "argumentLocations": [
      "700850010390001",
      "700850010410003"
    ],
    "argumentTypes": [
      "number",
      "number"
    ],
    "parameters": [
      "",
      ""
    ],
    "src": "data/js/programs_all/sebastienros/jint/Jint.Tests.Ecma/TestCases/ch08/8.5/S8.5_A13_T2.js : 23 - 23",
    "filename": "data/js/programs_all/sebastienros/jint/Jint.Tests.Ecma/TestCases/ch08/8.5/S8.5_A13_T2.js"
  },
  {
    "base": "ID:Math",
    "callee": "ID:pow",
    "calleeLocation": "700860003620003",
    "arguments": [
      "LIT:2",
      "LIT:53"
    ],
    "argumentLocations": [
      "700860003660001",
      "700860003680002"
    ],
    "argumentTypes": [
      "number",
      "number"
    ],
    "parameters": [
      "",
      ""
    ],
    "src": "data/js/programs_all/sebastienros/jint/Jint.Tests.Ecma/TestCases/ch08/8.5/S8.5_A14_T1.js : 15 - 15",
    "filename": "data/js/programs_all/sebastienros/jint/Jint.Tests.Ecma/TestCases/ch08/8.5/S8.5_A14_T1.js"
  },
  {
    "base": "ID:Math",
    "callee": "ID:pow",
    "calleeLocation": "700860003790003",
    "arguments": [
      "LIT:2",
      "LIT:971"
    ],
    "argumentLocations": [
      "700860003830001",
      "700860003850003"
    ],
    "argumentTypes": [
      "number",
      "number"
    ],
    "parameters": [
      "",
      ""
    ],
    "src": "data/js/programs_all/sebastienros/jint/Jint.Tests.Ecma/TestCases/ch08/8.5/S8.5_A14_T1.js : 15 - 15",
    "filename": "data/js/programs_all/sebastienros/jint/Jint.Tests.Ecma/TestCases/ch08/8.5/S8.5_A14_T1.js"
  },
  {
    "base": "ID:Math",
    "callee": "ID:pow",
    "calleeLocation": "700860004960003",
    "arguments": [
      "LIT:2",
      "LIT:53"
    ],
    "argumentLocations": [
      "700860005000001",
      "700860005020002"
    ],
    "argumentTypes": [
      "number",
      "number"
    ],
    "parameters": [
      "",
      ""
    ],
    "src": "data/js/programs_all/sebastienros/jint/Jint.Tests.Ecma/TestCases/ch08/8.5/S8.5_A14_T1.js : 16 - 16",
    "filename": "data/js/programs_all/sebastienros/jint/Jint.Tests.Ecma/TestCases/ch08/8.5/S8.5_A14_T1.js"
  },
  {
    "base": "ID:Math",
    "callee": "ID:pow",
    "calleeLocation": "700860005130003",
    "arguments": [
      "LIT:2",
      "LIT:971"
    ],
    "argumentLocations": [
      "700860005170001",
      "700860005190003"
    ],
    "argumentTypes": [
      "number",
      "number"
    ],
    "parameters": [
      "",
      ""
    ],
    "src": "data/js/programs_all/sebastienros/jint/Jint.Tests.Ecma/TestCases/ch08/8.5/S8.5_A14_T1.js : 16 - 16",
    "filename": "data/js/programs_all/sebastienros/jint/Jint.Tests.Ecma/TestCases/ch08/8.5/S8.5_A14_T1.js"
  },
  {
    "base": "",
    "callee": "ID:addFirst2Second",
    "calleeLocation": "700970003550015",
    "arguments": [
      "ID:n",
      "ID:m"
    ],
    "argumentLocations": [
      "700970003710001",
      "700970003740001"
    ],
    "argumentTypes": [
      "unknown",
      "unknown"
    ],
    "parameters": [
      "ID:first",
      "ID:second"
    ],
    "src": "data/js/programs_all/sebastienros/jint/Jint.Tests.Ecma/TestCases/ch08/8.7/S8.7_A6.js : 14 - 14",
    "filename": "data/js/programs_all/sebastienros/jint/Jint.Tests.Ecma/TestCases/ch08/8.7/S8.7_A6.js"
  },
  {
    "base": "",
    "callee": "ID:dynaString",
    "calleeLocation": "701180004760010",
    "arguments": [
      "LIT:Infi",
      "LIT:nity"
    ],
    "argumentLocations": [
      "701180004870006",
      "701180004950006"
    ],
    "argumentTypes": [
      "string",
      "string"
    ],
    "parameters": [
      "ID:s1",
      "ID:s2"
    ],
    "src": "data/js/programs_all/sebastienros/jint/Jint.Tests.Ecma/TestCases/ch09/9.3/9.3.1/S9.3.1_A6_T2.js : 16 - 16",
    "filename": "data/js/programs_all/sebastienros/jint/Jint.Tests.Ecma/TestCases/ch09/9.3/9.3.1/S9.3.1_A6_T2.js"
  },
  {
    "base": "",
    "callee": "ID:dynaString",
    "calleeLocation": "701180006290010",
    "arguments": [
      "LIT:Infi",
      "LIT:nity"
    ],
    "argumentLocations": [
      "701180006400006",
      "701180006480006"
    ],
    "argumentTypes": [
      "string",
      "string"
    ],
    "parameters": [
      "ID:s1",
      "ID:s2"
    ],
    "src": "data/js/programs_all/sebastienros/jint/Jint.Tests.Ecma/TestCases/ch09/9.3/9.3.1/S9.3.1_A6_T2.js : 21 - 21",
    "filename": "data/js/programs_all/sebastienros/jint/Jint.Tests.Ecma/TestCases/ch09/9.3/9.3.1/S9.3.1_A6_T2.js"
  },
  {
    "base": "",
    "callee": "ID:dynaString",
    "calleeLocation": "701180007500010",
    "arguments": [
      "LIT:Infi",
      "LIT:nity"
    ],
    "argumentLocations": [
      "701180007610006",
      "701180007690006"
    ],
    "argumentTypes": [
      "string",
      "string"
    ],
    "parameters": [
      "ID:s1",
      "ID:s2"
    ],
    "src": "data/js/programs_all/sebastienros/jint/Jint.Tests.Ecma/TestCases/ch09/9.3/9.3.1/S9.3.1_A6_T2.js : 26 - 26",
    "filename": "data/js/programs_all/sebastienros/jint/Jint.Tests.Ecma/TestCases/ch09/9.3/9.3.1/S9.3.1_A6_T2.js"
  },
  {
    "base": "",
    "callee": "ID:dynaString",
    "calleeLocation": "701180008710010",
    "arguments": [
      "LIT:Infi",
      "LIT:nity"
    ],
    "argumentLocations": [
      "701180008820006",
      "701180008900006"
    ],
    "argumentTypes": [
      "string",
      "string"
    ],
    "parameters": [
      "ID:s1",
      "ID:s2"
    ],
    "src": "data/js/programs_all/sebastienros/jint/Jint.Tests.Ecma/TestCases/ch09/9.3/9.3.1/S9.3.1_A6_T2.js : 31 - 31",
    "filename": "data/js/programs_all/sebastienros/jint/Jint.Tests.Ecma/TestCases/ch09/9.3/9.3.1/S9.3.1_A6_T2.js"
  },
  {
    "base": "LIT:ab",
    "callee": "ID:replace",
    "calleeLocation": "701800003940007",
    "arguments": [
      "LIT:b",
      "ID:f"
    ],
    "argumentLocations": [
      "701800004020003",
      "701800004070001"
    ],
    "argumentTypes": [
      "string",
      "unknown"
    ],
    "parameters": [
      "",
      ""
    ],
    "src": "data/js/programs_all/sebastienros/jint/Jint.Tests.Ecma/TestCases/ch10/10.4/10.4.3/10.4.3-1-101-s.js : 16 - 16",
    "filename": "data/js/programs_all/sebastienros/jint/Jint.Tests.Ecma/TestCases/ch10/10.4/10.4.3/10.4.3-1-101-s.js"
  }
]