[
  {
    "base": "ID:Object",
    "callee": "ID:getOwnPropertyDescriptor",
    "calleeLocation": "708270002690024",
    "arguments": [
      "ID:prototype",
      "LIT:ignoreCase"
    ],
    "argumentLocations": [
      "708270002940016",
      "708270003120012"
    ],
    "argumentTypes": [
      "unknown",
      "string"
    ],
    "parameters": [
      "",
      ""
    ],
    "src": "data/js/programs_all/sebastienros/jint/Jint.Tests.Ecma/TestCases/ch15/15.10/15.10.7/15.10.7.3/15.10.7.3-2.js : 9 - 9",
    "filename": "data/js/programs_all/sebastienros/jint/Jint.Tests.Ecma/TestCases/ch15/15.10/15.10.7/15.10.7.3/15.10.7.3-2.js"
  },
  {
    "base": "",
    "callee": "ID:RegExp",
    "calleeLocation": "708310003080006",
    "arguments": [
      "LIT:a|b",
      "LIT:g"
    ],
    "argumentLocations": [
      "708310003150005",
      "708310003210003"
    ],
    "argumentTypes": [
      "string",
      "string"
    ],
    "parameters": [
      "",
      ""
    ],
    "src": "data/js/programs_all/sebastienros/jint/Jint.Tests.Ecma/TestCases/ch15/15.10/15.10.7/S15.10.7_A1_T2.js : 11 - 11",
    "filename": "data/js/programs_all/sebastienros/jint/Jint.Tests.Ecma/TestCases/ch15/15.10/15.10.7/S15.10.7_A1_T2.js"
  },
  {
    "base": "ID:Object",
    "callee": "ID:getOwnPropertyDescriptor",
    "calleeLocation": "708430004620024",
    "arguments": [
      "ID:o",
      "LIT:stringify"
    ],
    "argumentLocations": [
      "708430004870001",
      "708430004900011"
    ],
    "argumentTypes": [
      "unknown",
      "string"
    ],
    "parameters": [
      "",
      ""
    ],
    "src": "data/js/programs_all/sebastienros/jint/Jint.Tests.Ecma/TestCases/ch15/15.12/15.12.3/15.12.3-0-3.js : 14 - 14",
    "filename": "data/js/programs_all/sebastienros/jint/Jint.Tests.Ecma/TestCases/ch15/15.12/15.12.3/15.12.3-0-3.js"
  },
  {
    "base": "ID:JSON",
    "callee": "ID:stringify",
    "calleeLocation": "708470003640009",
    "arguments": [
      "ID:obj",
      "LIT:null",
      "ID:obj"
    ],
    "argumentLocations": [
      "708470003740003",
      "708470003780004",
      "708470003840003"
    ],
    "argumentTypes": [
      "unknown",
      "null",
      "unknown"
    ],
    "parameters": [
      "",
      "",
      ""
    ],
    "src": "data/js/programs_all/sebastienros/jint/Jint.Tests.Ecma/TestCases/ch15/15.12/15.12.3/15.12.3-8-a-5.js : 10 - 10",
    "filename": "data/js/programs_all/sebastienros/jint/Jint.Tests.Ecma/TestCases/ch15/15.12/15.12.3/15.12.3-8-a-5.js"
  },
  {
    "base": "ID:Object",
    "callee": "ID:getOwnPropertyDescriptor",
    "calleeLocation": "708880003400024",
    "arguments": [
      "ID:array",
      "LIT:0"
    ],
    "argumentLocations": [
      "708880003650005",
      "708880003720003"
    ],
    "argumentTypes": [
      "unknown",
      "string"
    ],
    "parameters": [
      "",
      ""
    ],
    "src": "data/js/programs_all/sebastienros/jint/Jint.Tests.Ecma/TestCases/ch15/15.2/15.2.3/15.2.3.14/15.2.3.14-5-a-1.js : 13 - 13",
    "filename": "data/js/programs_all/sebastienros/jint/Jint.Tests.Ecma/TestCases/ch15/15.2/15.2.3/15.2.3.14/15.2.3.14-5-a-1.js"
  },
  {
    "base": "ID:Object",
    "callee": "ID:getOwnPropertyDescriptor",
    "calleeLocation": "708990002680024",
    "arguments": [
      "LIT:0",
      "LIT:foo"
    ],
    "argumentLocations": [
      "708990002930001",
      "708990002960005"
    ],
    "argumentTypes": [
      "number",
      "string"
    ],
    "parameters": [
      "",
      ""
    ],
    "src": "data/js/programs_all/sebastienros/jint/Jint.Tests.Ecma/TestCases/ch15/15.2/15.2.3/15.2.3.3/15.2.3.3-1.js : 10 - 10",
    "filename": "data/js/programs_all/sebastienros/jint/Jint.Tests.Ecma/TestCases/ch15/15.2/15.2.3/15.2.3.3/15.2.3.3-1.js"
  },
  {
    "base": "ID:Object",
    "callee": "ID:getOwnPropertyDescriptor",
    "calleeLocation": "709000003350024",
    "arguments": [
      "ID:obj",
      "ID:Infinity"
    ],
    "argumentLocations": [
      "709000003600003",
      "709000003650008"
    ],
    "argumentTypes": [
      "unknown",
      "unknown"
    ],
    "parameters": [
      "",
      ""
    ],
    "src": "data/js/programs_all/sebastienros/jint/Jint.Tests.Ecma/TestCases/ch15/15.2/15.2.3/15.2.3.3/15.2.3.3-2-13.js : 11 - 11",
    "filename": "data/js/programs_all/sebastienros/jint/Jint.Tests.Ecma/TestCases/ch15/15.2/15.2.3/15.2.3.3/15.2.3.3-2-13.js"
  },
  {
    "base": "ID:Object",
    "callee": "ID:getOwnPropertyDescriptor",
    "calleeLocation": "709010003450024",
    "arguments": [
      "ID:obj",
      "LIT:100000000000000000000"
    ],
    "argumentLocations": [
      "709010003700003",
      "709010003750005"
    ],
    "argumentTypes": [
      "unknown",
      "number"
    ],
    "parameters": [
      "",
      ""
    ],
    "src": "data/js/programs_all/sebastienros/jint/Jint.Tests.Ecma/TestCases/ch15/15.2/15.2.3/15.2.3.3/15.2.3.3-2-19.js : 11 - 11",
    "filename": "data/js/programs_all/sebastienros/jint/Jint.Tests.Ecma/TestCases/ch15/15.2/15.2.3/15.2.3.3/15.2.3.3-2-19.js"
  },
  {
    "base": "ID:Object",
    "callee": "ID:getOwnPropertyDescriptor",
    "calleeLocation": "709020003270024",
    "arguments": [
      "ID:obj",
      "LIT:1e+21"
    ],
    "argumentLocations": [
      "709020003520003",
      "709020003570005"
    ],
    "argumentTypes": [
      "unknown",
      "number"
    ],
    "parameters": [
      "",
      ""
    ],
    "src": "data/js/programs_all/sebastienros/jint/Jint.Tests.Ecma/TestCases/ch15/15.2/15.2.3/15.2.3.3/15.2.3.3-2-20.js : 11 - 11",
    "filename": "data/js/programs_all/sebastienros/jint/Jint.Tests.Ecma/TestCases/ch15/15.2/15.2.3/15.2.3.3/15.2.3.3-2-20.js"
  },
  {
    "base": "ID:Object",
    "callee": "ID:getOwnPropertyDescriptor",
    "calleeLocation": "709030003020024",
    "arguments": [
      "ID:obj",
      "LIT:null"
    ],
    "argumentLocations": [
      "709030003270003",
      "709030003320006"
    ],
    "argumentTypes": [
      "unknown",
      "string"
    ],
    "parameters": [
      "",
      ""
    ],
    "src": "data/js/programs_all/sebastienros/jint/Jint.Tests.Ecma/TestCases/ch15/15.2/15.2.3/15.2.3.3/15.2.3.3-2-35.js : 11 - 11",
    "filename": "data/js/programs_all/sebastienros/jint/Jint.Tests.Ecma/TestCases/ch15/15.2/15.2.3/15.2.3.3/15.2.3.3-2-35.js"
  },
  {
    "base": "ID:Object",
    "callee": "ID:getOwnPropertyDescriptor",
    "calleeLocation": "709040006130024",
    "arguments": [
      "ID:obj",
      "ID:ownProp"
    ],
    "argumentLocations": [
      "709040006380003",
      "709040006430007"
    ],
    "argumentTypes": [
      "unknown",
      "unknown"
    ],
    "parameters": [
      "",
      ""
    ],
    "src": "data/js/programs_all/sebastienros/jint/Jint.Tests.Ecma/TestCases/ch15/15.2/15.2.3/15.2.3.3/15.2.3.3-2-45.js : 22 - 22",
    "filename": "data/js/programs_all/sebastienros/jint/Jint.Tests.Ecma/TestCases/ch15/15.2/15.2.3/15.2.3.3/15.2.3.3-2-45.js"
  },
  {
    "base": "ID:Object",
    "callee": "ID:getOwnPropertyDescriptor",
    "calleeLocation": "709050005860024",
    "arguments": [
      "ID:child",
      "LIT:property"
    ],
    "argumentLocations": [
      "709050006110005",
      "709050006180010"
    ],
    "argumentTypes": [
      "unknown",
      "string"
    ],
    "parameters": [
      "",
      ""
    ],
    "src": "data/js/programs_all/sebastienros/jint/Jint.Tests.Ecma/TestCases/ch15/15.2/15.2.3/15.2.3.3/15.2.3.3-3-6.js : 24 - 24",
    "filename": "data/js/programs_all/sebastienros/jint/Jint.Tests.Ecma/TestCases/ch15/15.2/15.2.3/15.2.3.3/15.2.3.3-3-6.js"
  },
  {
    "base": "ID:Object",
    "callee": "ID:getOwnPropertyDescriptor",
    "calleeLocation": "709060002750024",
    "arguments": [
      "ID:Math",
      "LIT:exp"
    ],
    "argumentLocations": [
      "709060003000004",
      "709060003060005"
    ],
    "argumentTypes": [
      "unknown",
      "string"
    ],
    "parameters": [
      "",
      ""
    ],
    "src": "data/js/programs_all/sebastienros/jint/Jint.Tests.Ecma/TestCases/ch15/15.2/15.2.3/15.2.3.3/15.2.3.3-4-103.js : 9 - 9",
    "filename": "data/js/programs_all/sebastienros/jint/Jint.Tests.Ecma/TestCases/ch15/15.2/15.2.3/15.2.3.3/15.2.3.3-4-103.js"
  },
  {
    "base": "ID:Object",
    "callee": "ID:getOwnPropertyDescriptor",
    "calleeLocation": "709070002780024",
    "arguments": [
      "ID:Math",
      "LIT:random"
    ],
    "argumentLocations": [
      "709070003030004",
      "709070003090008"
    ],
    "argumentTypes": [
      "unknown",
      "string"
    ],
    "parameters": [
      "",
      ""
    ],
    "src": "data/js/programs_all/sebastienros/jint/Jint.Tests.Ecma/TestCases/ch15/15.2/15.2.3/15.2.3.3/15.2.3.3-4-109.js : 9 - 9",
    "filename": "data/js/programs_all/sebastienros/jint/Jint.Tests.Ecma/TestCases/ch15/15.2/15.2.3/15.2.3.3/15.2.3.3-4-109.js"
  },
  {
    "base": "ID:Object",
    "callee": "ID:getOwnPropertyDescriptor",
    "calleeLocation": "709080002770024",
    "arguments": [
      "ID:Math",
      "LIT:round"
    ],
    "argumentLocations": [
      "709080003020004",
      "709080003080007"
    ],
    "argumentTypes": [
      "unknown",
      "string"
    ],
    "parameters": [
      "",
      ""
    ],
    "src": "data/js/programs_all/sebastienros/jint/Jint.Tests.Ecma/TestCases/ch15/15.2/15.2.3/15.2.3.3/15.2.3.3-4-110.js : 9 - 9",
    "filename": "data/js/programs_all/sebastienros/jint/Jint.Tests.Ecma/TestCases/ch15/15.2/15.2.3/15.2.3.3/15.2.3.3-4-110.js"
  },
  {
    "base": "ID:Object",
    "callee": "ID:getOwnPropertyDescriptor",
    "calleeLocation": "709090002750024",
    "arguments": [
      "ID:Math",
      "LIT:tan"
    ],
    "argumentLocations": [
      "709090003000004",
      "709090003060005"
    ],
    "argumentTypes": [
      "unknown",
      "string"
    ],
    "parameters": [
      "",
      ""
    ],
    "src": "data/js/programs_all/sebastienros/jint/Jint.Tests.Ecma/TestCases/ch15/15.2/15.2.3/15.2.3.3/15.2.3.3-4-113.js : 9 - 9",
    "filename": "data/js/programs_all/sebastienros/jint/Jint.Tests.Ecma/TestCases/ch15/15.2/15.2.3/15.2.3.3/15.2.3.3-4-113.js"
  },
  {
    "base": "ID:Object",
    "callee": "ID:getOwnPropertyDescriptor",
    "calleeLocation": "709100002770024",
    "arguments": [
      "ID:Date",
      "LIT:parse"
    ],
    "argumentLocations": [
      "709100003020004",
      "709100003080007"
    ],
    "argumentTypes": [
      "unknown",
      "string"
    ],
    "parameters": [
      "",
      ""
    ],
    "src": "data/js/programs_all/sebastienros/jint/Jint.Tests.Ecma/TestCases/ch15/15.2/15.2.3/15.2.3.3/15.2.3.3-4-114.js : 9 - 9",
    "filename": "data/js/programs_all/sebastienros/jint/Jint.Tests.Ecma/TestCases/ch15/15.2/15.2.3/15.2.3.3/15.2.3.3-4-114.js"
  },
  {
    "base": "ID:Object",
    "callee": "ID:getOwnPropertyDescriptor",
    "calleeLocation": "709110002930024",
    "arguments": [
      "ID:prototype",
      "LIT:constructor"
    ],
    "argumentLocations": [
      "709110003180014",
      "709110003340013"
    ],
    "argumentTypes": [
      "unknown",
      "string"
    ],
    "parameters": [
      "",
      ""
    ],
    "src": "data/js/programs_all/sebastienros/jint/Jint.Tests.Ecma/TestCases/ch15/15.2/15.2.3/15.2.3.3/15.2.3.3-4-116.js : 9 - 9",
    "filename": "data/js/programs_all/sebastienros/jint/Jint.Tests.Ecma/TestCases/ch15/15.2/15.2.3/15.2.3.3/15.2.3.3-4-116.js"
  },
  {
    "base": "ID:Object",
    "callee": "ID:getOwnPropertyDescriptor",
    "calleeLocation": "709120002890024",
    "arguments": [
      "ID:prototype",
      "LIT:getDate"
    ],
    "argumentLocations": [
      "709120003140014",
      "709120003300009"
    ],
    "argumentTypes": [
      "unknown",
      "string"
    ],
    "parameters": [
      "",
      ""
    ],
    "src": "data/js/programs_all/sebastienros/jint/Jint.Tests.Ecma/TestCases/ch15/15.2/15.2.3/15.2.3.3/15.2.3.3-4-122.js : 9 - 9",
    "filename": "data/js/programs_all/sebastienros/jint/Jint.Tests.Ecma/TestCases/ch15/15.2/15.2.3/15.2.3.3/15.2.3.3-4-122.js"
  },
  {
    "base": "ID:Object",
    "callee": "ID:getOwnPropertyDescriptor",
    "calleeLocation": "709130002920024",
    "arguments": [
      "ID:prototype",
      "LIT:getMinutes"
    ],
    "argumentLocations": [
      "709130003170014",
      "709130003330012"
    ],
    "argumentTypes": [
      "unknown",
      "string"
    ],
    "parameters": [
      "",
      ""
    ],
    "src": "data/js/programs_all/sebastienros/jint/Jint.Tests.Ecma/TestCases/ch15/15.2/15.2.3/15.2.3.3/15.2.3.3-4-125.js : 9 - 9",
    "filename": "data/js/programs_all/sebastienros/jint/Jint.Tests.Ecma/TestCases/ch15/15.2/15.2.3/15.2.3.3/15.2.3.3-4-125.js"
  },
  {
    "base": "ID:Object",
    "callee": "ID:getOwnPropertyDescriptor",
    "calleeLocation": "709140002950024",
    "arguments": [
      "ID:prototype",
      "LIT:getUTCMinutes"
    ],
    "argumentLocations": [
      "709140003200014",
      "709140003360015"
    ],
    "argumentTypes": [
      "unknown",
      "string"
    ],
    "parameters": [
      "",
      ""
    ],
    "src": "data/js/programs_all/sebastienros/jint/Jint.Tests.Ecma/TestCases/ch15/15.2/15.2.3/15.2.3.3/15.2.3.3-4-133.js : 9 - 9",
    "filename": "data/js/programs_all/sebastienros/jint/Jint.Tests.Ecma/TestCases/ch15/15.2/15.2.3/15.2.3.3/15.2.3.3-4-133.js"
  },
  {
    "base": "ID:Object",
    "callee": "ID:getOwnPropertyDescriptor",
    "calleeLocation": "709150002950024",
    "arguments": [
      "ID:prototype",
      "LIT:getUTCSeconds"
    ],
    "argumentLocations": [
      "709150003200014",
      "709150003360015"
    ],
    "argumentTypes": [
      "unknown",
      "string"
    ],
    "parameters": [
      "",
      ""
    ],
    "src": "data/js/programs_all/sebastienros/jint/Jint.Tests.Ecma/TestCases/ch15/15.2/15.2.3/15.2.3.3/15.2.3.3-4-134.js : 9 - 9",
    "filename": "data/js/programs_all/sebastienros/jint/Jint.Tests.Ecma/TestCases/ch15/15.2/15.2.3/15.2.3.3/15.2.3.3-4-134.js"
  },
  {
    "base": "ID:Object",
    "callee": "ID:getOwnPropertyDescriptor",
    "calleeLocation": "709160002970024",
    "arguments": [
      "ID:prototype",
      "LIT:setMilliseconds"
    ],
    "argumentLocations": [
      "709160003220014",
      "709160003380017"
    ],
    "argumentTypes": [
      "unknown",
      "string"
    ],
    "parameters": [
      "",
      ""
    ],
    "src": "data/js/programs_all/sebastienros/jint/Jint.Tests.Ecma/TestCases/ch15/15.2/15.2.3/15.2.3.3/15.2.3.3-4-144.js : 9 - 9",
    "filename": "data/js/programs_all/sebastienros/jint/Jint.Tests.Ecma/TestCases/ch15/15.2/15.2.3/15.2.3.3/15.2.3.3-4-144.js"
  },
  {
    "base": "ID:Object",
    "callee": "ID:getOwnPropertyDescriptor",
    "calleeLocation": "709170002940024",
    "arguments": [
      "ID:prototype",
      "LIT:toTimeString"
    ],
    "argumentLocations": [
      "709170003190014",
      "709170003350014"
    ],
    "argumentTypes": [
      "unknown",
      "string"
    ],
    "parameters": [
      "",
      ""
    ],
    "src": "data/js/programs_all/sebastienros/jint/Jint.Tests.Ecma/TestCases/ch15/15.2/15.2.3/15.2.3.3/15.2.3.3-4-156.js : 9 - 9",
    "filename": "data/js/programs_all/sebastienros/jint/Jint.Tests.Ecma/TestCases/ch15/15.2/15.2.3/15.2.3.3/15.2.3.3-4-156.js"
  },
  {
    "base": "ID:Object",
    "callee": "ID:getOwnPropertyDescriptor",
    "calleeLocation": "709180002950024",
    "arguments": [
      "ID:prototype",
      "LIT:constructor"
    ],
    "argumentLocations": [
      "709180003200016",
      "709180003380013"
    ],
    "argumentTypes": [
      "unknown",
      "string"
    ],
    "parameters": [
      "",
      ""
    ],
    "src": "data/js/programs_all/sebastienros/jint/Jint.Tests.Ecma/TestCases/ch15/15.2/15.2.3/15.2.3.3/15.2.3.3-4-163.js : 9 - 9",
    "filename": "data/js/programs_all/sebastienros/jint/Jint.Tests.Ecma/TestCases/ch15/15.2/15.2.3/15.2.3.3/15.2.3.3-4-163.js"
  },
  {
    "base": "ID:Object",
    "callee": "ID:getOwnPropertyDescriptor",
    "calleeLocation": "709190002910024",
    "arguments": [
      "ID:prototype",
      "LIT:toString"
    ],
    "argumentLocations": [
      "709190003160015",
      "709190003330010"
    ],
    "argumentTypes": [
      "unknown",
      "string"
    ],
    "parameters": [
      "",
      ""
    ],
    "src": "data/js/programs_all/sebastienros/jint/Jint.Tests.Ecma/TestCases/ch15/15.2/15.2.3/15.2.3.3/15.2.3.3-4-169.js : 9 - 9",
    "filename": "data/js/programs_all/sebastienros/jint/Jint.Tests.Ecma/TestCases/ch15/15.2/15.2.3/15.2.3.3/15.2.3.3-4-169.js"
  },
  {
    "base": "ID:Object",
    "callee": "ID:getOwnPropertyDescriptor",
    "calleeLocation": "709200002980024",
    "arguments": [
      "ID:prototype",
      "LIT:constructor"
    ],
    "argumentLocations": [
      "709200003230019",
      "709200003440013"
    ],
    "argumentTypes": [
      "unknown",
      "string"
    ],
    "parameters": [
      "",
      ""
    ],
    "src": "data/js/programs_all/sebastienros/jint/Jint.Tests.Ecma/TestCases/ch15/15.2/15.2.3/15.2.3.3/15.2.3.3-4-170.js : 9 - 9",
    "filename": "data/js/programs_all/sebastienros/jint/Jint.Tests.Ecma/TestCases/ch15/15.2/15.2.3/15.2.3.3/15.2.3.3-4-170.js"
  },
  {
    "base": "ID:Object",
    "callee": "ID:getOwnPropertyDescriptor",
    "calleeLocation": "709210002810024",
    "arguments": [
      "ID:JSON",
      "LIT:stringify"
    ],
    "argumentLocations": [
      "709210003060004",
      "709210003120011"
    ],
    "argumentTypes": [
      "unknown",
      "string"
    ],
    "parameters": [
      "",
      ""
    ],
    "src": "data/js/programs_all/sebastienros/jint/Jint.Tests.Ecma/TestCases/ch15/15.2/15.2.3/15.2.3.3/15.2.3.3-4-176.js : 9 - 9",
    "filename": "data/js/programs_all/sebastienros/jint/Jint.Tests.Ecma/TestCases/ch15/15.2/15.2.3/15.2.3.3/15.2.3.3-4-176.js"
  },
  {
    "base": "ID:Object",
    "callee": "ID:getOwnPropertyDescriptor",
    "calleeLocation": "709220002980024",
    "arguments": [
      "ID:Function",
      "LIT:prototype"
    ],
    "argumentLocations": [
      "709220003230008",
      "709220003330011"
    ],
    "argumentTypes": [
      "unknown",
      "string"
    ],
    "parameters": [
      "",
      ""
    ],
    "src": "data/js/programs_all/sebastienros/jint/Jint.Tests.Ecma/TestCases/ch15/15.2/15.2.3/15.2.3.3/15.2.3.3-4-185.js : 9 - 9",
    "filename": "data/js/programs_all/sebastienros/jint/Jint.Tests.Ecma/TestCases/ch15/15.2/15.2.3/15.2.3.3/15.2.3.3-4-185.js"
  },
  {
    "base": "ID:Object",
    "callee": "ID:getOwnPropertyDescriptor",
    "calleeLocation": "709230002950024",
    "arguments": [
      "ID:Array",
      "LIT:prototype"
    ],
    "argumentLocations": [
      "709230003200005",
      "709230003270011"
    ],
    "argumentTypes": [
      "unknown",
      "string"
    ],
    "parameters": [
      "",
      ""
    ],
    "src": "data/js/programs_all/sebastienros/jint/Jint.Tests.Ecma/TestCases/ch15/15.2/15.2.3/15.2.3.3/15.2.3.3-4-189.js : 9 - 9",
    "filename": "data/js/programs_all/sebastienros/jint/Jint.Tests.Ecma/TestCases/ch15/15.2/15.2.3/15.2.3.3/15.2.3.3-4-189.js"
  },
  {
    "base": "ID:Object",
    "callee": "ID:getOwnPropertyDescriptor",
    "calleeLocation": "709240002890024",
    "arguments": [
      "ID:Object",
      "LIT:defineProperties"
    ],
    "argumentLocations": [
      "709240003140006",
      "709240003220018"
    ],
    "argumentTypes": [
      "unknown",
      "string"
    ],
    "parameters": [
      "",
      ""
    ],
    "src": "data/js/programs_all/sebastienros/jint/Jint.Tests.Ecma/TestCases/ch15/15.2/15.2.3/15.2.3.3/15.2.3.3-4-19.js : 9 - 9",
    "filename": "data/js/programs_all/sebastienros/jint/Jint.Tests.Ecma/TestCases/ch15/15.2/15.2.3/15.2.3.3/15.2.3.3-4-19.js"
  },
  {
    "base": "ID:Object",
    "callee": "ID:getOwnPropertyDescriptor",
    "calleeLocation": "709250002960024",
    "arguments": [
      "ID:String",
      "LIT:prototype"
    ],
    "argumentLocations": [
      "709250003210006",
      "709250003290011"
    ],
    "argumentTypes": [
      "unknown",
      "string"
    ],
    "parameters": [
      "",
      ""
    ],
    "src": "data/js/programs_all/sebastienros/jint/Jint.Tests.Ecma/TestCases/ch15/15.2/15.2.3/15.2.3.3/15.2.3.3-4-190.js : 9 - 9",
    "filename": "data/js/programs_all/sebastienros/jint/Jint.Tests.Ecma/TestCases/ch15/15.2/15.2.3/15.2.3.3/15.2.3.3-4-190.js"
  },
  {
    "base": "ID:Object",
    "callee": "ID:getOwnPropertyDescriptor",
    "calleeLocation": "709260002820024",
    "arguments": [
      "ID:o",
      "LIT:foo"
    ],
    "argumentLocations": [
      "709260003070001",
      "709260003100005"
    ],
    "argumentTypes": [
      "unknown",
      "string"
    ],
    "parameters": [
      "",
      ""
    ],
    "src": "data/js/programs_all/sebastienros/jint/Jint.Tests.Ecma/TestCases/ch15/15.2/15.2.3/15.2.3.3/15.2.3.3-4-2.js : 11 - 11",
    "filename": "data/js/programs_all/sebastienros/jint/Jint.Tests.Ecma/TestCases/ch15/15.2/15.2.3/15.2.3.3/15.2.3.3-4-2.js"
  },
  {
    "base": "ID:Object",
    "callee": "ID:getOwnPropertyDescriptor",
    "calleeLocation": "709270002920024",
    "arguments": [
      "ID:Math",
      "LIT:SQRT1_2"
    ],
    "argumentLocations": [
      "709270003170004",
      "709270003230009"
    ],
    "argumentTypes": [
      "unknown",
      "string"
    ],
    "parameters": [
      "",
      ""
    ],
    "src": "data/js/programs_all/sebastienros/jint/Jint.Tests.Ecma/TestCases/ch15/15.2/15.2.3/15.2.3.3/15.2.3.3-4-208.js : 9 - 9",
    "filename": "data/js/programs_all/sebastienros/jint/Jint.Tests.Ecma/TestCases/ch15/15.2/15.2.3/15.2.3.3/15.2.3.3-4-208.js"
  },
  {
    "base": "ID:Object",
    "callee": "ID:getOwnPropertyDescriptor",
    "calleeLocation": "709280002960024",
    "arguments": [
      "ID:RegExp",
      "LIT:prototype"
    ],
    "argumentLocations": [
      "709280003210006",
      "709280003290011"
    ],
    "argumentTypes": [
      "unknown",
      "string"
    ],
    "parameters": [
      "",
      ""
    ],
    "src": "data/js/programs_all/sebastienros/jint/Jint.Tests.Ecma/TestCases/ch15/15.2/15.2.3/15.2.3.3/15.2.3.3-4-211.js : 9 - 9",
    "filename": "data/js/programs_all/sebastienros/jint/Jint.Tests.Ecma/TestCases/ch15/15.2/15.2.3/15.2.3.3/15.2.3.3-4-211.js"
  },
  {
    "base": "ID:Object",
    "callee": "ID:getOwnPropertyDescriptor",
    "calleeLocation": "709290003000024",
    "arguments": [
      "ID:RangeError",
      "LIT:prototype"
    ],
    "argumentLocations": [
      "709290003250010",
      "709290003370011"
    ],
    "argumentTypes": [
      "unknown",
      "string"
    ],
    "parameters": [
      "",
      ""
    ],
    "src": "data/js/programs_all/sebastienros/jint/Jint.Tests.Ecma/TestCases/ch15/15.2/15.2.3/15.2.3.3/15.2.3.3-4-218.js : 9 - 9",
    "filename": "data/js/programs_all/sebastienros/jint/Jint.Tests.Ecma/TestCases/ch15/15.2/15.2.3/15.2.3.3/15.2.3.3-4-218.js"
  },
  {
    "base": "ID:Object",
    "callee": "ID:getOwnPropertyDescriptor",
    "calleeLocation": "709300003010024",
    "arguments": [
      "ID:SyntaxError",
      "LIT:prototype"
    ],
    "argumentLocations": [
      "709300003260011",
      "709300003390011"
    ],
    "argumentTypes": [
      "unknown",
      "string"
    ],
    "parameters": [
      "",
      ""
    ],
    "src": "data/js/programs_all/sebastienros/jint/Jint.Tests.Ecma/TestCases/ch15/15.2/15.2.3/15.2.3.3/15.2.3.3-4-220.js : 9 - 9",
    "filename": "data/js/programs_all/sebastienros/jint/Jint.Tests.Ecma/TestCases/ch15/15.2/15.2.3/15.2.3.3/15.2.3.3-4-220.js"
  },
  {
    "base": "ID:Object",
    "callee": "ID:getOwnPropertyDescriptor",
    "calleeLocation": "709310003870024",
    "arguments": [
      "ID:obj",
      "LIT:property"
    ],
    "argumentLocations": [
      "709310004120003",
      "709310004170010"
    ],
    "argumentTypes": [
      "unknown",
      "string"
    ],
    "parameters": [
      "",
      ""
    ],
    "src": "data/js/programs_all/sebastienros/jint/Jint.Tests.Ecma/TestCases/ch15/15.2/15.2.3/15.2.3.3/15.2.3.3-4-230.js : 11 - 11",
    "filename": "data/js/programs_all/sebastienros/jint/Jint.Tests.Ecma/TestCases/ch15/15.2/15.2.3/15.2.3.3/15.2.3.3-4-230.js"
  },
  {
    "base": "ID:Object",
    "callee": "ID:getOwnPropertyDescriptor",
    "calleeLocation": "709320003840024",
    "arguments": [
      "ID:obj",
      "LIT:property"
    ],
    "argumentLocations": [
      "709320004090003",
      "709320004140010"
    ],
    "argumentTypes": [
      "unknown",
      "string"
    ],
    "parameters": [
      "",
      ""
    ],
    "src": "data/js/programs_all/sebastienros/jint/Jint.Tests.Ecma/TestCases/ch15/15.2/15.2.3/15.2.3.3/15.2.3.3-4-235.js : 11 - 11",
    "filename": "data/js/programs_all/sebastienros/jint/Jint.Tests.Ecma/TestCases/ch15/15.2/15.2.3/15.2.3.3/15.2.3.3-4-235.js"
  },
  {
    "base": "ID:Object",
    "callee": "ID:getOwnPropertyDescriptor",
    "calleeLocation": "709330002810024",
    "arguments": [
      "ID:Object",
      "LIT:isFrozen"
    ],
    "argumentLocations": [
      "709330003060006",
      "709330003140010"
    ],
    "argumentTypes": [
      "unknown",
      "string"
    ],
    "parameters": [
      "",
      ""
    ],
    "src": "data/js/programs_all/sebastienros/jint/Jint.Tests.Ecma/TestCases/ch15/15.2/15.2.3/15.2.3.3/15.2.3.3-4-24.js : 9 - 9",
    "filename": "data/js/programs_all/sebastienros/jint/Jint.Tests.Ecma/TestCases/ch15/15.2/15.2.3/15.2.3.3/15.2.3.3-4-24.js"
  },
  {
    "base": "ID:Object",
    "callee": "ID:getOwnPropertyDescriptor",
    "calleeLocation": "709340005410024",
    "arguments": [
      "ID:obj",
      "LIT:property"
    ],
    "argumentLocations": [
      "709340005660003",
      "709340005710010"
    ],
    "argumentTypes": [
      "unknown",
      "string"
    ],
    "parameters": [
      "",
      ""
    ],
    "src": "data/js/programs_all/sebastienros/jint/Jint.Tests.Ecma/TestCases/ch15/15.2/15.2.3/15.2.3.3/15.2.3.3-4-244.js : 18 - 18",
    "filename": "data/js/programs_all/sebastienros/jint/Jint.Tests.Ecma/TestCases/ch15/15.2/15.2.3/15.2.3.3/15.2.3.3-4-244.js"
  },
  {
    "base": "ID:Object",
    "callee": "ID:getOwnPropertyDescriptor",
    "calleeLocation": "709350005430024",
    "arguments": [
      "ID:obj",
      "LIT:property"
    ],
    "argumentLocations": [
      "709350005680003",
      "709350005730010"
    ],
    "argumentTypes": [
      "unknown",
      "string"
    ],
    "parameters": [
      "",
      ""
    ],
    "src": "data/js/programs_all/sebastienros/jint/Jint.Tests.Ecma/TestCases/ch15/15.2/15.2.3/15.2.3.3/15.2.3.3-4-245.js : 18 - 18",
    "filename": "data/js/programs_all/sebastienros/jint/Jint.Tests.Ecma/TestCases/ch15/15.2/15.2.3/15.2.3.3/15.2.3.3-4-245.js"
  },
  {
    "base": "ID:Object",
    "callee": "ID:defineProperty",
    "calleeLocation": "709360003960014",
    "arguments": [
      "ID:o",
      "LIT:foo",
      "ID:d"
    ],
    "argumentLocations": [
      "709360004110001",
      "709360004140005",
      "709360004210001"
    ],
    "argumentTypes": [
      "unknown",
      "string",
      "unknown"
    ],
    "parameters": [
      "",
      "",
      ""
    ],
    "src": "data/js/programs_all/sebastienros/jint/Jint.Tests.Ecma/TestCases/ch15/15.2/15.2.3/15.2.3.3/15.2.3.3-4-3.js : 15 - 15",
    "filename": "data/js/programs_all/sebastienros/jint/Jint.Tests.Ecma/TestCases/ch15/15.2/15.2.3/15.2.3.3/15.2.3.3-4-3.js"
  },
  {
    "base": "ID:Object",
    "callee": "ID:getOwnPropertyDescriptor",
    "calleeLocation": "709360004480024",
    "arguments": [
      "ID:o",
      "LIT:foo"
    ],
    "argumentLocations": [
      "709360004730001",
      "709360004760005"
    ],
    "argumentTypes": [
      "unknown",
      "string"
    ],
    "parameters": [
      "",
      ""
    ],
    "src": "data/js/programs_all/sebastienros/jint/Jint.Tests.Ecma/TestCases/ch15/15.2/15.2.3/15.2.3.3/15.2.3.3-4-3.js : 17 - 17",
    "filename": "data/js/programs_all/sebastienros/jint/Jint.Tests.Ecma/TestCases/ch15/15.2/15.2.3/15.2.3.3/15.2.3.3-4-3.js"
  },
  {
    "base": "ID:Object",
    "callee": "ID:getOwnPropertyDescriptor",
    "calleeLocation": "709370002890024",
    "arguments": [
      "ID:prototype",
      "LIT:bind"
    ],
    "argumentLocations": [
      "709370003140018",
      "709370003340006"
    ],
    "argumentTypes": [
      "unknown",
      "string"
    ],
    "parameters": [
      "",
      ""
    ],
    "src": "data/js/programs_all/sebastienros/jint/Jint.Tests.Ecma/TestCases/ch15/15.2/15.2.3/15.2.3.3/15.2.3.3-4-38.js : 9 - 9",
    "filename": "data/js/programs_all/sebastienros/jint/Jint.Tests.Ecma/TestCases/ch15/15.2/15.2.3/15.2.3.3/15.2.3.3-4-38.js"
  },
  {
    "base": "ID:Object",
    "callee": "ID:getOwnPropertyDescriptor",
    "calleeLocation": "709380002860024",
    "arguments": [
      "ID:prototype",
      "LIT:join"
    ],
    "argumentLocations": [
      "709380003110015",
      "709380003280006"
    ],
    "argumentTypes": [
      "unknown",
      "string"
    ],
    "parameters": [
      "",
      ""
    ],
    "src": "data/js/programs_all/sebastienros/jint/Jint.Tests.Ecma/TestCases/ch15/15.2/15.2.3/15.2.3.3/15.2.3.3-4-41.js : 9 - 9",
    "filename": "data/js/programs_all/sebastienros/jint/Jint.Tests.Ecma/TestCases/ch15/15.2/15.2.3/15.2.3.3/15.2.3.3-4-41.js"
  },
  {
    "base": "ID:Object",
    "callee": "ID:getOwnPropertyDescriptor",
    "calleeLocation": "709390002880024",
    "arguments": [
      "ID:prototype",
      "LIT:splice"
    ],
    "argumentLocations": [
      "709390003130015",
      "709390003300008"
    ],
    "argumentTypes": [
      "unknown",
      "string"
    ],
    "parameters": [
      "",
      ""
    ],
    "src": "data/js/programs_all/sebastienros/jint/Jint.Tests.Ecma/TestCases/ch15/15.2/15.2.3/15.2.3.3/15.2.3.3-4-50.js : 9 - 9",
    "filename": "data/js/programs_all/sebastienros/jint/Jint.Tests.Ecma/TestCases/ch15/15.2/15.2.3/15.2.3.3/15.2.3.3-4-50.js"
  },
  {
    "base": "ID:Object",
    "callee": "ID:getOwnPropertyDescriptor",
    "calleeLocation": "709400002930024",
    "arguments": [
      "ID:prototype",
      "LIT:lastIndexOf"
    ],
    "argumentLocations": [
      "709400003180015",
      "709400003350013"
    ],
    "argumentTypes": [
      "unknown",
      "string"
    ],
    "parameters": [
      "",
      ""
    ],
    "src": "data/js/programs_all/sebastienros/jint/Jint.Tests.Ecma/TestCases/ch15/15.2/15.2.3/15.2.3.3/15.2.3.3-4-53.js : 9 - 9",
    "filename": "data/js/programs_all/sebastienros/jint/Jint.Tests.Ecma/TestCases/ch15/15.2/15.2.3/15.2.3.3/15.2.3.3-4-53.js"
  },
  {
    "base": "ID:Object",
    "callee": "ID:getOwnPropertyDescriptor",
    "calleeLocation": "709410002890024",
    "arguments": [
      "ID:prototype",
      "LIT:forEach"
    ],
    "argumentLocations": [
      "709410003140015",
      "709410003310009"
    ],
    "argumentTypes": [
      "unknown",
      "string"
    ],
    "parameters": [
      "",
      ""
    ],
    "src": "data/js/programs_all/sebastienros/jint/Jint.Tests.Ecma/TestCases/ch15/15.2/15.2.3/15.2.3.3/15.2.3.3-4-56.js : 9 - 9",
    "filename": "data/js/programs_all/sebastienros/jint/Jint.Tests.Ecma/TestCases/ch15/15.2/15.2.3/15.2.3.3/15.2.3.3-4-56.js"
  },
  {
    "base": "ID:Object",
    "callee": "ID:getOwnPropertyDescriptor",
    "calleeLocation": "709420002880024",
    "arguments": [
      "ID:prototype",
      "LIT:reduce"
    ],
    "argumentLocations": [
      "709420003130015",
      "709420003300008"
    ],
    "argumentTypes": [
      "unknown",
      "string"
    ],
    "parameters": [
      "",
      ""
    ],
    "src": "data/js/programs_all/sebastienros/jint/Jint.Tests.Ecma/TestCases/ch15/15.2/15.2.3/15.2.3.3/15.2.3.3-4-59.js : 9 - 9",
    "filename": "data/js/programs_all/sebastienros/jint/Jint.Tests.Ecma/TestCases/ch15/15.2/15.2.3/15.2.3.3/15.2.3.3-4-59.js"
  },
  {
    "base": "ID:Object",
    "callee": "ID:getOwnPropertyDescriptor",
    "calleeLocation": "709430003130024",
    "arguments": [
      "ID:global",
      "LIT:isFinite"
    ],
    "argumentLocations": [
      "709430003380006",
      "709430003470010"
    ],
    "argumentTypes": [
      "unknown",
      "string"
    ],
    "parameters": [
      "",
      ""
    ],
    "src": "data/js/programs_all/sebastienros/jint/Jint.Tests.Ecma/TestCases/ch15/15.2/15.2.3/15.2.3.3/15.2.3.3-4-8.js : 10 - 10",
    "filename": "data/js/programs_all/sebastienros/jint/Jint.Tests.Ecma/TestCases/ch15/15.2/15.2.3/15.2.3.3/15.2.3.3-4-8.js"
  },
  {
    "base": "ID:Object",
    "callee": "ID:getOwnPropertyDescriptor",
    "calleeLocation": "709440002920024",
    "arguments": [
      "ID:prototype",
      "LIT:toString"
    ],
    "argumentLocations": [
      "709440003170017",
      "709440003360010"
    ],
    "argumentTypes": [
      "unknown",
      "string"
    ],
    "parameters": [
      "",
      ""
    ],
    "src": "data/js/programs_all/sebastienros/jint/Jint.Tests.Ecma/TestCases/ch15/15.2/15.2.3/15.2.3.3/15.2.3.3-4-85.js : 9 - 9",
    "filename": "data/js/programs_all/sebastienros/jint/Jint.Tests.Ecma/TestCases/ch15/15.2/15.2.3/15.2.3.3/15.2.3.3-4-85.js"
  },
  {
    "base": "ID:Object",
    "callee": "ID:getOwnPropertyDescriptor",
    "calleeLocation": "709450003140024",
    "arguments": [
      "ID:global",
      "LIT:decodeURI"
    ],
    "argumentLocations": [
      "709450003390006",
      "709450003470011"
    ],
    "argumentTypes": [
      "unknown",
      "string"
    ],
    "parameters": [
      "",
      ""
    ],
    "src": "data/js/programs_all/sebastienros/jint/Jint.Tests.Ecma/TestCases/ch15/15.2/15.2.3/15.2.3.3/15.2.3.3-4-9.js : 10 - 10",
    "filename": "data/js/programs_all/sebastienros/jint/Jint.Tests.Ecma/TestCases/ch15/15.2/15.2.3/15.2.3.3/15.2.3.3-4-9.js"
  },
  {
    "base": "",
    "callee": "ID:arrayContains",
    "calleeLocation": "709460005540013",
    "arguments": [
      "ID:result",
      "ID:expResult"
    ],
    "argumentLocations": [
      "709460005680006",
      "709460005760009"
    ],
    "argumentTypes": [
      "unknown",
      "unknown"
    ],
    "parameters": [
      "",
      ""
    ],
    "src": "data/js/programs_all/sebastienros/jint/Jint.Tests.Ecma/TestCases/ch15/15.2/15.2.3/15.2.3.4/15.2.3.4-4-2.js : 13 - 13",
    "filename": "data/js/programs_all/sebastienros/jint/Jint.Tests.Ecma/TestCases/ch15/15.2/15.2.3/15.2.3.4/15.2.3.4-4-2.js"
  },
  {
    "base": "ID:Object",
    "callee": "ID:getOwnPropertyDescriptor",
    "calleeLocation": "709760006500024",
    "arguments": [
      "ID:newObj",
      "LIT:prop"
    ],
    "argumentLocations": [
      "709760006750006",
      "709760006830006"
    ],
    "argumentTypes": [
      "unknown",
      "string"
    ],
    "parameters": [
      "",
      ""
    ],
    "src": "data/js/programs_all/sebastienros/jint/Jint.Tests.Ecma/TestCases/ch15/15.2/15.2.3/15.2.3.5/15.2.3.5-4-278.js : 22 - 22",
    "filename": "data/js/programs_all/sebastienros/jint/Jint.Tests.Ecma/TestCases/ch15/15.2/15.2.3/15.2.3.5/15.2.3.5-4-278.js"
  },
  {
    "base": "ID:Object",
    "callee": "ID:defineProperty",
    "calleeLocation": "709970004500014",
    "arguments": [
      "ID:obj",
      "LIT:property",
      "ID:attr"
    ],
    "argumentLocations": [
      "709970004650003",
      "709970004700010",
      "709970004820004"
    ],
    "argumentTypes": [
      "unknown",
      "string",
      "unknown"
    ],
    "parameters": [
      "",
      "",
      ""
    ],
    "src": "data/js/programs_all/sebastienros/jint/Jint.Tests.Ecma/TestCases/ch15/15.2/15.2.3/15.2.3.6/15.2.3.6-3-121.js : 17 - 17",
    "filename": "data/js/programs_all/sebastienros/jint/Jint.Tests.Ecma/TestCases/ch15/15.2/15.2.3/15.2.3.6/15.2.3.6-3-121.js"
  },
  {
    "base": "ID:Object",
    "callee": "ID:defineProperty",
    "calleeLocation": "709980005320014",
    "arguments": [
      "ID:obj",
      "LIT:property",
      "ID:funObj"
    ],
    "argumentLocations": [
      "709980005470003",
      "709980005520010",
      "709980005640006"
    ],
    "argumentTypes": [
      "unknown",
      "string",
      "unknown"
    ],
    "parameters": [
      "",
      "",
      ""
    ],
    "src": "data/js/programs_all/sebastienros/jint/Jint.Tests.Ecma/TestCases/ch15/15.2/15.2.3/15.2.3.6/15.2.3.6-3-139-1.js : 16 - 16",
    "filename": "data/js/programs_all/sebastienros/jint/Jint.Tests.Ecma/TestCases/ch15/15.2/15.2.3/15.2.3.6/15.2.3.6-3-139-1.js"
  },
  {
    "base": "ID:Object",
    "callee": "ID:defineProperty",
    "calleeLocation": "709990006370014",
    "arguments": [
      "ID:o",
      "LIT:foo",
      "ID:desc"
    ],
    "argumentLocations": [
      "709990006520001",
      "709990006550005",
      "709990006620004"
    ],
    "argumentTypes": [
      "unknown",
      "string",
      "unknown"
    ],
    "parameters": [
      "",
      "",
      ""
    ],
    "src": "data/js/programs_all/sebastienros/jint/Jint.Tests.Ecma/TestCases/ch15/15.2/15.2.3/15.2.3.6/15.2.3.6-3-14.js : 20 - 20",
    "filename": "data/js/programs_all/sebastienros/jint/Jint.Tests.Ecma/TestCases/ch15/15.2/15.2.3/15.2.3.6/15.2.3.6-3-14.js"
  },
  {
    "base": "ID:Object",
    "callee": "ID:defineProperty",
    "calleeLocation": "710000005090014",
    "arguments": [
      "ID:obj",
      "LIT:property",
      "ID:argObj"
    ],
    "argumentLocations": [
      "710000005240003",
      "710000005290010",
      "710000005410006"
    ],
    "argumentTypes": [
      "unknown",
      "string",
      "unknown"
    ],
    "parameters": [
      "",
      "",
      ""
    ],
    "src": "data/js/programs_all/sebastienros/jint/Jint.Tests.Ecma/TestCases/ch15/15.2/15.2.3/15.2.3.6/15.2.3.6-3-149-1.js : 15 - 15",
    "filename": "data/js/programs_all/sebastienros/jint/Jint.Tests.Ecma/TestCases/ch15/15.2/15.2.3/15.2.3.6/15.2.3.6-3-149-1.js"
  },
  {
    "base": "ID:Object",
    "callee": "ID:defineProperty",
    "calleeLocation": "710010004130014",
    "arguments": [
      "ID:obj",
      "LIT:property",
      "ID:fnGlobalObject"
    ],
    "argumentLocations": [
      "710010004280003",
      "710010004330010",
      "710010004450016"
    ],
    "argumentTypes": [
      "unknown",
      "string",
      "unknown"
    ],
    "parameters": [
      "",
      "",
      ""
    ],
    "src": "data/js/programs_all/sebastienros/jint/Jint.Tests.Ecma/TestCases/ch15/15.2/15.2.3/15.2.3.6/15.2.3.6-3-151.js : 14 - 14",
    "filename": "data/js/programs_all/sebastienros/jint/Jint.Tests.Ecma/TestCases/ch15/15.2/15.2.3/15.2.3.6/15.2.3.6-3-151.js"
  }
]