[
  {
    "base": "ID:lastIndexOf",
    "callee": "ID:call",
    "calleeLocation": "336040020970004",
    "arguments": [
      "ID:arr",
      "LIT:6.99"
    ],
    "argumentLocations": [
      "336040021020003",
      "336040021070004"
    ],
    "argumentTypes": [
      "unknown",
      "number"
    ],
    "parameters": [
      "",
      ""
    ],
    "src": "data/js/programs_all/fholm/IronJS/Src/Tests/ietestcenter/chapter15/15.4/15.4.4/15.4.4.15/15.4.4.15-8-a-4.js : 42 - 42",
    "filename": "data/js/programs_all/fholm/IronJS/Src/Tests/ietestcenter/chapter15/15.4/15.4.4/15.4.4.15/15.4.4.15-8-a-4.js"
  },
  {
    "base": "ID:lastIndexOf",
    "callee": "ID:call",
    "calleeLocation": "336050023490004",
    "arguments": [
      "ID:arr",
      "ID:Infinity"
    ],
    "argumentLocations": [
      "336050023540003",
      "336050023590008"
    ],
    "argumentTypes": [
      "unknown",
      "unknown"
    ],
    "parameters": [
      "",
      ""
    ],
    "src": "data/js/programs_all/fholm/IronJS/Src/Tests/ietestcenter/chapter15/15.4/15.4.4/15.4.4.15/15.4.4.15-8-a-9.js : 48 - 48",
    "filename": "data/js/programs_all/fholm/IronJS/Src/Tests/ietestcenter/chapter15/15.4/15.4.4/15.4.4.15/15.4.4.15-8-a-9.js"
  },
  {
    "base": "ID:lastIndexOf",
    "callee": "ID:call",
    "calleeLocation": "336080023790004",
    "arguments": [
      "ID:obj",
      "ID:undefined"
    ],
    "argumentLocations": [
      "336080023840003",
      "336080023890009"
    ],
    "argumentTypes": [
      "unknown",
      "undefined"
    ],
    "parameters": [
      "",
      ""
    ],
    "src": "data/js/programs_all/fholm/IronJS/Src/Tests/ietestcenter/chapter15/15.4/15.4.4/15.4.4.15/15.4.4.15-8-b-i-19.js : 45 - 45",
    "filename": "data/js/programs_all/fholm/IronJS/Src/Tests/ietestcenter/chapter15/15.4/15.4.4/15.4.4.15/15.4.4.15-8-b-i-19.js"
  },
  {
    "base": "ID:every",
    "callee": "ID:call",
    "calleeLocation": "336150020830004",
    "arguments": [
      "ID:obj",
      "ID:callbackfn"
    ],
    "argumentLocations": [
      "336150020880003",
      "336150020930010"
    ],
    "argumentTypes": [
      "unknown",
      "unknown"
    ],
    "parameters": [
      "",
      ""
    ],
    "src": "data/js/programs_all/fholm/IronJS/Src/Tests/ietestcenter/chapter15/15.4/15.4.4/15.4.4.16/15.4.4.16-1-6.js : 42 - 42",
    "filename": "data/js/programs_all/fholm/IronJS/Src/Tests/ietestcenter/chapter15/15.4/15.4.4/15.4.4.16/15.4.4.16-1-6.js"
  },
  {
    "base": "",
    "callee": "ID:parseInt",
    "calleeLocation": "336160019000008",
    "arguments": [
      "ID:val",
      "LIT:10"
    ],
    "argumentLocations": [
      "336160019090003",
      "336160019140002"
    ],
    "argumentTypes": [
      "unknown",
      "number"
    ],
    "parameters": [
      "",
      ""
    ],
    "src": "data/js/programs_all/fholm/IronJS/Src/Tests/ietestcenter/chapter15/15.4/15.4.4/15.4.4.16/15.4.4.16-2-18.js : 33 - 33",
    "filename": "data/js/programs_all/fholm/IronJS/Src/Tests/ietestcenter/chapter15/15.4/15.4.4/15.4.4.16/15.4.4.16-2-18.js"
  },
  {
    "base": "",
    "callee": "ID:parseInt",
    "calleeLocation": "336160019990008",
    "arguments": [
      "ID:val",
      "LIT:10"
    ],
    "argumentLocations": [
      "336160020080003",
      "336160020130002"
    ],
    "argumentTypes": [
      "unknown",
      "number"
    ],
    "parameters": [
      "",
      ""
    ],
    "src": "data/js/programs_all/fholm/IronJS/Src/Tests/ietestcenter/chapter15/15.4/15.4.4/15.4.4.16/15.4.4.16-2-18.js : 37 - 37",
    "filename": "data/js/programs_all/fholm/IronJS/Src/Tests/ietestcenter/chapter15/15.4/15.4.4/15.4.4.16/15.4.4.16-2-18.js"
  },
  {
    "base": "ID:every",
    "callee": "ID:call",
    "calleeLocation": "336160021640004",
    "arguments": [
      "ID:str",
      "ID:callbackfn1"
    ],
    "argumentLocations": [
      "336160021690003",
      "336160021740011"
    ],
    "argumentTypes": [
      "unknown",
      "unknown"
    ],
    "parameters": [
      "",
      ""
    ],
    "src": "data/js/programs_all/fholm/IronJS/Src/Tests/ietestcenter/chapter15/15.4/15.4.4/15.4.4.16/15.4.4.16-2-18.js : 43 - 43",
    "filename": "data/js/programs_all/fholm/IronJS/Src/Tests/ietestcenter/chapter15/15.4/15.4.4/15.4.4.16/15.4.4.16-2-18.js"
  },
  {
    "base": "ID:every",
    "callee": "ID:call",
    "calleeLocation": "336160022250004",
    "arguments": [
      "ID:str",
      "ID:callbackfn2"
    ],
    "argumentLocations": [
      "336160022300003",
      "336160022350011"
    ],
    "argumentTypes": [
      "unknown",
      "unknown"
    ],
    "parameters": [
      "",
      ""
    ],
    "src": "data/js/programs_all/fholm/IronJS/Src/Tests/ietestcenter/chapter15/15.4/15.4.4/15.4.4.16/15.4.4.16-2-18.js : 44 - 44",
    "filename": "data/js/programs_all/fholm/IronJS/Src/Tests/ietestcenter/chapter15/15.4/15.4.4/15.4.4.16/15.4.4.16-2-18.js"
  },
  {
    "base": "ID:every",
    "callee": "ID:call",
    "calleeLocation": "336170021820004",
    "arguments": [
      "ID:fun",
      "ID:callbackfn1"
    ],
    "argumentLocations": [
      "336170021870003",
      "336170021920011"
    ],
    "argumentTypes": [
      "unknown",
      "unknown"
    ],
    "parameters": [
      "",
      ""
    ],
    "src": "data/js/programs_all/fholm/IronJS/Src/Tests/ietestcenter/chapter15/15.4/15.4.4/15.4.4.16/15.4.4.16-2-19.js : 47 - 47",
    "filename": "data/js/programs_all/fholm/IronJS/Src/Tests/ietestcenter/chapter15/15.4/15.4.4/15.4.4.16/15.4.4.16-2-19.js"
  },
  {
    "base": "ID:every",
    "callee": "ID:call",
    "calleeLocation": "336170022430004",
    "arguments": [
      "ID:fun",
      "ID:callbackfn2"
    ],
    "argumentLocations": [
      "336170022480003",
      "336170022530011"
    ],
    "argumentTypes": [
      "unknown",
      "unknown"
    ],
    "parameters": [
      "",
      ""
    ],
    "src": "data/js/programs_all/fholm/IronJS/Src/Tests/ietestcenter/chapter15/15.4/15.4.4/15.4.4.16/15.4.4.16-2-19.js : 48 - 48",
    "filename": "data/js/programs_all/fholm/IronJS/Src/Tests/ietestcenter/chapter15/15.4/15.4.4/15.4.4.16/15.4.4.16-2-19.js"
  },
  {
    "base": "ID:every",
    "callee": "ID:call",
    "calleeLocation": "336180024490004",
    "arguments": [
      "ID:child",
      "ID:callbackfn1"
    ],
    "argumentLocations": [
      "336180024540005",
      "336180024610011"
    ],
    "argumentTypes": [
      "unknown",
      "unknown"
    ],
    "parameters": [
      "",
      ""
    ],
    "src": "data/js/programs_all/fholm/IronJS/Src/Tests/ietestcenter/chapter15/15.4/15.4.4/15.4.4.16/15.4.4.16-2-8.js : 58 - 58",
    "filename": "data/js/programs_all/fholm/IronJS/Src/Tests/ietestcenter/chapter15/15.4/15.4.4/15.4.4.16/15.4.4.16-2-8.js"
  },
  {
    "base": "ID:every",
    "callee": "ID:call",
    "calleeLocation": "336180025120004",
    "arguments": [
      "ID:child",
      "ID:callbackfn2"
    ],
    "argumentLocations": [
      "336180025170005",
      "336180025240011"
    ],
    "argumentTypes": [
      "unknown",
      "unknown"
    ],
    "parameters": [
      "",
      ""
    ],
    "src": "data/js/programs_all/fholm/IronJS/Src/Tests/ietestcenter/chapter15/15.4/15.4.4/15.4.4.16/15.4.4.16-2-8.js : 59 - 59",
    "filename": "data/js/programs_all/fholm/IronJS/Src/Tests/ietestcenter/chapter15/15.4/15.4.4/15.4.4.16/15.4.4.16-2-8.js"
  },
  {
    "base": "ID:every",
    "callee": "ID:call",
    "calleeLocation": "336190020810004",
    "arguments": [
      "ID:obj",
      "ID:callbackfn1"
    ],
    "argumentLocations": [
      "336190020860003",
      "336190020910011"
    ],
    "argumentTypes": [
      "unknown",
      "unknown"
    ],
    "parameters": [
      "",
      ""
    ],
    "src": "data/js/programs_all/fholm/IronJS/Src/Tests/ietestcenter/chapter15/15.4/15.4.4/15.4.4.16/15.4.4.16-3-16.js : 42 - 42",
    "filename": "data/js/programs_all/fholm/IronJS/Src/Tests/ietestcenter/chapter15/15.4/15.4.4/15.4.4.16/15.4.4.16-3-16.js"
  },
  {
    "base": "ID:every",
    "callee": "ID:call",
    "calleeLocation": "336190021420004",
    "arguments": [
      "ID:obj",
      "ID:callbackfn2"
    ],
    "argumentLocations": [
      "336190021470003",
      "336190021520011"
    ],
    "argumentTypes": [
      "unknown",
      "unknown"
    ],
    "parameters": [
      "",
      ""
    ],
    "src": "data/js/programs_all/fholm/IronJS/Src/Tests/ietestcenter/chapter15/15.4/15.4.4/15.4.4.16/15.4.4.16-3-16.js : 43 - 43",
    "filename": "data/js/programs_all/fholm/IronJS/Src/Tests/ietestcenter/chapter15/15.4/15.4.4/15.4.4.16/15.4.4.16-3-16.js"
  },
  {
    "base": "ID:every",
    "callee": "ID:call",
    "calleeLocation": "336200020600004",
    "arguments": [
      "ID:obj",
      "ID:callbackfn"
    ],
    "argumentLocations": [
      "336200020650003",
      "336200020700010"
    ],
    "argumentTypes": [
      "unknown",
      "unknown"
    ],
    "parameters": [
      "",
      ""
    ],
    "src": "data/js/programs_all/fholm/IronJS/Src/Tests/ietestcenter/chapter15/15.4/15.4.4/15.4.4.16/15.4.4.16-3-18.js : 42 - 42",
    "filename": "data/js/programs_all/fholm/IronJS/Src/Tests/ietestcenter/chapter15/15.4/15.4.4/15.4.4.16/15.4.4.16-3-18.js"
  },
  {
    "base": "ID:every",
    "callee": "ID:call",
    "calleeLocation": "336210020320004",
    "arguments": [
      "ID:obj",
      "ID:callbackfn"
    ],
    "argumentLocations": [
      "336210020370003",
      "336210020420010"
    ],
    "argumentTypes": [
      "unknown",
      "unknown"
    ],
    "parameters": [
      "",
      ""
    ],
    "src": "data/js/programs_all/fholm/IronJS/Src/Tests/ietestcenter/chapter15/15.4/15.4.4/15.4.4.16/15.4.4.16-3-4.js : 42 - 42",
    "filename": "data/js/programs_all/fholm/IronJS/Src/Tests/ietestcenter/chapter15/15.4/15.4.4/15.4.4.16/15.4.4.16-3-4.js"
  },
  {
    "base": "ID:arr",
    "callee": "ID:every",
    "calleeLocation": "336260019180005",
    "arguments": [
      "ID:callbackfn",
      "ID:foo"
    ],
    "argumentLocations": [
      "336260019240010",
      "336260019350003"
    ],
    "argumentTypes": [
      "unknown",
      "unknown"
    ],
    "parameters": [
      "",
      ""
    ],
    "src": "data/js/programs_all/fholm/IronJS/Src/Tests/ietestcenter/chapter15/15.4/15.4.4/15.4.4.16/15.4.4.16-5-6.js : 40 - 40",
    "filename": "data/js/programs_all/fholm/IronJS/Src/Tests/ietestcenter/chapter15/15.4/15.4.4/15.4.4.16/15.4.4.16-5-6.js"
  },
  {
    "base": "ID:every",
    "callee": "ID:call",
    "calleeLocation": "336300025870004",
    "arguments": [
      "ID:child",
      "ID:callbackfn"
    ],
    "argumentLocations": [
      "336300025920005",
      "336300025990010"
    ],
    "argumentTypes": [
      "unknown",
      "unknown"
    ],
    "parameters": [
      "",
      ""
    ],
    "src": "data/js/programs_all/fholm/IronJS/Src/Tests/ietestcenter/chapter15/15.4/15.4.4/15.4.4.16/15.4.4.16-7-c-i-13.js : 63 - 63",
    "filename": "data/js/programs_all/fholm/IronJS/Src/Tests/ietestcenter/chapter15/15.4/15.4.4/15.4.4.16/15.4.4.16-7-c-i-13.js"
  },
  {
    "base": "ID:every",
    "callee": "ID:call",
    "calleeLocation": "336310025520004",
    "arguments": [
      "ID:child",
      "ID:callbackfn"
    ],
    "argumentLocations": [
      "336310025570005",
      "336310025640010"
    ],
    "argumentTypes": [
      "unknown",
      "unknown"
    ],
    "parameters": [
      "",
      ""
    ],
    "src": "data/js/programs_all/fholm/IronJS/Src/Tests/ietestcenter/chapter15/15.4/15.4.4/15.4.4.16/15.4.4.16-7-c-i-5.js : 61 - 61",
    "filename": "data/js/programs_all/fholm/IronJS/Src/Tests/ietestcenter/chapter15/15.4/15.4.4/15.4.4.16/15.4.4.16-7-c-i-5.js"
  },
  {
    "base": "ID:every",
    "callee": "ID:call",
    "calleeLocation": "336320022780004",
    "arguments": [
      "ID:obj",
      "ID:callbackfn"
    ],
    "argumentLocations": [
      "336320022830003",
      "336320022880010"
    ],
    "argumentTypes": [
      "unknown",
      "unknown"
    ],
    "parameters": [
      "",
      ""
    ],
    "src": "data/js/programs_all/fholm/IronJS/Src/Tests/ietestcenter/chapter15/15.4/15.4.4/15.4.4.16/15.4.4.16-7-c-i-9.js : 50 - 50",
    "filename": "data/js/programs_all/fholm/IronJS/Src/Tests/ietestcenter/chapter15/15.4/15.4.4/15.4.4.16/15.4.4.16-7-c-i-9.js"
  },
  {
    "base": "ID:every",
    "callee": "ID:call",
    "calleeLocation": "336330021110004",
    "arguments": [
      "ID:obj",
      "ID:callbackfn",
      "LIT:false"
    ],
    "argumentLocations": [
      "336330021160003",
      "336330021210010",
      "336330021330005"
    ],
    "argumentTypes": [
      "unknown",
      "unknown",
      "boolean"
    ],
    "parameters": [
      "",
      "",
      ""
    ],
    "src": "data/js/programs_all/fholm/IronJS/Src/Tests/ietestcenter/chapter15/15.4/15.4.4/15.4.4.16/15.4.4.16-7-c-ii-16.js : 42 - 42",
    "filename": "data/js/programs_all/fholm/IronJS/Src/Tests/ietestcenter/chapter15/15.4/15.4.4/15.4.4.16/15.4.4.16-7-c-ii-16.js"
  },
  {
    "base": "ID:every",
    "callee": "ID:call",
    "calleeLocation": "336360021790004",
    "arguments": [
      "ID:obj",
      "ID:callbackfn",
      "ID:thisArg"
    ],
    "argumentLocations": [
      "336360021840003",
      "336360021890010",
      "336360022010007"
    ],
    "argumentTypes": [
      "unknown",
      "unknown",
      "unknown"
    ],
    "parameters": [
      "",
      "",
      ""
    ],
    "src": "data/js/programs_all/fholm/IronJS/Src/Tests/ietestcenter/chapter15/15.4/15.4.4/15.4.4.16/15.4.4.16-7-c-ii-6.js : 45 - 45",
    "filename": "data/js/programs_all/fholm/IronJS/Src/Tests/ietestcenter/chapter15/15.4/15.4.4/15.4.4.16/15.4.4.16-7-c-ii-6.js"
  },
  {
    "base": "ID:some",
    "callee": "ID:call",
    "calleeLocation": "336440020260004",
    "arguments": [
      "ID:obj",
      "ID:callbackfn"
    ],
    "argumentLocations": [
      "336440020310003",
      "336440020360010"
    ],
    "argumentTypes": [
      "unknown",
      "unknown"
    ],
    "parameters": [
      "",
      ""
    ],
    "src": "data/js/programs_all/fholm/IronJS/Src/Tests/ietestcenter/chapter15/15.4/15.4.4/15.4.4.17/15.4.4.17-3-1.js : 42 - 42",
    "filename": "data/js/programs_all/fholm/IronJS/Src/Tests/ietestcenter/chapter15/15.4/15.4.4/15.4.4.17/15.4.4.17-3-1.js"
  },
  {
    "base": "ID:some",
    "callee": "ID:call",
    "calleeLocation": "336450020800004",
    "arguments": [
      "ID:obj",
      "ID:callbackfn1"
    ],
    "argumentLocations": [
      "336450020850003",
      "336450020900011"
    ],
    "argumentTypes": [
      "unknown",
      "unknown"
    ],
    "parameters": [
      "",
      ""
    ],
    "src": "data/js/programs_all/fholm/IronJS/Src/Tests/ietestcenter/chapter15/15.4/15.4.4/15.4.4.17/15.4.4.17-3-13.js : 42 - 42",
    "filename": "data/js/programs_all/fholm/IronJS/Src/Tests/ietestcenter/chapter15/15.4/15.4.4/15.4.4.17/15.4.4.17-3-13.js"
  },
  {
    "base": "ID:some",
    "callee": "ID:call",
    "calleeLocation": "336450021400004",
    "arguments": [
      "ID:obj",
      "ID:callbackfn2"
    ],
    "argumentLocations": [
      "336450021450003",
      "336450021500011"
    ],
    "argumentTypes": [
      "unknown",
      "unknown"
    ],
    "parameters": [
      "",
      ""
    ],
    "src": "data/js/programs_all/fholm/IronJS/Src/Tests/ietestcenter/chapter15/15.4/15.4.4/15.4.4.17/15.4.4.17-3-13.js : 43 - 43",
    "filename": "data/js/programs_all/fholm/IronJS/Src/Tests/ietestcenter/chapter15/15.4/15.4.4/15.4.4.17/15.4.4.17-3-13.js"
  },
  {
    "base": "ID:some",
    "callee": "ID:call",
    "calleeLocation": "336460020850004",
    "arguments": [
      "ID:obj",
      "ID:callbackfn1"
    ],
    "argumentLocations": [
      "336460020900003",
      "336460020950011"
    ],
    "argumentTypes": [
      "unknown",
      "unknown"
    ],
    "parameters": [
      "",
      ""
    ],
    "src": "data/js/programs_all/fholm/IronJS/Src/Tests/ietestcenter/chapter15/15.4/15.4.4/15.4.4.17/15.4.4.17-3-15.js : 42 - 42",
    "filename": "data/js/programs_all/fholm/IronJS/Src/Tests/ietestcenter/chapter15/15.4/15.4.4/15.4.4.17/15.4.4.17-3-15.js"
  },
  {
    "base": "ID:some",
    "callee": "ID:call",
    "calleeLocation": "336460021450004",
    "arguments": [
      "ID:obj",
      "ID:callbackfn2"
    ],
    "argumentLocations": [
      "336460021500003",
      "336460021550011"
    ],
    "argumentTypes": [
      "unknown",
      "unknown"
    ],
    "parameters": [
      "",
      ""
    ],
    "src": "data/js/programs_all/fholm/IronJS/Src/Tests/ietestcenter/chapter15/15.4/15.4.4/15.4.4.17/15.4.4.17-3-15.js : 43 - 43",
    "filename": "data/js/programs_all/fholm/IronJS/Src/Tests/ietestcenter/chapter15/15.4/15.4.4/15.4.4.17/15.4.4.17-3-15.js"
  },
  {
    "base": "ID:some",
    "callee": "ID:call",
    "calleeLocation": "336470020610004",
    "arguments": [
      "ID:obj",
      "ID:callbackfn"
    ],
    "argumentLocations": [
      "336470020660003",
      "336470020710010"
    ],
    "argumentTypes": [
      "unknown",
      "unknown"
    ],
    "parameters": [
      "",
      ""
    ],
    "src": "data/js/programs_all/fholm/IronJS/Src/Tests/ietestcenter/chapter15/15.4/15.4.4/15.4.4.17/15.4.4.17-3-18.js : 42 - 42",
    "filename": "data/js/programs_all/fholm/IronJS/Src/Tests/ietestcenter/chapter15/15.4/15.4.4/15.4.4.17/15.4.4.17-3-18.js"
  },
  {
    "base": "ID:some",
    "callee": "ID:call",
    "calleeLocation": "336480021820004",
    "arguments": [
      "ID:obj",
      "ID:callbackfn1"
    ],
    "argumentLocations": [
      "336480021870003",
      "336480021920011"
    ],
    "argumentTypes": [
      "unknown",
      "unknown"
    ],
    "parameters": [
      "",
      ""
    ],
    "src": "data/js/programs_all/fholm/IronJS/Src/Tests/ietestcenter/chapter15/15.4/15.4.4/15.4.4.17/15.4.4.17-3-24.js : 47 - 47",
    "filename": "data/js/programs_all/fholm/IronJS/Src/Tests/ietestcenter/chapter15/15.4/15.4.4/15.4.4.17/15.4.4.17-3-24.js"
  },
  {
    "base": "ID:some",
    "callee": "ID:call",
    "calleeLocation": "336480022420004",
    "arguments": [
      "ID:obj",
      "ID:callbackfn2"
    ],
    "argumentLocations": [
      "336480022470003",
      "336480022520011"
    ],
    "argumentTypes": [
      "unknown",
      "unknown"
    ],
    "parameters": [
      "",
      ""
    ],
    "src": "data/js/programs_all/fholm/IronJS/Src/Tests/ietestcenter/chapter15/15.4/15.4.4/15.4.4.17/15.4.4.17-3-24.js : 48 - 48",
    "filename": "data/js/programs_all/fholm/IronJS/Src/Tests/ietestcenter/chapter15/15.4/15.4.4/15.4.4.17/15.4.4.17-3-24.js"
  },
  {
    "base": "ID:some",
    "callee": "ID:call",
    "calleeLocation": "336490021890004",
    "arguments": [
      "ID:obj",
      "ID:callbackfn1"
    ],
    "argumentLocations": [
      "336490021940003",
      "336490021990011"
    ],
    "argumentTypes": [
      "unknown",
      "unknown"
    ],
    "parameters": [
      "",
      ""
    ],
    "src": "data/js/programs_all/fholm/IronJS/Src/Tests/ietestcenter/chapter15/15.4/15.4.4/15.4.4.17/15.4.4.17-3-25.js : 47 - 47",
    "filename": "data/js/programs_all/fholm/IronJS/Src/Tests/ietestcenter/chapter15/15.4/15.4.4/15.4.4.17/15.4.4.17-3-25.js"
  },
  {
    "base": "ID:some",
    "callee": "ID:call",
    "calleeLocation": "336490022490004",
    "arguments": [
      "ID:obj",
      "ID:callbackfn2"
    ],
    "argumentLocations": [
      "336490022540003",
      "336490022590011"
    ],
    "argumentTypes": [
      "unknown",
      "unknown"
    ],
    "parameters": [
      "",
      ""
    ],
    "src": "data/js/programs_all/fholm/IronJS/Src/Tests/ietestcenter/chapter15/15.4/15.4.4/15.4.4.17/15.4.4.17-3-25.js : 48 - 48",
    "filename": "data/js/programs_all/fholm/IronJS/Src/Tests/ietestcenter/chapter15/15.4/15.4.4/15.4.4.17/15.4.4.17-3-25.js"
  },
  {
    "base": "ID:some",
    "callee": "ID:call",
    "calleeLocation": "336500021220004",
    "arguments": [
      "ID:obj",
      "ID:callbackfn1"
    ],
    "argumentLocations": [
      "336500021270003",
      "336500021320011"
    ],
    "argumentTypes": [
      "unknown",
      "unknown"
    ],
    "parameters": [
      "",
      ""
    ],
    "src": "data/js/programs_all/fholm/IronJS/Src/Tests/ietestcenter/chapter15/15.4/15.4.4/15.4.4.17/15.4.4.17-3-29.js : 46 - 46",
    "filename": "data/js/programs_all/fholm/IronJS/Src/Tests/ietestcenter/chapter15/15.4/15.4.4/15.4.4.17/15.4.4.17-3-29.js"
  },
  {
    "base": "ID:some",
    "callee": "ID:call",
    "calleeLocation": "336500021820004",
    "arguments": [
      "ID:obj",
      "ID:callbackfn2"
    ],
    "argumentLocations": [
      "336500021870003",
      "336500021920011"
    ],
    "argumentTypes": [
      "unknown",
      "unknown"
    ],
    "parameters": [
      "",
      ""
    ],
    "src": "data/js/programs_all/fholm/IronJS/Src/Tests/ietestcenter/chapter15/15.4/15.4.4/15.4.4.17/15.4.4.17-3-29.js : 47 - 47",
    "filename": "data/js/programs_all/fholm/IronJS/Src/Tests/ietestcenter/chapter15/15.4/15.4.4/15.4.4.17/15.4.4.17-3-29.js"
  },
  {
    "base": "ID:some",
    "callee": "ID:call",
    "calleeLocation": "336510020320004",
    "arguments": [
      "ID:obj",
      "ID:callbackfn"
    ],
    "argumentLocations": [
      "336510020370003",
      "336510020420010"
    ],
    "argumentTypes": [
      "unknown",
      "unknown"
    ],
    "parameters": [
      "",
      ""
    ],
    "src": "data/js/programs_all/fholm/IronJS/Src/Tests/ietestcenter/chapter15/15.4/15.4.4/15.4.4.17/15.4.4.17-3-4.js : 42 - 42",
    "filename": "data/js/programs_all/fholm/IronJS/Src/Tests/ietestcenter/chapter15/15.4/15.4.4/15.4.4.17/15.4.4.17-3-4.js"
  },
  {
    "base": "ID:some",
    "callee": "ID:call",
    "calleeLocation": "336520020850004",
    "arguments": [
      "ID:obj",
      "ID:callbackfn1"
    ],
    "argumentLocations": [
      "336520020900003",
      "336520020950011"
    ],
    "argumentTypes": [
      "unknown",
      "unknown"
    ],
    "parameters": [
      "",
      ""
    ],
    "src": "data/js/programs_all/fholm/IronJS/Src/Tests/ietestcenter/chapter15/15.4/15.4.4/15.4.4.17/15.4.4.17-3-7.js : 42 - 42",
    "filename": "data/js/programs_all/fholm/IronJS/Src/Tests/ietestcenter/chapter15/15.4/15.4.4/15.4.4.17/15.4.4.17-3-7.js"
  },
  {
    "base": "ID:some",
    "callee": "ID:call",
    "calleeLocation": "336520021450004",
    "arguments": [
      "ID:obj",
      "ID:callbackfn2"
    ],
    "argumentLocations": [
      "336520021500003",
      "336520021550011"
    ],
    "argumentTypes": [
      "unknown",
      "unknown"
    ],
    "parameters": [
      "",
      ""
    ],
    "src": "data/js/programs_all/fholm/IronJS/Src/Tests/ietestcenter/chapter15/15.4/15.4.4/15.4.4.17/15.4.4.17-3-7.js : 43 - 43",
    "filename": "data/js/programs_all/fholm/IronJS/Src/Tests/ietestcenter/chapter15/15.4/15.4.4/15.4.4.17/15.4.4.17-3-7.js"
  },
  {
    "base": "ID:arr",
    "callee": "ID:some",
    "calleeLocation": "336590019550004",
    "arguments": [
      "ID:callbackfn",
      "ID:f"
    ],
    "argumentLocations": [
      "336590019600010",
      "336590019710001"
    ],
    "argumentTypes": [
      "unknown",
      "unknown"
    ],
    "parameters": [
      "",
      ""
    ],
    "src": "data/js/programs_all/fholm/IronJS/Src/Tests/ietestcenter/chapter15/15.4/15.4.4/15.4.4.17/15.4.4.17-5-5.js : 41 - 41",
    "filename": "data/js/programs_all/fholm/IronJS/Src/Tests/ietestcenter/chapter15/15.4/15.4.4/15.4.4.17/15.4.4.17-5-5.js"
  },
  {
    "base": "ID:some",
    "callee": "ID:call",
    "calleeLocation": "336630021140004",
    "arguments": [
      "ID:obj",
      "ID:callbackfn"
    ],
    "argumentLocations": [
      "336630021190003",
      "336630021240010"
    ],
    "argumentTypes": [
      "unknown",
      "unknown"
    ],
    "parameters": [
      "",
      ""
    ],
    "src": "data/js/programs_all/fholm/IronJS/Src/Tests/ietestcenter/chapter15/15.4/15.4.4/15.4.4.17/15.4.4.17-7-c-i-1.js : 44 - 44",
    "filename": "data/js/programs_all/fholm/IronJS/Src/Tests/ietestcenter/chapter15/15.4/15.4.4/15.4.4.17/15.4.4.17-7-c-i-1.js"
  },
  {
    "base": "ID:some",
    "callee": "ID:call",
    "calleeLocation": "336650022740004",
    "arguments": [
      "ID:obj",
      "ID:callbackfn"
    ],
    "argumentLocations": [
      "336650022790003",
      "336650022840010"
    ],
    "argumentTypes": [
      "unknown",
      "unknown"
    ],
    "parameters": [
      "",
      ""
    ],
    "src": "data/js/programs_all/fholm/IronJS/Src/Tests/ietestcenter/chapter15/15.4/15.4.4/15.4.4.17/15.4.4.17-7-c-i-9.js : 51 - 51",
    "filename": "data/js/programs_all/fholm/IronJS/Src/Tests/ietestcenter/chapter15/15.4/15.4.4/15.4.4.17/15.4.4.17-7-c-i-9.js"
  },
  {
    "base": "ID:some",
    "callee": "ID:call",
    "calleeLocation": "336660020420004",
    "arguments": [
      "ID:obj",
      "ID:callbackfn",
      "LIT:5"
    ],
    "argumentLocations": [
      "336660020470003",
      "336660020520010",
      "336660020640001"
    ],
    "argumentTypes": [
      "unknown",
      "unknown",
      "number"
    ],
    "parameters": [
      "",
      "",
      ""
    ],
    "src": "data/js/programs_all/fholm/IronJS/Src/Tests/ietestcenter/chapter15/15.4/15.4.4/15.4.4.17/15.4.4.17-7-c-ii-17.js : 39 - 39",
    "filename": "data/js/programs_all/fholm/IronJS/Src/Tests/ietestcenter/chapter15/15.4/15.4.4/15.4.4.17/15.4.4.17-7-c-ii-17.js"
  },
  {
    "base": "ID:some",
    "callee": "ID:call",
    "calleeLocation": "336680022830004",
    "arguments": [
      "ID:obj",
      "ID:callbackfn"
    ],
    "argumentLocations": [
      "336680022880003",
      "336680022930010"
    ],
    "argumentTypes": [
      "unknown",
      "unknown"
    ],
    "parameters": [
      "",
      ""
    ],
    "src": "data/js/programs_all/fholm/IronJS/Src/Tests/ietestcenter/chapter15/15.4/15.4.4/15.4.4.17/15.4.4.17-7-c-ii-22.js : 49 - 49",
    "filename": "data/js/programs_all/fholm/IronJS/Src/Tests/ietestcenter/chapter15/15.4/15.4.4/15.4.4.17/15.4.4.17-7-c-ii-22.js"
  },
  {
    "base": "ID:some",
    "callee": "ID:call",
    "calleeLocation": "336690020840004",
    "arguments": [
      "ID:obj",
      "ID:callbackfn"
    ],
    "argumentLocations": [
      "336690020890003",
      "336690020940010"
    ],
    "argumentTypes": [
      "unknown",
      "unknown"
    ],
    "parameters": [
      "",
      ""
    ],
    "src": "data/js/programs_all/fholm/IronJS/Src/Tests/ietestcenter/chapter15/15.4/15.4.4/15.4.4.17/15.4.4.17-7-c-ii-8.js : 42 - 42",
    "filename": "data/js/programs_all/fholm/IronJS/Src/Tests/ietestcenter/chapter15/15.4/15.4.4/15.4.4.17/15.4.4.17-7-c-ii-8.js"
  },
  {
    "base": "ID:some",
    "callee": "ID:call",
    "calleeLocation": "336720025750004",
    "arguments": [
      "ID:obj",
      "ID:callbackfn"
    ],
    "argumentLocations": [
      "336720025800003",
      "336720025850010"
    ],
    "argumentTypes": [
      "unknown",
      "unknown"
    ],
    "parameters": [
      "",
      ""
    ],
    "src": "data/js/programs_all/fholm/IronJS/Src/Tests/ietestcenter/chapter15/15.4/15.4.4/15.4.4.17/15.4.4.17-7-c-iii-28.js : 64 - 64",
    "filename": "data/js/programs_all/fholm/IronJS/Src/Tests/ietestcenter/chapter15/15.4/15.4.4/15.4.4.17/15.4.4.17-7-c-iii-28.js"
  },
  {
    "base": "ID:forEach",
    "callee": "ID:call",
    "calleeLocation": "336780020630004",
    "arguments": [
      "ID:Math",
      "ID:callbackfn"
    ],
    "argumentLocations": [
      "336780020680004",
      "336780020740010"
    ],
    "argumentTypes": [
      "unknown",
      "unknown"
    ],
    "parameters": [
      "",
      ""
    ],
    "src": "data/js/programs_all/fholm/IronJS/Src/Tests/ietestcenter/chapter15/15.4/15.4.4/15.4.4.18/15.4.4.18-1-10.js : 41 - 41",
    "filename": "data/js/programs_all/fholm/IronJS/Src/Tests/ietestcenter/chapter15/15.4/15.4.4/15.4.4.18/15.4.4.18-1-10.js"
  },
  {
    "base": "ID:forEach",
    "callee": "ID:call",
    "calleeLocation": "336790020620004",
    "arguments": [
      "ID:JSON",
      "ID:callbackfn"
    ],
    "argumentLocations": [
      "336790020670004",
      "336790020730010"
    ],
    "argumentTypes": [
      "unknown",
      "unknown"
    ],
    "parameters": [
      "",
      ""
    ],
    "src": "data/js/programs_all/fholm/IronJS/Src/Tests/ietestcenter/chapter15/15.4/15.4.4/15.4.4.18/15.4.4.18-1-13.js : 40 - 40",
    "filename": "data/js/programs_all/fholm/IronJS/Src/Tests/ietestcenter/chapter15/15.4/15.4.4/15.4.4.18/15.4.4.18-1-13.js"
  },
  {
    "base": "ID:forEach",
    "callee": "ID:call",
    "calleeLocation": "336800020530004",
    "arguments": [
      "ID:obj",
      "ID:callbackfn"
    ],
    "argumentLocations": [
      "336800020580003",
      "336800020630010"
    ],
    "argumentTypes": [
      "unknown",
      "unknown"
    ],
    "parameters": [
      "",
      ""
    ],
    "src": "data/js/programs_all/fholm/IronJS/Src/Tests/ietestcenter/chapter15/15.4/15.4.4/15.4.4.18/15.4.4.18-1-6.js : 42 - 42",
    "filename": "data/js/programs_all/fholm/IronJS/Src/Tests/ietestcenter/chapter15/15.4/15.4.4/15.4.4.18/15.4.4.18-1-6.js"
  },
  {
    "base": "ID:forEach",
    "callee": "ID:call",
    "calleeLocation": "336810020690004",
    "arguments": [
      "ID:obj",
      "ID:callbackfn"
    ],
    "argumentLocations": [
      "336810020740003",
      "336810020790010"
    ],
    "argumentTypes": [
      "unknown",
      "unknown"
    ],
    "parameters": [
      "",
      ""
    ],
    "src": "data/js/programs_all/fholm/IronJS/Src/Tests/ietestcenter/chapter15/15.4/15.4.4/15.4.4.18/15.4.4.18-1-9.js : 43 - 43",
    "filename": "data/js/programs_all/fholm/IronJS/Src/Tests/ietestcenter/chapter15/15.4/15.4.4/15.4.4.18/15.4.4.18-1-9.js"
  },
  {
    "base": "ID:forEach",
    "callee": "ID:call",
    "calleeLocation": "336820023530004",
    "arguments": [
      "ID:child",
      "ID:callbackfn"
    ],
    "argumentLocations": [
      "336820023580005",
      "336820023650010"
    ],
    "argumentTypes": [
      "unknown",
      "unknown"
    ],
    "parameters": [
      "",
      ""
    ],
    "src": "data/js/programs_all/fholm/IronJS/Src/Tests/ietestcenter/chapter15/15.4/15.4.4/15.4.4.18/15.4.4.18-2-10.js : 54 - 54",
    "filename": "data/js/programs_all/fholm/IronJS/Src/Tests/ietestcenter/chapter15/15.4/15.4.4/15.4.4.18/15.4.4.18-2-10.js"
  },
  {
    "base": "ID:forEach",
    "callee": "ID:call",
    "calleeLocation": "336830021890004",
    "arguments": [
      "ID:fnGlobalObject",
      "ID:callbackfn"
    ],
    "argumentLocations": [
      "336830021940016",
      "336830022120010"
    ],
    "argumentTypes": [
      "unknown",
      "unknown"
    ],
    "parameters": [
      "",
      ""
    ],
    "src": "data/js/programs_all/fholm/IronJS/Src/Tests/ietestcenter/chapter15/15.4/15.4.4/15.4.4.18/15.4.4.18-2-15.js : 43 - 43",
    "filename": "data/js/programs_all/fholm/IronJS/Src/Tests/ietestcenter/chapter15/15.4/15.4.4/15.4.4.18/15.4.4.18-2-15.js"
  },
  {
    "base": "ID:forEach",
    "callee": "ID:call",
    "calleeLocation": "336840020320004",
    "arguments": [
      "ID:str",
      "ID:callbackfn"
    ],
    "argumentLocations": [
      "336840020370003",
      "336840020420010"
    ],
    "argumentTypes": [
      "unknown",
      "unknown"
    ],
    "parameters": [
      "",
      ""
    ],
    "src": "data/js/programs_all/fholm/IronJS/Src/Tests/ietestcenter/chapter15/15.4/15.4.4/15.4.4.18/15.4.4.18-2-18.js : 39 - 39",
    "filename": "data/js/programs_all/fholm/IronJS/Src/Tests/ietestcenter/chapter15/15.4/15.4.4/15.4.4.18/15.4.4.18-2-18.js"
  },
  {
    "base": "ID:forEach",
    "callee": "ID:call",
    "calleeLocation": "336850025570004",
    "arguments": [
      "ID:child",
      "ID:callbackfn"
    ],
    "argumentLocations": [
      "336850025620005",
      "336850025690010"
    ],
    "argumentTypes": [
      "unknown",
      "unknown"
    ],
    "parameters": [
      "",
      ""
    ],
    "src": "data/js/programs_all/fholm/IronJS/Src/Tests/ietestcenter/chapter15/15.4/15.4.4/15.4.4.18/15.4.4.18-2-9.js : 62 - 62",
    "filename": "data/js/programs_all/fholm/IronJS/Src/Tests/ietestcenter/chapter15/15.4/15.4.4/15.4.4.18/15.4.4.18-2-9.js"
  },
  {
    "base": "ID:forEach",
    "callee": "ID:call",
    "calleeLocation": "336860023500004",
    "arguments": [
      "ID:obj1",
      "ID:callbackfn1"
    ],
    "argumentLocations": [
      "336860023550004",
      "336860023610011"
    ],
    "argumentTypes": [
      "unknown",
      "unknown"
    ],
    "parameters": [
      "",
      ""
    ],
    "src": "data/js/programs_all/fholm/IronJS/Src/Tests/ietestcenter/chapter15/15.4/15.4.4/15.4.4.18/15.4.4.18-3-14.js : 53 - 53",
    "filename": "data/js/programs_all/fholm/IronJS/Src/Tests/ietestcenter/chapter15/15.4/15.4.4/15.4.4.18/15.4.4.18-3-14.js"
  },
  {
    "base": "ID:forEach",
    "callee": "ID:call",
    "calleeLocation": "336860024070004",
    "arguments": [
      "ID:obj2",
      "ID:callbackfn2"
    ],
    "argumentLocations": [
      "336860024120004",
      "336860024180011"
    ],
    "argumentTypes": [
      "unknown",
      "unknown"
    ],
    "parameters": [
      "",
      ""
    ],
    "src": "data/js/programs_all/fholm/IronJS/Src/Tests/ietestcenter/chapter15/15.4/15.4.4/15.4.4.18/15.4.4.18-3-14.js : 54 - 54",
    "filename": "data/js/programs_all/fholm/IronJS/Src/Tests/ietestcenter/chapter15/15.4/15.4.4/15.4.4.18/15.4.4.18-3-14.js"
  },
  {
    "base": "ID:forEach",
    "callee": "ID:call",
    "calleeLocation": "336860024640004",
    "arguments": [
      "ID:obj3",
      "ID:callbackfn3"
    ],
    "argumentLocations": [
      "336860024690004",
      "336860024750011"
    ],
    "argumentTypes": [
      "unknown",
      "unknown"
    ],
    "parameters": [
      "",
      ""
    ],
    "src": "data/js/programs_all/fholm/IronJS/Src/Tests/ietestcenter/chapter15/15.4/15.4.4/15.4.4.18/15.4.4.18-3-14.js : 55 - 55",
    "filename": "data/js/programs_all/fholm/IronJS/Src/Tests/ietestcenter/chapter15/15.4/15.4.4/15.4.4.18/15.4.4.18-3-14.js"
  },
  {
    "base": "ID:forEach",
    "callee": "ID:call",
    "calleeLocation": "336870025090004",
    "arguments": [
      "ID:obj",
      "ID:callbackfn"
    ],
    "argumentLocations": [
      "336870025140003",
      "336870025190010"
    ],
    "argumentTypes": [
      "unknown",
      "unknown"
    ],
    "parameters": [
      "",
      ""
    ],
    "src": "data/js/programs_all/fholm/IronJS/Src/Tests/ietestcenter/chapter15/15.4/15.4.4/15.4.4.18/15.4.4.18-3-22.js : 58 - 58",
    "filename": "data/js/programs_all/fholm/IronJS/Src/Tests/ietestcenter/chapter15/15.4/15.4.4/15.4.4.18/15.4.4.18-3-22.js"
  },
  {
    "base": "ID:forEach",
    "callee": "ID:call",
    "calleeLocation": "336880021240004",
    "arguments": [
      "ID:obj",
      "ID:callbackfn"
    ],
    "argumentLocations": [
      "336880021290003",
      "336880021340010"
    ],
    "argumentTypes": [
      "unknown",
      "unknown"
    ],
    "parameters": [
      "",
      ""
    ],
    "src": "data/js/programs_all/fholm/IronJS/Src/Tests/ietestcenter/chapter15/15.4/15.4.4/15.4.4.18/15.4.4.18-3-25.js : 45 - 45",
    "filename": "data/js/programs_all/fholm/IronJS/Src/Tests/ietestcenter/chapter15/15.4/15.4.4/15.4.4.18/15.4.4.18-3-25.js"
  },
  {
    "base": "ID:forEach",
    "callee": "ID:call",
    "calleeLocation": "336930023070004",
    "arguments": [
      "ID:obj",
      "ID:callbackfn"
    ],
    "argumentLocations": [
      "336930023120003",
      "336930023170010"
    ],
    "argumentTypes": [
      "unknown",
      "unknown"
    ],
    "parameters": [
      "",
      ""
    ],
    "src": "data/js/programs_all/fholm/IronJS/Src/Tests/ietestcenter/chapter15/15.4/15.4.4/15.4.4.18/15.4.4.18-7-b-3.js : 51 - 51",
    "filename": "data/js/programs_all/fholm/IronJS/Src/Tests/ietestcenter/chapter15/15.4/15.4.4/15.4.4.18/15.4.4.18-7-b-3.js"
  },
  {
    "base": "ID:forEach",
    "callee": "ID:call",
    "calleeLocation": "336960024220004",
    "arguments": [
      "ID:arguments",
      "ID:callbackfn"
    ],
    "argumentLocations": [
      "336960024270009",
      "336960024380010"
    ],
    "argumentTypes": [
      "unknown",
      "unknown"
    ],
    "parameters": [
      "",
      ""
    ],
    "src": "data/js/programs_all/fholm/IronJS/Src/Tests/ietestcenter/chapter15/15.4/15.4.4/15.4.4.18/15.4.4.18-7-c-i-26.js : 51 - 51",
    "filename": "data/js/programs_all/fholm/IronJS/Src/Tests/ietestcenter/chapter15/15.4/15.4.4/15.4.4.18/15.4.4.18-7-c-i-26.js"
  },
  {
    "base": "",
    "callee": "ID:func",
    "calleeLocation": "336960024710004",
    "arguments": [
      "LIT:11",
      "LIT:9"
    ],
    "argumentLocations": [
      "336960024760002",
      "336960024800001"
    ],
    "argumentTypes": [
      "number",
      "number"
    ],
    "parameters": [
      "ID:a",
      "ID:b"
    ],
    "src": "data/js/programs_all/fholm/IronJS/Src/Tests/ietestcenter/chapter15/15.4/15.4.4/15.4.4.18/15.4.4.18-7-c-i-26.js : 54 - 54",
    "filename": "data/js/programs_all/fholm/IronJS/Src/Tests/ietestcenter/chapter15/15.4/15.4.4/15.4.4.18/15.4.4.18-7-c-i-26.js"
  },
  {
    "base": "ID:forEach",
    "callee": "ID:call",
    "calleeLocation": "336990020610004",
    "arguments": [
      "ID:obj",
      "ID:callbackfn",
      "LIT:5"
    ],
    "argumentLocations": [
      "336990020660003",
      "336990020710010",
      "336990020830001"
    ],
    "argumentTypes": [
      "unknown",
      "unknown",
      "number"
    ],
    "parameters": [
      "",
      "",
      ""
    ],
    "src": "data/js/programs_all/fholm/IronJS/Src/Tests/ietestcenter/chapter15/15.4/15.4.4/15.4.4.18/15.4.4.18-7-c-ii-17.js : 40 - 40",
    "filename": "data/js/programs_all/fholm/IronJS/Src/Tests/ietestcenter/chapter15/15.4/15.4.4/15.4.4.18/15.4.4.18-7-c-ii-17.js"
  },
  {
    "base": "ID:forEach",
    "callee": "ID:call",
    "calleeLocation": "337000022200004",
    "arguments": [
      "ID:obj",
      "ID:callbackfn"
    ],
    "argumentLocations": [
      "337000022250003",
      "337000022300010"
    ],
    "argumentTypes": [
      "unknown",
      "unknown"
    ],
    "parameters": [
      "",
      ""
    ],
    "src": "data/js/programs_all/fholm/IronJS/Src/Tests/ietestcenter/chapter15/15.4/15.4.4/15.4.4.18/15.4.4.18-7-c-ii-7.js : 47 - 47",
    "filename": "data/js/programs_all/fholm/IronJS/Src/Tests/ietestcenter/chapter15/15.4/15.4.4/15.4.4.18/15.4.4.18-7-c-ii-7.js"
  },
  {
    "base": "ID:map",
    "callee": "ID:call",
    "calleeLocation": "337030020430004",
    "arguments": [
      "ID:JSON",
      "ID:callbackfn"
    ],
    "argumentLocations": [
      "337030020480004",
      "337030020540010"
    ],
    "argumentTypes": [
      "unknown",
      "unknown"
    ],
    "parameters": [
      "",
      ""
    ],
    "src": "data/js/programs_all/fholm/IronJS/Src/Tests/ietestcenter/chapter15/15.4/15.4.4/15.4.4.19/15.4.4.19-1-13.js : 39 - 39",
    "filename": "data/js/programs_all/fholm/IronJS/Src/Tests/ietestcenter/chapter15/15.4/15.4.4/15.4.4.19/15.4.4.19-1-13.js"
  },
  {
    "base": "ID:map",
    "callee": "ID:call",
    "calleeLocation": "337050023240004",
    "arguments": [
      "ID:child",
      "ID:callbackfn"
    ],
    "argumentLocations": [
      "337050023290005",
      "337050023360010"
    ],
    "argumentTypes": [
      "unknown",
      "unknown"
    ],
    "parameters": [
      "",
      ""
    ],
    "src": "data/js/programs_all/fholm/IronJS/Src/Tests/ietestcenter/chapter15/15.4/15.4.4/15.4.4.19/15.4.4.19-2-10.js : 53 - 53",
    "filename": "data/js/programs_all/fholm/IronJS/Src/Tests/ietestcenter/chapter15/15.4/15.4.4/15.4.4.19/15.4.4.19-2-10.js"
  },
  {
    "base": "ID:map",
    "callee": "ID:call",
    "calleeLocation": "337060025320004",
    "arguments": [
      "ID:child",
      "ID:callbackfn"
    ],
    "argumentLocations": [
      "337060025370005",
      "337060025440010"
    ],
    "argumentTypes": [
      "unknown",
      "unknown"
    ],
    "parameters": [
      "",
      ""
    ],
    "src": "data/js/programs_all/fholm/IronJS/Src/Tests/ietestcenter/chapter15/15.4/15.4.4/15.4.4.19/15.4.4.19-2-9.js : 61 - 61",
    "filename": "data/js/programs_all/fholm/IronJS/Src/Tests/ietestcenter/chapter15/15.4/15.4.4/15.4.4.19/15.4.4.19-2-9.js"
  },
  {
    "base": "ID:map",
    "callee": "ID:call",
    "calleeLocation": "337070024620004",
    "arguments": [
      "ID:obj",
      "ID:callbackfn"
    ],
    "argumentLocations": [
      "337070024670003",
      "337070024720010"
    ],
    "argumentTypes": [
      "unknown",
      "unknown"
    ],
    "parameters": [
      "",
      ""
    ],
    "src": "data/js/programs_all/fholm/IronJS/Src/Tests/ietestcenter/chapter15/15.4/15.4.4/15.4.4.19/15.4.4.19-3-21.js : 55 - 55",
    "filename": "data/js/programs_all/fholm/IronJS/Src/Tests/ietestcenter/chapter15/15.4/15.4.4/15.4.4.19/15.4.4.19-3-21.js"
  },
  {
    "base": "ID:map",
    "callee": "ID:call",
    "calleeLocation": "337090021430004",
    "arguments": [
      "ID:obj",
      "LIT:null"
    ],
    "argumentLocations": [
      "337090021480003",
      "337090021530004"
    ],
    "argumentTypes": [
      "unknown",
      "null"
    ],
    "parameters": [
      "",
      ""
    ],
    "src": "data/js/programs_all/fholm/IronJS/Src/Tests/ietestcenter/chapter15/15.4/15.4.4/15.4.4.19/15.4.4.19-4-8.js : 46 - 46",
    "filename": "data/js/programs_all/fholm/IronJS/Src/Tests/ietestcenter/chapter15/15.4/15.4.4/15.4.4.19/15.4.4.19-4-8.js"
  },
  {
    "base": "ID:map",
    "callee": "ID:call",
    "calleeLocation": "337150021700004",
    "arguments": [
      "ID:arguments",
      "ID:callbackfn"
    ],
    "argumentLocations": [
      "337150021750009",
      "337150021860010"
    ],
    "argumentTypes": [
      "unknown",
      "unknown"
    ],
    "parameters": [
      "",
      ""
    ],
    "src": "data/js/programs_all/fholm/IronJS/Src/Tests/ietestcenter/chapter15/15.4/15.4.4/15.4.4.19/15.4.4.19-8-c-i-25.js : 42 - 42",
    "filename": "data/js/programs_all/fholm/IronJS/Src/Tests/ietestcenter/chapter15/15.4/15.4.4/15.4.4.19/15.4.4.19-8-c-i-25.js"
  },
  {
    "base": "ID:map",
    "callee": "ID:call",
    "calleeLocation": "337160022790004",
    "arguments": [
      "ID:obj",
      "ID:callbackfn"
    ],
    "argumentLocations": [
      "337160022840003",
      "337160022890010"
    ],
    "argumentTypes": [
      "unknown",
      "unknown"
    ],
    "parameters": [
      "",
      ""
    ],
    "src": "data/js/programs_all/fholm/IronJS/Src/Tests/ietestcenter/chapter15/15.4/15.4.4/15.4.4.19/15.4.4.19-8-c-i-9.js : 51 - 51",
    "filename": "data/js/programs_all/fholm/IronJS/Src/Tests/ietestcenter/chapter15/15.4/15.4.4/15.4.4.19/15.4.4.19-8-c-i-9.js"
  },
  {
    "base": "ID:map",
    "callee": "ID:call",
    "calleeLocation": "337180021550004",
    "arguments": [
      "ID:obj",
      "ID:callbackfn"
    ],
    "argumentLocations": [
      "337180021600003",
      "337180021650010"
    ],
    "argumentTypes": [
      "unknown",
      "unknown"
    ],
    "parameters": [
      "",
      ""
    ],
    "src": "data/js/programs_all/fholm/IronJS/Src/Tests/ietestcenter/chapter15/15.4/15.4.4/15.4.4.19/15.4.4.19-8-c-ii-19.js : 46 - 46",
    "filename": "data/js/programs_all/fholm/IronJS/Src/Tests/ietestcenter/chapter15/15.4/15.4.4/15.4.4.19/15.4.4.19-8-c-ii-19.js"
  },
  {
    "base": "ID:map",
    "callee": "ID:call",
    "calleeLocation": "337200025100004",
    "arguments": [
      "ID:f",
      "ID:cb"
    ],
    "argumentLocations": [
      "337200025150001",
      "337200025180002"
    ],
    "argumentTypes": [
      "unknown",
      "unknown"
    ],
    "parameters": [
      "",
      ""
    ],
    "src": "data/js/programs_all/fholm/IronJS/Src/Tests/ietestcenter/chapter15/15.4/15.4.4/15.4.4.19/15.4.4.19-9-11.js : 50 - 50",
    "filename": "data/js/programs_all/fholm/IronJS/Src/Tests/ietestcenter/chapter15/15.4/15.4.4/15.4.4.19/15.4.4.19-9-11.js"
  },
  {
    "base": "ID:map",
    "callee": "ID:call",
    "calleeLocation": "337220019980004",
    "arguments": [
      "ID:obj",
      "ID:callbackfn"
    ],
    "argumentLocations": [
      "337220020030003",
      "337220020080010"
    ],
    "argumentTypes": [
      "unknown",
      "unknown"
    ],
    "parameters": [
      "",
      ""
    ],
    "src": "data/js/programs_all/fholm/IronJS/Src/Tests/ietestcenter/chapter15/15.4/15.4.4/15.4.4.19/15.4.4.19-9-5.js : 39 - 39",
    "filename": "data/js/programs_all/fholm/IronJS/Src/Tests/ietestcenter/chapter15/15.4/15.4.4/15.4.4.19/15.4.4.19-9-5.js"
  },
  {
    "base": "ID:filter",
    "callee": "ID:call",
    "calleeLocation": "337240020400004",
    "arguments": [
      "ID:Math",
      "ID:callbackfn"
    ],
    "argumentLocations": [
      "337240020450004",
      "337240020510010"
    ],
    "argumentTypes": [
      "unknown",
      "unknown"
    ],
    "parameters": [
      "",
      ""
    ],
    "src": "data/js/programs_all/fholm/IronJS/Src/Tests/ietestcenter/chapter15/15.4/15.4.4/15.4.4.20/15.4.4.20-1-10.js : 39 - 39",
    "filename": "data/js/programs_all/fholm/IronJS/Src/Tests/ietestcenter/chapter15/15.4/15.4.4/15.4.4.20/15.4.4.20-1-10.js"
  },
  {
    "base": "ID:filter",
    "callee": "ID:call",
    "calleeLocation": "337250020040004",
    "arguments": [
      "ID:obj",
      "ID:callbackfn"
    ],
    "argumentLocations": [
      "337250020090003",
      "337250020140010"
    ],
    "argumentTypes": [
      "unknown",
      "unknown"
    ],
    "parameters": [
      "",
      ""
    ],
    "src": "data/js/programs_all/fholm/IronJS/Src/Tests/ietestcenter/chapter15/15.4/15.4.4/15.4.4.20/15.4.4.20-1-11.js : 41 - 41",
    "filename": "data/js/programs_all/fholm/IronJS/Src/Tests/ietestcenter/chapter15/15.4/15.4.4/15.4.4.20/15.4.4.20-1-11.js"
  },
  {
    "base": "ID:filter",
    "callee": "ID:call",
    "calleeLocation": "337260019670004",
    "arguments": [
      "ID:obj",
      "ID:callbackfn"
    ],
    "argumentLocations": [
      "337260019720003",
      "337260019770010"
    ],
    "argumentTypes": [
      "unknown",
      "unknown"
    ],
    "parameters": [
      "",
      ""
    ],
    "src": "data/js/programs_all/fholm/IronJS/Src/Tests/ietestcenter/chapter15/15.4/15.4.4/15.4.4.20/15.4.4.20-1-8.js : 37 - 37",
    "filename": "data/js/programs_all/fholm/IronJS/Src/Tests/ietestcenter/chapter15/15.4/15.4.4/15.4.4.20/15.4.4.20-1-8.js"
  },
  {
    "base": "ID:filter",
    "callee": "ID:call",
    "calleeLocation": "337270020220004",
    "arguments": [
      "ID:arguments",
      "ID:callbackfn"
    ],
    "argumentLocations": [
      "337270020270009",
      "337270020380010"
    ],
    "argumentTypes": [
      "unknown",
      "unknown"
    ],
    "parameters": [
      "",
      ""
    ],
    "src": "data/js/programs_all/fholm/IronJS/Src/Tests/ietestcenter/chapter15/15.4/15.4.4/15.4.4.20/15.4.4.20-2-17.js : 38 - 38",
    "filename": "data/js/programs_all/fholm/IronJS/Src/Tests/ietestcenter/chapter15/15.4/15.4.4/15.4.4.20/15.4.4.20-2-17.js"
  },
  {
    "base": "",
    "callee": "ID:func",
    "calleeLocation": "337270021180004",
    "arguments": [
      "LIT:12",
      "LIT:11"
    ],
    "argumentLocations": [
      "337270021230002",
      "337270021270002"
    ],
    "argumentTypes": [
      "number",
      "number"
    ],
    "parameters": [
      "ID:a",
      "ID:b"
    ],
    "src": "data/js/programs_all/fholm/IronJS/Src/Tests/ietestcenter/chapter15/15.4/15.4.4/15.4.4.20/15.4.4.20-2-17.js : 42 - 42",
    "filename": "data/js/programs_all/fholm/IronJS/Src/Tests/ietestcenter/chapter15/15.4/15.4.4/15.4.4.20/15.4.4.20-2-17.js"
  },
  {
    "base": "ID:filter",
    "callee": "ID:call",
    "calleeLocation": "337280020320004",
    "arguments": [
      "ID:obj",
      "ID:callbackfn"
    ],
    "argumentLocations": [
      "337280020370003",
      "337280020420010"
    ],
    "argumentTypes": [
      "unknown",
      "unknown"
    ],
    "parameters": [
      "",
      ""
    ],
    "src": "data/js/programs_all/fholm/IronJS/Src/Tests/ietestcenter/chapter15/15.4/15.4.4/15.4.4.20/15.4.4.20-3-3.js : 39 - 39",
    "filename": "data/js/programs_all/fholm/IronJS/Src/Tests/ietestcenter/chapter15/15.4/15.4.4/15.4.4.20/15.4.4.20-3-3.js"
  },
  {
    "base": "ID:srcArr",
    "callee": "ID:filter",
    "calleeLocation": "337330019370006",
    "arguments": [
      "ID:callbackfn",
      "ID:foo"
    ],
    "argumentLocations": [
      "337330019440010",
      "337330019550003"
    ],
    "argumentTypes": [
      "unknown",
      "unknown"
    ],
    "parameters": [
      "",
      ""
    ],
    "src": "data/js/programs_all/fholm/IronJS/Src/Tests/ietestcenter/chapter15/15.4/15.4.4/15.4.4.20/15.4.4.20-5-6.js : 40 - 40",
    "filename": "data/js/programs_all/fholm/IronJS/Src/Tests/ietestcenter/chapter15/15.4/15.4.4/15.4.4.20/15.4.4.20-5-6.js"
  },
  {
    "base": "ID:filter",
    "callee": "ID:call",
    "calleeLocation": "337350022980004",
    "arguments": [
      "ID:obj",
      "ID:callbackfn"
    ],
    "argumentLocations": [
      "337350023030003",
      "337350023080010"
    ],
    "argumentTypes": [
      "unknown",
      "unknown"
    ],
    "parameters": [
      "",
      ""
    ],
    "src": "data/js/programs_all/fholm/IronJS/Src/Tests/ietestcenter/chapter15/15.4/15.4.4/15.4.4.20/15.4.4.20-9-b-10.js : 47 - 47",
    "filename": "data/js/programs_all/fholm/IronJS/Src/Tests/ietestcenter/chapter15/15.4/15.4.4/15.4.4.20/15.4.4.20-9-b-10.js"
  },
  {
    "base": "ID:filter",
    "callee": "ID:call",
    "calleeLocation": "337370023860004",
    "arguments": [
      "ID:obj",
      "ID:callbackfn"
    ],
    "argumentLocations": [
      "337370023910003",
      "337370023960010"
    ],
    "argumentTypes": [
      "unknown",
      "unknown"
    ],
    "parameters": [
      "",
      ""
    ],
    "src": "data/js/programs_all/fholm/IronJS/Src/Tests/ietestcenter/chapter15/15.4/15.4.4/15.4.4.20/15.4.4.20-9-b-4.js : 51 - 51",
    "filename": "data/js/programs_all/fholm/IronJS/Src/Tests/ietestcenter/chapter15/15.4/15.4.4/15.4.4.20/15.4.4.20-9-b-4.js"
  },
  {
    "base": "ID:filter",
    "callee": "ID:call",
    "calleeLocation": "337380020670004",
    "arguments": [
      "ID:obj",
      "ID:callbackfn"
    ],
    "argumentLocations": [
      "337380020720003",
      "337380020770010"
    ],
    "argumentTypes": [
      "unknown",
      "unknown"
    ],
    "parameters": [
      "",
      ""
    ],
    "src": "data/js/programs_all/fholm/IronJS/Src/Tests/ietestcenter/chapter15/15.4/15.4.4/15.4.4.20/15.4.4.20-9-c-i-1.js : 40 - 40",
    "filename": "data/js/programs_all/fholm/IronJS/Src/Tests/ietestcenter/chapter15/15.4/15.4.4/15.4.4.20/15.4.4.20-9-c-i-1.js"
  },
  {
    "base": "ID:filter",
    "callee": "ID:call",
    "calleeLocation": "337420025450004",
    "arguments": [
      "ID:obj",
      "ID:callbackfn"
    ],
    "argumentLocations": [
      "337420025500003",
      "337420025550010"
    ],
    "argumentTypes": [
      "unknown",
      "unknown"
    ],
    "parameters": [
      "",
      ""
    ],
    "src": "data/js/programs_all/fholm/IronJS/Src/Tests/ietestcenter/chapter15/15.4/15.4.4/15.4.4.20/15.4.4.20-9-c-i-29.js : 57 - 57",
    "filename": "data/js/programs_all/fholm/IronJS/Src/Tests/ietestcenter/chapter15/15.4/15.4.4/15.4.4.20/15.4.4.20-9-c-i-29.js"
  },
  {
    "base": "ID:filter",
    "callee": "ID:call",
    "calleeLocation": "337430022280004",
    "arguments": [
      "ID:child",
      "ID:callbackfn"
    ],
    "argumentLocations": [
      "337430022330005",
      "337430022400010"
    ],
    "argumentTypes": [
      "unknown",
      "unknown"
    ],
    "parameters": [
      "",
      ""
    ],
    "src": "data/js/programs_all/fholm/IronJS/Src/Tests/ietestcenter/chapter15/15.4/15.4.4/15.4.4.20/15.4.4.20-9-c-i-3.js : 46 - 46",
    "filename": "data/js/programs_all/fholm/IronJS/Src/Tests/ietestcenter/chapter15/15.4/15.4.4/15.4.4.20/15.4.4.20-9-c-i-3.js"
  },
  {
    "base": "ID:filter",
    "callee": "ID:call",
    "calleeLocation": "337460021920004",
    "arguments": [
      "ID:child",
      "ID:callbackfn"
    ],
    "argumentLocations": [
      "337460021970005",
      "337460022040010"
    ],
    "argumentTypes": [
      "unknown",
      "unknown"
    ],
    "parameters": [
      "",
      ""
    ],
    "src": "data/js/programs_all/fholm/IronJS/Src/Tests/ietestcenter/chapter15/15.4/15.4.4/15.4.4.20/15.4.4.20-9-c-i-7.js : 47 - 47",
    "filename": "data/js/programs_all/fholm/IronJS/Src/Tests/ietestcenter/chapter15/15.4/15.4.4/15.4.4.20/15.4.4.20-9-c-i-7.js"
  },
  {
    "base": "ID:filter",
    "callee": "ID:call",
    "calleeLocation": "337480020380004",
    "arguments": [
      "ID:obj",
      "ID:callbackfn",
      "LIT:5"
    ],
    "argumentLocations": [
      "337480020430003",
      "337480020480010",
      "337480020600001"
    ],
    "argumentTypes": [
      "unknown",
      "unknown",
      "number"
    ],
    "parameters": [
      "",
      "",
      ""
    ],
    "src": "data/js/programs_all/fholm/IronJS/Src/Tests/ietestcenter/chapter15/15.4/15.4.4/15.4.4.20/15.4.4.20-9-c-ii-17.js : 38 - 38",
    "filename": "data/js/programs_all/fholm/IronJS/Src/Tests/ietestcenter/chapter15/15.4/15.4.4/15.4.4.20/15.4.4.20-9-c-ii-17.js"
  },
  {
    "base": "ID:filter",
    "callee": "ID:call",
    "calleeLocation": "337490021760004",
    "arguments": [
      "ID:obj",
      "ID:callbackfn"
    ],
    "argumentLocations": [
      "337490021810003",
      "337490021860010"
    ],
    "argumentTypes": [
      "unknown",
      "unknown"
    ],
    "parameters": [
      "",
      ""
    ],
    "src": "data/js/programs_all/fholm/IronJS/Src/Tests/ietestcenter/chapter15/15.4/15.4.4/15.4.4.20/15.4.4.20-9-c-ii-22.js : 46 - 46",
    "filename": "data/js/programs_all/fholm/IronJS/Src/Tests/ietestcenter/chapter15/15.4/15.4.4/15.4.4.20/15.4.4.20-9-c-ii-22.js"
  },
  {
    "base": "ID:filter",
    "callee": "ID:call",
    "calleeLocation": "337540020490004",
    "arguments": [
      "ID:obj",
      "ID:callbackfn"
    ],
    "argumentLocations": [
      "337540020540003",
      "337540020590010"
    ],
    "argumentTypes": [
      "unknown",
      "unknown"
    ],
    "parameters": [
      "",
      ""
    ],
    "src": "data/js/programs_all/fholm/IronJS/Src/Tests/ietestcenter/chapter15/15.4/15.4.4/15.4.4.20/15.4.4.20-9-c-iii-29.js : 42 - 42",
    "filename": "data/js/programs_all/fholm/IronJS/Src/Tests/ietestcenter/chapter15/15.4/15.4.4/15.4.4.20/15.4.4.20-9-c-iii-29.js"
  },
  {
    "base": "ID:filter",
    "callee": "ID:call",
    "calleeLocation": "337550020390004",
    "arguments": [
      "ID:obj",
      "ID:callbackfn"
    ],
    "argumentLocations": [
      "337550020440003",
      "337550020490010"
    ],
    "argumentTypes": [
      "unknown",
      "unknown"
    ],
    "parameters": [
      "",
      ""
    ],
    "src": "data/js/programs_all/fholm/IronJS/Src/Tests/ietestcenter/chapter15/15.4/15.4.4/15.4.4.20/15.4.4.20-9-c-iii-3.js : 42 - 42",
    "filename": "data/js/programs_all/fholm/IronJS/Src/Tests/ietestcenter/chapter15/15.4/15.4.4/15.4.4.20/15.4.4.20-9-c-iii-3.js"
  },
  {
    "base": "ID:reduce",
    "callee": "ID:call",
    "calleeLocation": "337560020130004",
    "arguments": [
      "ID:obj",
      "ID:callbackfn",
      "LIT:1"
    ],
    "argumentLocations": [
      "337560020180003",
      "337560020230010",
      "337560020350001"
    ],
    "argumentTypes": [
      "unknown",
      "unknown",
      "number"
    ],
    "parameters": [
      "",
      "",
      ""
    ],
    "src": "data/js/programs_all/fholm/IronJS/Src/Tests/ietestcenter/chapter15/15.4/15.4.4/15.4.4.21/15.4.4.21-1-14.js : 40 - 40",
    "filename": "data/js/programs_all/fholm/IronJS/Src/Tests/ietestcenter/chapter15/15.4/15.4.4/15.4.4.21/15.4.4.21-1-14.js"
  },
  {
    "base": "ID:reduce",
    "callee": "ID:call",
    "calleeLocation": "337600021810004",
    "arguments": [
      "ID:child",
      "ID:callbackfn",
      "LIT:1"
    ],
    "argumentLocations": [
      "337600021860005",
      "337600021930010",
      "337600022050001"
    ],
    "argumentTypes": [
      "unknown",
      "unknown",
      "number"
    ],
    "parameters": [
      "",
      "",
      ""
    ],
    "src": "data/js/programs_all/fholm/IronJS/Src/Tests/ietestcenter/chapter15/15.4/15.4.4/15.4.4.21/15.4.4.21-2-6.js : 47 - 47",
    "filename": "data/js/programs_all/fholm/IronJS/Src/Tests/ietestcenter/chapter15/15.4/15.4.4/15.4.4.21/15.4.4.21-2-6.js"
  },
  {
    "base": "ID:reduce",
    "callee": "ID:call",
    "calleeLocation": "337610020400004",
    "arguments": [
      "ID:obj",
      "ID:callbackfn",
      "LIT:1"
    ],
    "argumentLocations": [
      "337610020450003",
      "337610020500010",
      "337610020620001"
    ],
    "argumentTypes": [
      "unknown",
      "unknown",
      "number"
    ],
    "parameters": [
      "",
      "",
      ""
    ],
    "src": "data/js/programs_all/fholm/IronJS/Src/Tests/ietestcenter/chapter15/15.4/15.4.4/15.4.4.21/15.4.4.21-3-1.js : 42 - 42",
    "filename": "data/js/programs_all/fholm/IronJS/Src/Tests/ietestcenter/chapter15/15.4/15.4.4/15.4.4.21/15.4.4.21-3-1.js"
  },
  {
    "base": "ID:reduce",
    "callee": "ID:call",
    "calleeLocation": "337620020510004",
    "arguments": [
      "ID:obj",
      "ID:callbackfn",
      "LIT:1"
    ],
    "argumentLocations": [
      "337620020560003",
      "337620020610010",
      "337620020730001"
    ],
    "argumentTypes": [
      "unknown",
      "unknown",
      "number"
    ],
    "parameters": [
      "",
      "",
      ""
    ],
    "src": "data/js/programs_all/fholm/IronJS/Src/Tests/ietestcenter/chapter15/15.4/15.4.4/15.4.4.21/15.4.4.21-3-10.js : 42 - 42",
    "filename": "data/js/programs_all/fholm/IronJS/Src/Tests/ietestcenter/chapter15/15.4/15.4.4/15.4.4.21/15.4.4.21-3-10.js"
  },
  {
    "base": "ID:reduce",
    "callee": "ID:call",
    "calleeLocation": "337630020320004",
    "arguments": [
      "ID:obj",
      "ID:callbackfn",
      "LIT:1"
    ],
    "argumentLocations": [
      "337630020370003",
      "337630020420010",
      "337630020540001"
    ],
    "argumentTypes": [
      "unknown",
      "unknown",
      "number"
    ],
    "parameters": [
      "",
      "",
      ""
    ],
    "src": "data/js/programs_all/fholm/IronJS/Src/Tests/ietestcenter/chapter15/15.4/15.4.4/15.4.4.21/15.4.4.21-3-12.js : 39 - 39",
    "filename": "data/js/programs_all/fholm/IronJS/Src/Tests/ietestcenter/chapter15/15.4/15.4.4/15.4.4.21/15.4.4.21-3-12.js"
  },
  {
    "base": "ID:reduce",
    "callee": "ID:call",
    "calleeLocation": "337640020280004",
    "arguments": [
      "ID:obj",
      "ID:callbackfn",
      "LIT:1"
    ],
    "argumentLocations": [
      "337640020330003",
      "337640020380010",
      "337640020500001"
    ],
    "argumentTypes": [
      "unknown",
      "unknown",
      "number"
    ],
    "parameters": [
      "",
      "",
      ""
    ],
    "src": "data/js/programs_all/fholm/IronJS/Src/Tests/ietestcenter/chapter15/15.4/15.4.4/15.4.4.21/15.4.4.21-3-15.js : 39 - 39",
    "filename": "data/js/programs_all/fholm/IronJS/Src/Tests/ietestcenter/chapter15/15.4/15.4.4/15.4.4.21/15.4.4.21-3-15.js"
  },
  {
    "base": "ID:reduce",
    "callee": "ID:call",
    "calleeLocation": "337650025370004",
    "arguments": [
      "ID:obj",
      "ID:callbackfn",
      "LIT:1"
    ],
    "argumentLocations": [
      "337650025420003",
      "337650025470010",
      "337650025590001"
    ],
    "argumentTypes": [
      "unknown",
      "unknown",
      "number"
    ],
    "parameters": [
      "",
      "",
      ""
    ],
    "src": "data/js/programs_all/fholm/IronJS/Src/Tests/ietestcenter/chapter15/15.4/15.4.4/15.4.4.21/15.4.4.21-3-22.js : 59 - 59",
    "filename": "data/js/programs_all/fholm/IronJS/Src/Tests/ietestcenter/chapter15/15.4/15.4.4/15.4.4.21/15.4.4.21-3-22.js"
  },
  {
    "base": "ID:reduce",
    "callee": "ID:call",
    "calleeLocation": "337660020700004",
    "arguments": [
      "ID:obj",
      "ID:callbackfn",
      "LIT:1"
    ],
    "argumentLocations": [
      "337660020750003",
      "337660020800010",
      "337660020920001"
    ],
    "argumentTypes": [
      "unknown",
      "unknown",
      "number"
    ],
    "parameters": [
      "",
      "",
      ""
    ],
    "src": "data/js/programs_all/fholm/IronJS/Src/Tests/ietestcenter/chapter15/15.4/15.4.4/15.4.4.21/15.4.4.21-3-29.js : 43 - 43",
    "filename": "data/js/programs_all/fholm/IronJS/Src/Tests/ietestcenter/chapter15/15.4/15.4.4/15.4.4.21/15.4.4.21-3-29.js"
  },
  {
    "base": "ID:reduce",
    "callee": "ID:call",
    "calleeLocation": "337680022710004",
    "arguments": [
      "ID:obj",
      "ID:callbackfn"
    ],
    "argumentLocations": [
      "337680022760003",
      "337680022810010"
    ],
    "argumentTypes": [
      "unknown",
      "unknown"
    ],
    "parameters": [
      "",
      ""
    ],
    "src": "data/js/programs_all/fholm/IronJS/Src/Tests/ietestcenter/chapter15/15.4/15.4.4/15.4.4.21/15.4.4.21-5-10.js : 50 - 50",
    "filename": "data/js/programs_all/fholm/IronJS/Src/Tests/ietestcenter/chapter15/15.4/15.4.4/15.4.4.21/15.4.4.21-5-10.js"
  },
  {
    "base": "ID:f",
    "callee": "ID:reduce",
    "calleeLocation": "337690020130006",
    "arguments": [
      "ID:cb",
      "LIT:1"
    ],
    "argumentLocations": [
      "337690020200002",
      "337690020230001"
    ],
    "argumentTypes": [
      "unknown",
      "number"
    ],
    "parameters": [
      "",
      ""
    ],
    "src": "data/js/programs_all/fholm/IronJS/Src/Tests/ietestcenter/chapter15/15.4/15.4.4/15.4.4.21/15.4.4.21-7-2.js : 37 - 37",
    "filename": "data/js/programs_all/fholm/IronJS/Src/Tests/ietestcenter/chapter15/15.4/15.4.4/15.4.4.21/15.4.4.21-7-2.js"
  },
  {
    "base": "ID:f",
    "callee": "ID:reduce",
    "calleeLocation": "337700020570006",
    "arguments": [
      "ID:cb",
      "LIT:1"
    ],
    "argumentLocations": [
      "337700020640002",
      "337700020670001"
    ],
    "argumentTypes": [
      "unknown",
      "number"
    ],
    "parameters": [
      "",
      ""
    ],
    "src": "data/js/programs_all/fholm/IronJS/Src/Tests/ietestcenter/chapter15/15.4/15.4.4/15.4.4.21/15.4.4.21-7-6.js : 39 - 39",
    "filename": "data/js/programs_all/fholm/IronJS/Src/Tests/ietestcenter/chapter15/15.4/15.4.4/15.4.4.21/15.4.4.21-7-6.js"
  },
  {
    "base": "ID:reduce",
    "callee": "ID:call",
    "calleeLocation": "337720022540004",
    "arguments": [
      "ID:arguments",
      "ID:callbackfn"
    ],
    "argumentLocations": [
      "337720022590009",
      "337720022700010"
    ],
    "argumentTypes": [
      "unknown",
      "unknown"
    ],
    "parameters": [
      "",
      ""
    ],
    "src": "data/js/programs_all/fholm/IronJS/Src/Tests/ietestcenter/chapter15/15.4/15.4.4/15.4.4.21/15.4.4.21-8-b-iii-1-27.js : 43 - 43",
    "filename": "data/js/programs_all/fholm/IronJS/Src/Tests/ietestcenter/chapter15/15.4/15.4.4/15.4.4.21/15.4.4.21-8-b-iii-1-27.js"
  },
  {
    "base": "",
    "callee": "ID:func",
    "calleeLocation": "337720023030004",
    "arguments": [
      "LIT:0",
      "LIT:1",
      "LIT:2",
      "LIT:3"
    ],
    "argumentLocations": [
      "337720023080001",
      "337720023110001",
      "337720023140001",
      "337720023170001"
    ],
    "argumentTypes": [
      "number",
      "number",
      "number",
      "number"
    ],
    "parameters": [
      "ID:a",
      "ID:b",
      "ID:c",
      ""
    ],
    "src": "data/js/programs_all/fholm/IronJS/Src/Tests/ietestcenter/chapter15/15.4/15.4.4/15.4.4.21/15.4.4.21-8-b-iii-1-27.js : 46 - 46",
    "filename": "data/js/programs_all/fholm/IronJS/Src/Tests/ietestcenter/chapter15/15.4/15.4.4/15.4.4.21/15.4.4.21-8-b-iii-1-27.js"
  },
  {
    "base": "ID:reduce",
    "callee": "ID:call",
    "calleeLocation": "337730022380004",
    "arguments": [
      "ID:obj",
      "ID:callbackfn"
    ],
    "argumentLocations": [
      "337730022430003",
      "337730022480010"
    ],
    "argumentTypes": [
      "unknown",
      "unknown"
    ],
    "parameters": [
      "",
      ""
    ],
    "src": "data/js/programs_all/fholm/IronJS/Src/Tests/ietestcenter/chapter15/15.4/15.4.4/15.4.4.21/15.4.4.21-8-b-iii-1-29.js : 48 - 48",
    "filename": "data/js/programs_all/fholm/IronJS/Src/Tests/ietestcenter/chapter15/15.4/15.4.4/15.4.4.21/15.4.4.21-8-b-iii-1-29.js"
  },
  {
    "base": "ID:reduce",
    "callee": "ID:call",
    "calleeLocation": "337740023410004",
    "arguments": [
      "ID:child",
      "ID:callbackfn"
    ],
    "argumentLocations": [
      "337740023460005",
      "337740023530010"
    ],
    "argumentTypes": [
      "unknown",
      "unknown"
    ],
    "parameters": [
      "",
      ""
    ],
    "src": "data/js/programs_all/fholm/IronJS/Src/Tests/ietestcenter/chapter15/15.4/15.4.4/15.4.4.21/15.4.4.21-8-b-iii-1-3.js : 49 - 49",
    "filename": "data/js/programs_all/fholm/IronJS/Src/Tests/ietestcenter/chapter15/15.4/15.4.4/15.4.4.21/15.4.4.21-8-b-iii-1-3.js"
  },
  {
    "base": "ID:reduce",
    "callee": "ID:call",
    "calleeLocation": "337750024050004",
    "arguments": [
      "ID:obj",
      "ID:callbackfn"
    ],
    "argumentLocations": [
      "337750024100003",
      "337750024150010"
    ],
    "argumentTypes": [
      "unknown",
      "unknown"
    ],
    "parameters": [
      "",
      ""
    ],
    "src": "data/js/programs_all/fholm/IronJS/Src/Tests/ietestcenter/chapter15/15.4/15.4.4/15.4.4.21/15.4.4.21-8-b-iii-1-32.js : 51 - 51",
    "filename": "data/js/programs_all/fholm/IronJS/Src/Tests/ietestcenter/chapter15/15.4/15.4.4/15.4.4.21/15.4.4.21-8-b-iii-1-32.js"
  },
  {
    "base": "ID:reduce",
    "callee": "ID:call",
    "calleeLocation": "337770024150004",
    "arguments": [
      "ID:obj",
      "ID:callbackfn"
    ],
    "argumentLocations": [
      "337770024200003",
      "337770024250010"
    ],
    "argumentTypes": [
      "unknown",
      "unknown"
    ],
    "parameters": [
      "",
      ""
    ],
    "src": "data/js/programs_all/fholm/IronJS/Src/Tests/ietestcenter/chapter15/15.4/15.4.4/15.4.4.21/15.4.4.21-9-b-12.js : 52 - 52",
    "filename": "data/js/programs_all/fholm/IronJS/Src/Tests/ietestcenter/chapter15/15.4/15.4.4/15.4.4.21/15.4.4.21-9-b-12.js"
  },
  {
    "base": "ID:reduce",
    "callee": "ID:call",
    "calleeLocation": "337810024890004",
    "arguments": [
      "ID:obj",
      "ID:callbackfn",
      "LIT:initialValue"
    ],
    "argumentLocations": [
      "337810024940003",
      "337810024990010",
      "337810025110014"
    ],
    "argumentTypes": [
      "unknown",
      "unknown",
      "string"
    ],
    "parameters": [
      "",
      "",
      ""
    ],
    "src": "data/js/programs_all/fholm/IronJS/Src/Tests/ietestcenter/chapter15/15.4/15.4.4/15.4.4.21/15.4.4.21-9-b-19.js : 56 - 56",
    "filename": "data/js/programs_all/fholm/IronJS/Src/Tests/ietestcenter/chapter15/15.4/15.4.4/15.4.4.21/15.4.4.21-9-b-19.js"
  },
  {
    "base": "ID:reduce",
    "callee": "ID:call",
    "calleeLocation": "337820025210004",
    "arguments": [
      "ID:obj",
      "ID:callbackfn",
      "LIT:initialValue"
    ],
    "argumentLocations": [
      "337820025260003",
      "337820025310010",
      "337820025430014"
    ],
    "argumentTypes": [
      "unknown",
      "unknown",
      "string"
    ],
    "parameters": [
      "",
      "",
      ""
    ],
    "src": "data/js/programs_all/fholm/IronJS/Src/Tests/ietestcenter/chapter15/15.4/15.4.4/15.4.4.21/15.4.4.21-9-b-21.js : 59 - 59",
    "filename": "data/js/programs_all/fholm/IronJS/Src/Tests/ietestcenter/chapter15/15.4/15.4.4/15.4.4.21/15.4.4.21-9-b-21.js"
  },
  {
    "base": "ID:arr",
    "callee": "ID:reduce",
    "calleeLocation": "337830023450006",
    "arguments": [
      "ID:callbackfn",
      "LIT:initialValue"
    ],
    "argumentLocations": [
      "337830023520010",
      "337830023640014"
    ],
    "argumentTypes": [
      "unknown",
      "string"
    ],
    "parameters": [
      "",
      ""
    ],
    "src": "data/js/programs_all/fholm/IronJS/Src/Tests/ietestcenter/chapter15/15.4/15.4.4/15.4.4.21/15.4.4.21-9-b-26.js : 51 - 51",
    "filename": "data/js/programs_all/fholm/IronJS/Src/Tests/ietestcenter/chapter15/15.4/15.4.4/15.4.4.21/15.4.4.21-9-b-26.js"
  },
  {
    "base": "ID:reduce",
    "callee": "ID:call",
    "calleeLocation": "337840021420004",
    "arguments": [
      "ID:obj",
      "ID:callbackfn",
      "ID:initialValue"
    ],
    "argumentLocations": [
      "337840021470003",
      "337840021520010",
      "337840021640012"
    ],
    "argumentTypes": [
      "unknown",
      "unknown",
      "unknown"
    ],
    "parameters": [
      "",
      "",
      ""
    ],
    "src": "data/js/programs_all/fholm/IronJS/Src/Tests/ietestcenter/chapter15/15.4/15.4.4/15.4.4.21/15.4.4.21-9-c-i-1.js : 41 - 41",
    "filename": "data/js/programs_all/fholm/IronJS/Src/Tests/ietestcenter/chapter15/15.4/15.4.4/15.4.4.21/15.4.4.21-9-c-i-1.js"
  },
  {
    "base": "ID:arr",
    "callee": "ID:reduce",
    "calleeLocation": "337850022480006",
    "arguments": [
      "ID:callbackfn",
      "ID:initialValue"
    ],
    "argumentLocations": [
      "337850022550010",
      "337850022670012"
    ],
    "argumentTypes": [
      "unknown",
      "unknown"
    ],
    "parameters": [
      "",
      ""
    ],
    "src": "data/js/programs_all/fholm/IronJS/Src/Tests/ietestcenter/chapter15/15.4/15.4.4/15.4.4.21/15.4.4.21-9-c-i-18.js : 48 - 48",
    "filename": "data/js/programs_all/fholm/IronJS/Src/Tests/ietestcenter/chapter15/15.4/15.4.4/15.4.4.21/15.4.4.21-9-c-i-18.js"
  },
  {
    "base": "ID:arr",
    "callee": "ID:reduce",
    "calleeLocation": "337860020880006",
    "arguments": [
      "ID:callbackfn",
      "ID:initialValue"
    ],
    "argumentLocations": [
      "337860020950010",
      "337860021070012"
    ],
    "argumentTypes": [
      "unknown",
      "unknown"
    ],
    "parameters": [
      "",
      ""
    ],
    "src": "data/js/programs_all/fholm/IronJS/Src/Tests/ietestcenter/chapter15/15.4/15.4.4/15.4.4.21/15.4.4.21-9-c-i-2.js : 42 - 42",
    "filename": "data/js/programs_all/fholm/IronJS/Src/Tests/ietestcenter/chapter15/15.4/15.4.4/15.4.4.21/15.4.4.21-9-c-i-2.js"
  },
  {
    "base": "ID:reduce",
    "callee": "ID:call",
    "calleeLocation": "337870022060004",
    "arguments": [
      "ID:arguments",
      "ID:callbackfn",
      "ID:initialValue"
    ],
    "argumentLocations": [
      "337870022110009",
      "337870022220010",
      "337870022340012"
    ],
    "argumentTypes": [
      "unknown",
      "unknown",
      "unknown"
    ],
    "parameters": [
      "",
      "",
      ""
    ],
    "src": "data/js/programs_all/fholm/IronJS/Src/Tests/ietestcenter/chapter15/15.4/15.4.4/15.4.4.21/15.4.4.21-9-c-i-25.js : 42 - 42",
    "filename": "data/js/programs_all/fholm/IronJS/Src/Tests/ietestcenter/chapter15/15.4/15.4.4/15.4.4.21/15.4.4.21-9-c-i-25.js"
  },
  {
    "base": "",
    "callee": "ID:func",
    "calleeLocation": "337870022690004",
    "arguments": [
      "LIT:0",
      "LIT:1"
    ],
    "argumentLocations": [
      "337870022740001",
      "337870022770001"
    ],
    "argumentTypes": [
      "number",
      "number"
    ],
    "parameters": [
      "ID:a",
      "ID:b"
    ],
    "src": "data/js/programs_all/fholm/IronJS/Src/Tests/ietestcenter/chapter15/15.4/15.4.4/15.4.4.21/15.4.4.21-9-c-i-25.js : 45 - 45",
    "filename": "data/js/programs_all/fholm/IronJS/Src/Tests/ietestcenter/chapter15/15.4/15.4.4/15.4.4.21/15.4.4.21-9-c-i-25.js"
  },
  {
    "base": "ID:reduce",
    "callee": "ID:call",
    "calleeLocation": "337880023650004",
    "arguments": [
      "ID:child",
      "ID:callbackfn",
      "ID:initialValue"
    ],
    "argumentLocations": [
      "337880023700005",
      "337880023770010",
      "337880023890012"
    ],
    "argumentTypes": [
      "unknown",
      "unknown",
      "unknown"
    ],
    "parameters": [
      "",
      "",
      ""
    ],
    "src": "data/js/programs_all/fholm/IronJS/Src/Tests/ietestcenter/chapter15/15.4/15.4.4/15.4.4.21/15.4.4.21-9-c-i-3.js : 50 - 50",
    "filename": "data/js/programs_all/fholm/IronJS/Src/Tests/ietestcenter/chapter15/15.4/15.4.4/15.4.4.21/15.4.4.21-9-c-i-3.js"
  },
  {
    "base": "ID:reduce",
    "callee": "ID:call",
    "calleeLocation": "337890024460004",
    "arguments": [
      "ID:obj",
      "ID:callbackfn",
      "ID:initialValue"
    ],
    "argumentLocations": [
      "337890024510003",
      "337890024560010",
      "337890024680012"
    ],
    "argumentTypes": [
      "unknown",
      "unknown",
      "unknown"
    ],
    "parameters": [
      "",
      "",
      ""
    ],
    "src": "data/js/programs_all/fholm/IronJS/Src/Tests/ietestcenter/chapter15/15.4/15.4.4/15.4.4.21/15.4.4.21-9-c-i-32.js : 52 - 52",
    "filename": "data/js/programs_all/fholm/IronJS/Src/Tests/ietestcenter/chapter15/15.4/15.4.4/15.4.4.21/15.4.4.21-9-c-i-32.js"
  },
  {
    "base": "ID:reduce",
    "callee": "ID:call",
    "calleeLocation": "337900022640004",
    "arguments": [
      "ID:obj",
      "ID:callbackfn",
      "LIT:1"
    ],
    "argumentLocations": [
      "337900022690003",
      "337900022740010",
      "337900022860001"
    ],
    "argumentTypes": [
      "unknown",
      "unknown",
      "number"
    ],
    "parameters": [
      "",
      "",
      ""
    ],
    "src": "data/js/programs_all/fholm/IronJS/Src/Tests/ietestcenter/chapter15/15.4/15.4.4/15.4.4.21/15.4.4.21-9-c-ii-16.js : 50 - 50",
    "filename": "data/js/programs_all/fholm/IronJS/Src/Tests/ietestcenter/chapter15/15.4/15.4.4/15.4.4.21/15.4.4.21-9-c-ii-16.js"
  },
  {
    "base": "ID:reduce",
    "callee": "ID:call",
    "calleeLocation": "337910020720004",
    "arguments": [
      "ID:obj",
      "ID:callbackfn",
      "ID:undefined"
    ],
    "argumentLocations": [
      "337910020770003",
      "337910020820010",
      "337910020940009"
    ],
    "argumentTypes": [
      "unknown",
      "unknown",
      "undefined"
    ],
    "parameters": [
      "",
      "",
      ""
    ],
    "src": "data/js/programs_all/fholm/IronJS/Src/Tests/ietestcenter/chapter15/15.4/15.4.4/15.4.4.21/15.4.4.21-9-c-ii-20.js : 41 - 41",
    "filename": "data/js/programs_all/fholm/IronJS/Src/Tests/ietestcenter/chapter15/15.4/15.4.4/15.4.4.21/15.4.4.21-9-c-ii-20.js"
  },
  {
    "base": "ID:reduce",
    "callee": "ID:call",
    "calleeLocation": "337920020530004",
    "arguments": [
      "ID:obj",
      "ID:callbackfn",
      "LIT:null"
    ],
    "argumentLocations": [
      "337920020580003",
      "337920020630010",
      "337920020750004"
    ],
    "argumentTypes": [
      "unknown",
      "unknown",
      "null"
    ],
    "parameters": [
      "",
      "",
      ""
    ],
    "src": "data/js/programs_all/fholm/IronJS/Src/Tests/ietestcenter/chapter15/15.4/15.4.4/15.4.4.21/15.4.4.21-9-c-ii-21.js : 41 - 41",
    "filename": "data/js/programs_all/fholm/IronJS/Src/Tests/ietestcenter/chapter15/15.4/15.4.4/15.4.4.21/15.4.4.21-9-c-ii-21.js"
  },
  {
    "base": "ID:reduce",
    "callee": "ID:call",
    "calleeLocation": "337930021110004",
    "arguments": [
      "ID:obj",
      "ID:callbackfn",
      "ID:objBoolean"
    ],
    "argumentLocations": [
      "337930021160003",
      "337930021210010",
      "337930021330010"
    ],
    "argumentTypes": [
      "unknown",
      "unknown",
      "unknown"
    ],
    "parameters": [
      "",
      "",
      ""
    ],
    "src": "data/js/programs_all/fholm/IronJS/Src/Tests/ietestcenter/chapter15/15.4/15.4.4/15.4.4.21/15.4.4.21-9-c-ii-28.js : 43 - 43",
    "filename": "data/js/programs_all/fholm/IronJS/Src/Tests/ietestcenter/chapter15/15.4/15.4.4/15.4.4.21/15.4.4.21-9-c-ii-28.js"
  },
  {
    "base": "ID:reduce",
    "callee": "ID:call",
    "calleeLocation": "337940021900004",
    "arguments": [
      "ID:obj",
      "ID:callbackfn",
      "LIT:1"
    ],
    "argumentLocations": [
      "337940021950003",
      "337940022000010",
      "337940022120001"
    ],
    "argumentTypes": [
      "unknown",
      "unknown",
      "number"
    ],
    "parameters": [
      "",
      "",
      ""
    ],
    "src": "data/js/programs_all/fholm/IronJS/Src/Tests/ietestcenter/chapter15/15.4/15.4.4/15.4.4.21/15.4.4.21-9-c-ii-8.js : 46 - 46",
    "filename": "data/js/programs_all/fholm/IronJS/Src/Tests/ietestcenter/chapter15/15.4/15.4.4/15.4.4.21/15.4.4.21-9-c-ii-8.js"
  },
  {
    "base": "ID:reduceRight",
    "callee": "ID:call",
    "calleeLocation": "337960021170004",
    "arguments": [
      "ID:Math",
      "ID:callbackfn",
      "LIT:1"
    ],
    "argumentLocations": [
      "337960021220004",
      "337960021280010",
      "337960021400001"
    ],
    "argumentTypes": [
      "unknown",
      "unknown",
      "number"
    ],
    "parameters": [
      "",
      "",
      ""
    ],
    "src": "data/js/programs_all/fholm/IronJS/Src/Tests/ietestcenter/chapter15/15.4/15.4.4/15.4.4.22/15.4.4.22-1-10.js : 43 - 43",
    "filename": "data/js/programs_all/fholm/IronJS/Src/Tests/ietestcenter/chapter15/15.4/15.4.4/15.4.4.22/15.4.4.22-1-10.js"
  },
  {
    "base": "ID:reduceRight",
    "callee": "ID:call",
    "calleeLocation": "337970020790004",
    "arguments": [
      "ID:obj",
      "ID:callbackfn",
      "LIT:1"
    ],
    "argumentLocations": [
      "337970020840003",
      "337970020890010",
      "337970021010001"
    ],
    "argumentTypes": [
      "unknown",
      "unknown",
      "number"
    ],
    "parameters": [
      "",
      "",
      ""
    ],
    "src": "data/js/programs_all/fholm/IronJS/Src/Tests/ietestcenter/chapter15/15.4/15.4.4/15.4.4.22/15.4.4.22-1-11.js : 43 - 43",
    "filename": "data/js/programs_all/fholm/IronJS/Src/Tests/ietestcenter/chapter15/15.4/15.4.4/15.4.4.22/15.4.4.22-1-11.js"
  },
  {
    "base": "ID:reduceRight",
    "callee": "ID:call",
    "calleeLocation": "337980021060004",
    "arguments": [
      "LIT:2.5",
      "ID:callbackfn",
      "LIT:1"
    ],
    "argumentLocations": [
      "337980021110003",
      "337980021160010",
      "337980021280001"
    ],
    "argumentTypes": [
      "number",
      "unknown",
      "number"
    ],
    "parameters": [
      "",
      "",
      ""
    ],
    "src": "data/js/programs_all/fholm/IronJS/Src/Tests/ietestcenter/chapter15/15.4/15.4.4/15.4.4.22/15.4.4.22-1-5.js : 43 - 43",
    "filename": "data/js/programs_all/fholm/IronJS/Src/Tests/ietestcenter/chapter15/15.4/15.4.4/15.4.4.22/15.4.4.22-1-5.js"
  },
  {
    "base": "ID:reduceRight",
    "callee": "ID:call",
    "calleeLocation": "337990021050004",
    "arguments": [
      "ID:obj",
      "ID:callbackfn",
      "LIT:11"
    ],
    "argumentLocations": [
      "337990021100003",
      "337990021150010",
      "337990021270002"
    ],
    "argumentTypes": [
      "unknown",
      "unknown",
      "number"
    ],
    "parameters": [
      "",
      "",
      ""
    ],
    "src": "data/js/programs_all/fholm/IronJS/Src/Tests/ietestcenter/chapter15/15.4/15.4.4/15.4.4.22/15.4.4.22-1-6.js : 44 - 44",
    "filename": "data/js/programs_all/fholm/IronJS/Src/Tests/ietestcenter/chapter15/15.4/15.4.4/15.4.4.22/15.4.4.22-1-6.js"
  },
  {
    "base": "ID:f",
    "callee": "ID:reduceRight",
    "calleeLocation": "338000019570011",
    "arguments": [
      "ID:cb",
      "LIT:4"
    ],
    "argumentLocations": [
      "338000019690002",
      "338000019720003"
    ],
    "argumentTypes": [
      "unknown",
      "string"
    ],
    "parameters": [
      "",
      ""
    ],
    "src": "data/js/programs_all/fholm/IronJS/Src/Tests/ietestcenter/chapter15/15.4/15.4.4/15.4.4.22/15.4.4.22-10-7.js : 35 - 35",
    "filename": "data/js/programs_all/fholm/IronJS/Src/Tests/ietestcenter/chapter15/15.4/15.4.4/15.4.4.22/15.4.4.22-10-7.js"
  },
  {
    "base": "ID:reduceRight",
    "callee": "ID:call",
    "calleeLocation": "338010025000004",
    "arguments": [
      "ID:obj",
      "ID:callbackfn",
      "LIT:11"
    ],
    "argumentLocations": [
      "338010025050003",
      "338010025100010",
      "338010025220002"
    ],
    "argumentTypes": [
      "unknown",
      "unknown",
      "number"
    ],
    "parameters": [
      "",
      "",
      ""
    ],
    "src": "data/js/programs_all/fholm/IronJS/Src/Tests/ietestcenter/chapter15/15.4/15.4.4/15.4.4.22/15.4.4.22-2-12.js : 54 - 54",
    "filename": "data/js/programs_all/fholm/IronJS/Src/Tests/ietestcenter/chapter15/15.4/15.4.4/15.4.4.22/15.4.4.22-2-12.js"
  }
]