[
  {
    "base": "ID:String",
    "callee": "ID:fromCharCode",
    "calleeLocation": "330030008550012",
    "arguments": [
      "ID:indexJ",
      "ID:indexJ"
    ],
    "argumentLocations": [
      "330030008680006",
      "330030008760006"
    ],
    "argumentTypes": [
      "unknown",
      "unknown"
    ],
    "parameters": [
      "",
      ""
    ],
    "src": "data/js/programs_all/fholm/IronJS/Src/Tests/Sputnik/sputnik-v1/tests/Conformance/15_Native_ECMA_Script_Objects/15.1_The_Global_Object/15.1.3_URI_Handling_Function_Properties/15.1.3.1_decodeURI/S15.1.3.1_A1.12_T2.js : 21 - 21",
    "filename": "data/js/programs_all/fholm/IronJS/Src/Tests/Sputnik/sputnik-v1/tests/Conformance/15_Native_ECMA_Script_Objects/15.1_The_Global_Object/15.1.3_URI_Handling_Function_Properties/15.1.3.1_decodeURI/S15.1.3.1_A1.12_T2.js"
  },
  {
    "base": "ID:Math",
    "callee": "ID:pow",
    "calleeLocation": "330050017640003",
    "arguments": [
      "LIT:16",
      "ID:i"
    ],
    "argumentLocations": [
      "330050017680002",
      "330050017720001"
    ],
    "argumentTypes": [
      "number",
      "unknown"
    ],
    "parameters": [
      "",
      ""
    ],
    "src": "data/js/programs_all/fholm/IronJS/Src/Tests/Sputnik/sputnik-v1/tests/Conformance/15_Native_ECMA_Script_Objects/15.1_The_Global_Object/15.1.3_URI_Handling_Function_Properties/15.1.3.1_decodeURI/S15.1.3.1_A1.4_T1.js : 68 - 68",
    "filename": "data/js/programs_all/fholm/IronJS/Src/Tests/Sputnik/sputnik-v1/tests/Conformance/15_Native_ECMA_Script_Objects/15.1_The_Global_Object/15.1.3_URI_Handling_Function_Properties/15.1.3.1_decodeURI/S15.1.3.1_A1.4_T1.js"
  },
  {
    "base": "ID:Math",
    "callee": "ID:pow",
    "calleeLocation": "330050018120003",
    "arguments": [
      "LIT:16",
      "ID:i"
    ],
    "argumentLocations": [
      "330050018160002",
      "330050018200001"
    ],
    "argumentTypes": [
      "number",
      "unknown"
    ],
    "parameters": [
      "",
      ""
    ],
    "src": "data/js/programs_all/fholm/IronJS/Src/Tests/Sputnik/sputnik-v1/tests/Conformance/15_Native_ECMA_Script_Objects/15.1_The_Global_Object/15.1.3_URI_Handling_Function_Properties/15.1.3.1_decodeURI/S15.1.3.1_A1.4_T1.js : 69 - 69",
    "filename": "data/js/programs_all/fholm/IronJS/Src/Tests/Sputnik/sputnik-v1/tests/Conformance/15_Native_ECMA_Script_Objects/15.1_The_Global_Object/15.1.3_URI_Handling_Function_Properties/15.1.3.1_decodeURI/S15.1.3.1_A1.4_T1.js"
  },
  {
    "base": "ID:Math",
    "callee": "ID:pow",
    "calleeLocation": "330050018450003",
    "arguments": [
      "LIT:16",
      "ID:i"
    ],
    "argumentLocations": [
      "330050018490002",
      "330050018530001"
    ],
    "argumentTypes": [
      "number",
      "unknown"
    ],
    "parameters": [
      "",
      ""
    ],
    "src": "data/js/programs_all/fholm/IronJS/Src/Tests/Sputnik/sputnik-v1/tests/Conformance/15_Native_ECMA_Script_Objects/15.1_The_Global_Object/15.1.3_URI_Handling_Function_Properties/15.1.3.1_decodeURI/S15.1.3.1_A1.4_T1.js : 70 - 70",
    "filename": "data/js/programs_all/fholm/IronJS/Src/Tests/Sputnik/sputnik-v1/tests/Conformance/15_Native_ECMA_Script_Objects/15.1_The_Global_Object/15.1.3_URI_Handling_Function_Properties/15.1.3.1_decodeURI/S15.1.3.1_A1.4_T1.js"
  },
  {
    "base": "ID:Math",
    "callee": "ID:pow",
    "calleeLocation": "330060017640003",
    "arguments": [
      "LIT:16",
      "ID:i"
    ],
    "argumentLocations": [
      "330060017680002",
      "330060017720001"
    ],
    "argumentTypes": [
      "number",
      "unknown"
    ],
    "parameters": [
      "",
      ""
    ],
    "src": "data/js/programs_all/fholm/IronJS/Src/Tests/Sputnik/sputnik-v1/tests/Conformance/15_Native_ECMA_Script_Objects/15.1_The_Global_Object/15.1.3_URI_Handling_Function_Properties/15.1.3.1_decodeURI/S15.1.3.1_A1.6_T1.js : 68 - 68",
    "filename": "data/js/programs_all/fholm/IronJS/Src/Tests/Sputnik/sputnik-v1/tests/Conformance/15_Native_ECMA_Script_Objects/15.1_The_Global_Object/15.1.3_URI_Handling_Function_Properties/15.1.3.1_decodeURI/S15.1.3.1_A1.6_T1.js"
  },
  {
    "base": "ID:Math",
    "callee": "ID:pow",
    "calleeLocation": "330060018120003",
    "arguments": [
      "LIT:16",
      "ID:i"
    ],
    "argumentLocations": [
      "330060018160002",
      "330060018200001"
    ],
    "argumentTypes": [
      "number",
      "unknown"
    ],
    "parameters": [
      "",
      ""
    ],
    "src": "data/js/programs_all/fholm/IronJS/Src/Tests/Sputnik/sputnik-v1/tests/Conformance/15_Native_ECMA_Script_Objects/15.1_The_Global_Object/15.1.3_URI_Handling_Function_Properties/15.1.3.1_decodeURI/S15.1.3.1_A1.6_T1.js : 69 - 69",
    "filename": "data/js/programs_all/fholm/IronJS/Src/Tests/Sputnik/sputnik-v1/tests/Conformance/15_Native_ECMA_Script_Objects/15.1_The_Global_Object/15.1.3_URI_Handling_Function_Properties/15.1.3.1_decodeURI/S15.1.3.1_A1.6_T1.js"
  },
  {
    "base": "ID:Math",
    "callee": "ID:pow",
    "calleeLocation": "330060018450003",
    "arguments": [
      "LIT:16",
      "ID:i"
    ],
    "argumentLocations": [
      "330060018490002",
      "330060018530001"
    ],
    "argumentTypes": [
      "number",
      "unknown"
    ],
    "parameters": [
      "",
      ""
    ],
    "src": "data/js/programs_all/fholm/IronJS/Src/Tests/Sputnik/sputnik-v1/tests/Conformance/15_Native_ECMA_Script_Objects/15.1_The_Global_Object/15.1.3_URI_Handling_Function_Properties/15.1.3.1_decodeURI/S15.1.3.1_A1.6_T1.js : 70 - 70",
    "filename": "data/js/programs_all/fholm/IronJS/Src/Tests/Sputnik/sputnik-v1/tests/Conformance/15_Native_ECMA_Script_Objects/15.1_The_Global_Object/15.1.3_URI_Handling_Function_Properties/15.1.3.1_decodeURI/S15.1.3.1_A1.6_T1.js"
  },
  {
    "base": "ID:Math",
    "callee": "ID:pow",
    "calleeLocation": "330070016570003",
    "arguments": [
      "LIT:16",
      "ID:i"
    ],
    "argumentLocations": [
      "330070016610002",
      "330070016650001"
    ],
    "argumentTypes": [
      "number",
      "unknown"
    ],
    "parameters": [
      "",
      ""
    ],
    "src": "data/js/programs_all/fholm/IronJS/Src/Tests/Sputnik/sputnik-v1/tests/Conformance/15_Native_ECMA_Script_Objects/15.1_The_Global_Object/15.1.3_URI_Handling_Function_Properties/15.1.3.1_decodeURI/S15.1.3.1_A1.8_T1.js : 62 - 62",
    "filename": "data/js/programs_all/fholm/IronJS/Src/Tests/Sputnik/sputnik-v1/tests/Conformance/15_Native_ECMA_Script_Objects/15.1_The_Global_Object/15.1.3_URI_Handling_Function_Properties/15.1.3.1_decodeURI/S15.1.3.1_A1.8_T1.js"
  },
  {
    "base": "ID:Math",
    "callee": "ID:pow",
    "calleeLocation": "330070017050003",
    "arguments": [
      "LIT:16",
      "ID:i"
    ],
    "argumentLocations": [
      "330070017090002",
      "330070017130001"
    ],
    "argumentTypes": [
      "number",
      "unknown"
    ],
    "parameters": [
      "",
      ""
    ],
    "src": "data/js/programs_all/fholm/IronJS/Src/Tests/Sputnik/sputnik-v1/tests/Conformance/15_Native_ECMA_Script_Objects/15.1_The_Global_Object/15.1.3_URI_Handling_Function_Properties/15.1.3.1_decodeURI/S15.1.3.1_A1.8_T1.js : 63 - 63",
    "filename": "data/js/programs_all/fholm/IronJS/Src/Tests/Sputnik/sputnik-v1/tests/Conformance/15_Native_ECMA_Script_Objects/15.1_The_Global_Object/15.1.3_URI_Handling_Function_Properties/15.1.3.1_decodeURI/S15.1.3.1_A1.8_T1.js"
  },
  {
    "base": "ID:Math",
    "callee": "ID:pow",
    "calleeLocation": "330070017380003",
    "arguments": [
      "LIT:16",
      "ID:i"
    ],
    "argumentLocations": [
      "330070017420002",
      "330070017460001"
    ],
    "argumentTypes": [
      "number",
      "unknown"
    ],
    "parameters": [
      "",
      ""
    ],
    "src": "data/js/programs_all/fholm/IronJS/Src/Tests/Sputnik/sputnik-v1/tests/Conformance/15_Native_ECMA_Script_Objects/15.1_The_Global_Object/15.1.3_URI_Handling_Function_Properties/15.1.3.1_decodeURI/S15.1.3.1_A1.8_T1.js : 64 - 64",
    "filename": "data/js/programs_all/fholm/IronJS/Src/Tests/Sputnik/sputnik-v1/tests/Conformance/15_Native_ECMA_Script_Objects/15.1_The_Global_Object/15.1.3_URI_Handling_Function_Properties/15.1.3.1_decodeURI/S15.1.3.1_A1.8_T1.js"
  },
  {
    "base": "ID:Math",
    "callee": "ID:pow",
    "calleeLocation": "330080025930003",
    "arguments": [
      "LIT:16",
      "ID:i"
    ],
    "argumentLocations": [
      "330080025970002",
      "330080026010001"
    ],
    "argumentTypes": [
      "number",
      "unknown"
    ],
    "parameters": [
      "",
      ""
    ],
    "src": "data/js/programs_all/fholm/IronJS/Src/Tests/Sputnik/sputnik-v1/tests/Conformance/15_Native_ECMA_Script_Objects/15.1_The_Global_Object/15.1.3_URI_Handling_Function_Properties/15.1.3.1_decodeURI/S15.1.3.1_A2.5_T1.js : 72 - 72",
    "filename": "data/js/programs_all/fholm/IronJS/Src/Tests/Sputnik/sputnik-v1/tests/Conformance/15_Native_ECMA_Script_Objects/15.1_The_Global_Object/15.1.3_URI_Handling_Function_Properties/15.1.3.1_decodeURI/S15.1.3.1_A2.5_T1.js"
  },
  {
    "base": "ID:Math",
    "callee": "ID:pow",
    "calleeLocation": "330080026410003",
    "arguments": [
      "LIT:16",
      "ID:i"
    ],
    "argumentLocations": [
      "330080026450002",
      "330080026490001"
    ],
    "argumentTypes": [
      "number",
      "unknown"
    ],
    "parameters": [
      "",
      ""
    ],
    "src": "data/js/programs_all/fholm/IronJS/Src/Tests/Sputnik/sputnik-v1/tests/Conformance/15_Native_ECMA_Script_Objects/15.1_The_Global_Object/15.1.3_URI_Handling_Function_Properties/15.1.3.1_decodeURI/S15.1.3.1_A2.5_T1.js : 73 - 73",
    "filename": "data/js/programs_all/fholm/IronJS/Src/Tests/Sputnik/sputnik-v1/tests/Conformance/15_Native_ECMA_Script_Objects/15.1_The_Global_Object/15.1.3_URI_Handling_Function_Properties/15.1.3.1_decodeURI/S15.1.3.1_A2.5_T1.js"
  },
  {
    "base": "ID:Math",
    "callee": "ID:pow",
    "calleeLocation": "330080026740003",
    "arguments": [
      "LIT:16",
      "ID:i"
    ],
    "argumentLocations": [
      "330080026780002",
      "330080026820001"
    ],
    "argumentTypes": [
      "number",
      "unknown"
    ],
    "parameters": [
      "",
      ""
    ],
    "src": "data/js/programs_all/fholm/IronJS/Src/Tests/Sputnik/sputnik-v1/tests/Conformance/15_Native_ECMA_Script_Objects/15.1_The_Global_Object/15.1.3_URI_Handling_Function_Properties/15.1.3.1_decodeURI/S15.1.3.1_A2.5_T1.js : 74 - 74",
    "filename": "data/js/programs_all/fholm/IronJS/Src/Tests/Sputnik/sputnik-v1/tests/Conformance/15_Native_ECMA_Script_Objects/15.1_The_Global_Object/15.1.3_URI_Handling_Function_Properties/15.1.3.1_decodeURI/S15.1.3.1_A2.5_T1.js"
  },
  {
    "base": "",
    "callee": "ID:Object",
    "calleeLocation": "330100003790006",
    "arguments": [
      "LIT:1",
      "LIT:2",
      "LIT:3"
    ],
    "argumentLocations": [
      "330100003860001",
      "330100003880001",
      "330100003900001"
    ],
    "argumentTypes": [
      "number",
      "number",
      "number"
    ],
    "parameters": [
      "",
      "",
      ""
    ],
    "src": "data/js/programs_all/fholm/IronJS/Src/Tests/Sputnik/sputnik-v1/tests/Conformance/15_Native_ECMA_Script_Objects/15.2_Object_Objects/15.2.1_The_Object_Constructor_Called_as_a_Function/S15.2.1.1_A3_T1.js : 11 - 11",
    "filename": "data/js/programs_all/fholm/IronJS/Src/Tests/Sputnik/sputnik-v1/tests/Conformance/15_Native_ECMA_Script_Objects/15.2_Object_Objects/15.2.1_The_Object_Constructor_Called_as_a_Function/S15.2.1.1_A3_T1.js"
  },
  {
    "base": "ID:Function",
    "callee": "ID:call",
    "calleeLocation": "330290004340004",
    "arguments": [
      "LIT:blablastring",
      "LIT:return this.color;"
    ],
    "argumentLocations": [
      "330290004390014",
      "330290004550020"
    ],
    "argumentTypes": [
      "string",
      "string"
    ],
    "parameters": [
      "",
      ""
    ],
    "src": "data/js/programs_all/fholm/IronJS/Src/Tests/Sputnik/sputnik-v1/tests/Conformance/15_Native_ECMA_Script_Objects/15.3_Function_Objects/S15.3_A3_T2.js : 15 - 15",
    "filename": "data/js/programs_all/fholm/IronJS/Src/Tests/Sputnik/sputnik-v1/tests/Conformance/15_Native_ECMA_Script_Objects/15.3_Function_Objects/S15.3_A3_T2.js"
  },
  {
    "base": "ID:Function",
    "callee": "ID:call",
    "calleeLocation": "330290005440004",
    "arguments": [
      "LIT:null",
      "LIT:return this.name;"
    ],
    "argumentLocations": [
      "330290005490004",
      "330290005550019"
    ],
    "argumentTypes": [
      "null",
      "string"
    ],
    "parameters": [
      "",
      ""
    ],
    "src": "data/js/programs_all/fholm/IronJS/Src/Tests/Sputnik/sputnik-v1/tests/Conformance/15_Native_ECMA_Script_Objects/15.3_Function_Objects/S15.3_A3_T2.js : 22 - 22",
    "filename": "data/js/programs_all/fholm/IronJS/Src/Tests/Sputnik/sputnik-v1/tests/Conformance/15_Native_ECMA_Script_Objects/15.3_Function_Objects/S15.3_A3_T2.js"
  },
  {
    "base": "ID:Function",
    "callee": "ID:call",
    "calleeLocation": "330300004650004",
    "arguments": [
      "LIT:this",
      "LIT:return this.planet;"
    ],
    "argumentLocations": [
      "330300004700004",
      "330300004760021"
    ],
    "argumentTypes": [
      "object",
      "string"
    ],
    "parameters": [
      "",
      ""
    ],
    "src": "data/js/programs_all/fholm/IronJS/Src/Tests/Sputnik/sputnik-v1/tests/Conformance/15_Native_ECMA_Script_Objects/15.3_Function_Objects/S15.3_A3_T5.js : 12 - 12",
    "filename": "data/js/programs_all/fholm/IronJS/Src/Tests/Sputnik/sputnik-v1/tests/Conformance/15_Native_ECMA_Script_Objects/15.3_Function_Objects/S15.3_A3_T5.js"
  },
  {
    "base": "ID:Function",
    "callee": "ID:call",
    "calleeLocation": "330300005110004",
    "arguments": [
      "LIT:this",
      "LIT:return this.color;"
    ],
    "argumentLocations": [
      "330300005160004",
      "330300005220020"
    ],
    "argumentTypes": [
      "object",
      "string"
    ],
    "parameters": [
      "",
      ""
    ],
    "src": "data/js/programs_all/fholm/IronJS/Src/Tests/Sputnik/sputnik-v1/tests/Conformance/15_Native_ECMA_Script_Objects/15.3_Function_Objects/S15.3_A3_T5.js : 13 - 13",
    "filename": "data/js/programs_all/fholm/IronJS/Src/Tests/Sputnik/sputnik-v1/tests/Conformance/15_Native_ECMA_Script_Objects/15.3_Function_Objects/S15.3_A3_T5.js"
  },
  {
    "base": "ID:__instance",
    "callee": "ID:replace",
    "calleeLocation": "330460005160007",
    "arguments": [
      "ID:__re",
      "ID:__str"
    ],
    "argumentLocations": [
      "330460005240004",
      "330460005300005"
    ],
    "argumentTypes": [
      "unknown",
      "unknown"
    ],
    "parameters": [
      "",
      ""
    ],
    "src": "data/js/programs_all/fholm/IronJS/Src/Tests/Sputnik/sputnik-v1/tests/Conformance/15_Native_ECMA_Script_Objects/15.5_String_Objects/15.5.4_Properties_of_the_String_Prototype_Object/15.5.4.11_String.prototype.replace/S15.5.4.11_A1_T17.js : 18 - 18",
    "filename": "data/js/programs_all/fholm/IronJS/Src/Tests/Sputnik/sputnik-v1/tests/Conformance/15_Native_ECMA_Script_Objects/15.5_String_Objects/15.5.4_Properties_of_the_String_Prototype_Object/15.5.4.11_String.prototype.replace/S15.5.4.11_A1_T17.js"
  },
  {
    "base": "ID:__instance",
    "callee": "ID:replace",
    "calleeLocation": "330460007190007",
    "arguments": [
      "ID:__re",
      "ID:__str"
    ],
    "argumentLocations": [
      "330460007270004",
      "330460007330005"
    ],
    "argumentTypes": [
      "unknown",
      "unknown"
    ],
    "parameters": [
      "",
      ""
    ],
    "src": "data/js/programs_all/fholm/IronJS/Src/Tests/Sputnik/sputnik-v1/tests/Conformance/15_Native_ECMA_Script_Objects/15.5_String_Objects/15.5.4_Properties_of_the_String_Prototype_Object/15.5.4.11_String.prototype.replace/S15.5.4.11_A1_T17.js : 19 - 19",
    "filename": "data/js/programs_all/fholm/IronJS/Src/Tests/Sputnik/sputnik-v1/tests/Conformance/15_Native_ECMA_Script_Objects/15.5_String_Objects/15.5.4_Properties_of_the_String_Prototype_Object/15.5.4.11_String.prototype.replace/S15.5.4.11_A1_T17.js"
  },
  {
    "base": "",
    "callee": "ID:split",
    "calleeLocation": "330480007160005",
    "arguments": [
      "ID:eval",
      "ID:__obj__lim"
    ],
    "argumentLocations": [
      "330480007220013",
      "330480007360010"
    ],
    "argumentTypes": [
      "unknown",
      "unknown"
    ],
    "parameters": [
      "",
      ""
    ],
    "src": "data/js/programs_all/fholm/IronJS/Src/Tests/Sputnik/sputnik-v1/tests/Conformance/15_Native_ECMA_Script_Objects/15.5_String_Objects/15.5.4_Properties_of_the_String_Prototype_Object/15.5.4.14_String.prototype.split/S15.5.4.14_A1_T3.js : 25 - 25",
    "filename": "data/js/programs_all/fholm/IronJS/Src/Tests/Sputnik/sputnik-v1/tests/Conformance/15_Native_ECMA_Script_Objects/15.5_String_Objects/15.5.4_Properties_of_the_String_Prototype_Object/15.5.4.14_String.prototype.split/S15.5.4.14_A1_T3.js"
  },
  {
    "base": "ID:__split",
    "callee": "ID:substring",
    "calleeLocation": "330480016890009",
    "arguments": [
      "LIT:0",
      "LIT:6"
    ],
    "argumentLocations": [
      "330480016990001",
      "330480017010001"
    ],
    "argumentTypes": [
      "number",
      "number"
    ],
    "parameters": [
      "",
      ""
    ],
    "src": "data/js/programs_all/fholm/IronJS/Src/Tests/Sputnik/sputnik-v1/tests/Conformance/15_Native_ECMA_Script_Objects/15.5_String_Objects/15.5.4_Properties_of_the_String_Prototype_Object/15.5.4.14_String.prototype.split/S15.5.4.14_A1_T3.js : 53 - 53",
    "filename": "data/js/programs_all/fholm/IronJS/Src/Tests/Sputnik/sputnik-v1/tests/Conformance/15_Native_ECMA_Script_Objects/15.5_String_Objects/15.5.4_Properties_of_the_String_Prototype_Object/15.5.4.14_String.prototype.split/S15.5.4.14_A1_T3.js"
  },
  {
    "base": "ID:__split",
    "callee": "ID:substring",
    "calleeLocation": "330480017950009",
    "arguments": [
      "LIT:0",
      "LIT:6"
    ],
    "argumentLocations": [
      "330480018050001",
      "330480018070001"
    ],
    "argumentTypes": [
      "number",
      "number"
    ],
    "parameters": [
      "",
      ""
    ],
    "src": "data/js/programs_all/fholm/IronJS/Src/Tests/Sputnik/sputnik-v1/tests/Conformance/15_Native_ECMA_Script_Objects/15.5_String_Objects/15.5.4_Properties_of_the_String_Prototype_Object/15.5.4.14_String.prototype.split/S15.5.4.14_A1_T3.js : 54 - 54",
    "filename": "data/js/programs_all/fholm/IronJS/Src/Tests/Sputnik/sputnik-v1/tests/Conformance/15_Native_ECMA_Script_Objects/15.5_String_Objects/15.5.4_Properties_of_the_String_Prototype_Object/15.5.4.14_String.prototype.split/S15.5.4.14_A1_T3.js"
  },
  {
    "base": "ID:__split",
    "callee": "ID:substring",
    "calleeLocation": "330530013810009",
    "arguments": [
      "LIT:0",
      "LIT:8"
    ],
    "argumentLocations": [
      "330530013910001",
      "330530013930001"
    ],
    "argumentTypes": [
      "number",
      "number"
    ],
    "parameters": [
      "",
      ""
    ],
    "src": "data/js/programs_all/fholm/IronJS/Src/Tests/Sputnik/sputnik-v1/tests/Conformance/15_Native_ECMA_Script_Objects/15.5_String_Objects/15.5.4_Properties_of_the_String_Prototype_Object/15.5.4.14_String.prototype.split/S15.5.4.14_A3_T3.js : 37 - 37",
    "filename": "data/js/programs_all/fholm/IronJS/Src/Tests/Sputnik/sputnik-v1/tests/Conformance/15_Native_ECMA_Script_Objects/15.5_String_Objects/15.5.4_Properties_of_the_String_Prototype_Object/15.5.4.14_String.prototype.split/S15.5.4.14_A3_T3.js"
  },
  {
    "base": "ID:__split",
    "callee": "ID:substring",
    "calleeLocation": "330530015950009",
    "arguments": [
      "LIT:0",
      "LIT:8"
    ],
    "argumentLocations": [
      "330530016050001",
      "330530016070001"
    ],
    "argumentTypes": [
      "number",
      "number"
    ],
    "parameters": [
      "",
      ""
    ],
    "src": "data/js/programs_all/fholm/IronJS/Src/Tests/Sputnik/sputnik-v1/tests/Conformance/15_Native_ECMA_Script_Objects/15.5_String_Objects/15.5.4_Properties_of_the_String_Prototype_Object/15.5.4.14_String.prototype.split/S15.5.4.14_A3_T3.js : 38 - 38",
    "filename": "data/js/programs_all/fholm/IronJS/Src/Tests/Sputnik/sputnik-v1/tests/Conformance/15_Native_ECMA_Script_Objects/15.5_String_Objects/15.5.4_Properties_of_the_String_Prototype_Object/15.5.4.14_String.prototype.split/S15.5.4.14_A3_T3.js"
  },
  {
    "base": "ID:__string",
    "callee": "ID:split",
    "calleeLocation": "330550006750005",
    "arguments": [
      "ID:__re",
      "LIT:1"
    ],
    "argumentLocations": [
      "330550006810004",
      "330550006870001"
    ],
    "argumentTypes": [
      "unknown",
      "number"
    ],
    "parameters": [
      "",
      ""
    ],
    "src": "data/js/programs_all/fholm/IronJS/Src/Tests/Sputnik/sputnik-v1/tests/Conformance/15_Native_ECMA_Script_Objects/15.5_String_Objects/15.5.4_Properties_of_the_String_Prototype_Object/15.5.4.14_String.prototype.split/S15.5.4.14_A4_T12.js : 17 - 17",
    "filename": "data/js/programs_all/fholm/IronJS/Src/Tests/Sputnik/sputnik-v1/tests/Conformance/15_Native_ECMA_Script_Objects/15.5_String_Objects/15.5.4_Properties_of_the_String_Prototype_Object/15.5.4.14_String.prototype.split/S15.5.4.14_A4_T12.js"
  },
  {
    "base": "ID:__string",
    "callee": "ID:split",
    "calleeLocation": "330560006750005",
    "arguments": [
      "ID:__re",
      "LIT:3"
    ],
    "argumentLocations": [
      "330560006810004",
      "330560006870001"
    ],
    "argumentTypes": [
      "unknown",
      "number"
    ],
    "parameters": [
      "",
      ""
    ],
    "src": "data/js/programs_all/fholm/IronJS/Src/Tests/Sputnik/sputnik-v1/tests/Conformance/15_Native_ECMA_Script_Objects/15.5_String_Objects/15.5.4_Properties_of_the_String_Prototype_Object/15.5.4.14_String.prototype.split/S15.5.4.14_A4_T14.js : 17 - 17",
    "filename": "data/js/programs_all/fholm/IronJS/Src/Tests/Sputnik/sputnik-v1/tests/Conformance/15_Native_ECMA_Script_Objects/15.5_String_Objects/15.5.4_Properties_of_the_String_Prototype_Object/15.5.4.14_String.prototype.split/S15.5.4.14_A4_T14.js"
  },
  {
    "base": "ID:__string",
    "callee": "ID:split",
    "calleeLocation": "330570006780005",
    "arguments": [
      "ID:__re",
      "LIT:hi"
    ],
    "argumentLocations": [
      "330570006840004",
      "330570006900004"
    ],
    "argumentTypes": [
      "unknown",
      "string"
    ],
    "parameters": [
      "",
      ""
    ],
    "src": "data/js/programs_all/fholm/IronJS/Src/Tests/Sputnik/sputnik-v1/tests/Conformance/15_Native_ECMA_Script_Objects/15.5_String_Objects/15.5.4_Properties_of_the_String_Prototype_Object/15.5.4.14_String.prototype.split/S15.5.4.14_A4_T18.js : 17 - 17",
    "filename": "data/js/programs_all/fholm/IronJS/Src/Tests/Sputnik/sputnik-v1/tests/Conformance/15_Native_ECMA_Script_Objects/15.5_String_Objects/15.5.4_Properties_of_the_String_Prototype_Object/15.5.4.14_String.prototype.split/S15.5.4.14_A4_T18.js"
  },
  {
    "base": "ID:__string",
    "callee": "ID:substring",
    "calleeLocation": "330620004730009",
    "arguments": [
      "LIT:0",
      "LIT:8"
    ],
    "argumentLocations": [
      "330620004830001",
      "330620004850001"
    ],
    "argumentTypes": [
      "number",
      "number"
    ],
    "parameters": [
      "",
      ""
    ],
    "src": "data/js/programs_all/fholm/IronJS/Src/Tests/Sputnik/sputnik-v1/tests/Conformance/15_Native_ECMA_Script_Objects/15.5_String_Objects/15.5.4_Properties_of_the_String_Prototype_Object/15.5.4.15_String.prototype.substring/S15.5.4.15_A2_T10.js : 15 - 15",
    "filename": "data/js/programs_all/fholm/IronJS/Src/Tests/Sputnik/sputnik-v1/tests/Conformance/15_Native_ECMA_Script_Objects/15.5_String_Objects/15.5.4_Properties_of_the_String_Prototype_Object/15.5.4.15_String.prototype.substring/S15.5.4.15_A2_T10.js"
  },
  {
    "base": "ID:__string",
    "callee": "ID:substring",
    "calleeLocation": "330620006290009",
    "arguments": [
      "LIT:0",
      "LIT:8"
    ],
    "argumentLocations": [
      "330620006390001",
      "330620006410001"
    ],
    "argumentTypes": [
      "number",
      "number"
    ],
    "parameters": [
      "",
      ""
    ],
    "src": "data/js/programs_all/fholm/IronJS/Src/Tests/Sputnik/sputnik-v1/tests/Conformance/15_Native_ECMA_Script_Objects/15.5_String_Objects/15.5.4_Properties_of_the_String_Prototype_Object/15.5.4.15_String.prototype.substring/S15.5.4.15_A2_T10.js : 16 - 16",
    "filename": "data/js/programs_all/fholm/IronJS/Src/Tests/Sputnik/sputnik-v1/tests/Conformance/15_Native_ECMA_Script_Objects/15.5_String_Objects/15.5.4_Properties_of_the_String_Prototype_Object/15.5.4.15_String.prototype.substring/S15.5.4.15_A2_T10.js"
  },
  {
    "base": "ID:__instance",
    "callee": "ID:substring",
    "calleeLocation": "330630006220009",
    "arguments": [
      "LIT:true",
      "LIT:false"
    ],
    "argumentLocations": [
      "330630006320004",
      "330630006380005"
    ],
    "argumentTypes": [
      "boolean",
      "boolean"
    ],
    "parameters": [
      "",
      ""
    ],
    "src": "data/js/programs_all/fholm/IronJS/Src/Tests/Sputnik/sputnik-v1/tests/Conformance/15_Native_ECMA_Script_Objects/15.5_String_Objects/15.5.4_Properties_of_the_String_Prototype_Object/15.5.4.15_String.prototype.substring/S15.5.4.15_A3_T3.js : 17 - 17",
    "filename": "data/js/programs_all/fholm/IronJS/Src/Tests/Sputnik/sputnik-v1/tests/Conformance/15_Native_ECMA_Script_Objects/15.5_String_Objects/15.5.4_Properties_of_the_String_Prototype_Object/15.5.4.15_String.prototype.substring/S15.5.4.15_A3_T3.js"
  },
  {
    "base": "ID:__instance",
    "callee": "ID:substring",
    "calleeLocation": "330630008200009",
    "arguments": [
      "LIT:true",
      "LIT:false"
    ],
    "argumentLocations": [
      "330630008300004",
      "330630008360005"
    ],
    "argumentTypes": [
      "boolean",
      "boolean"
    ],
    "parameters": [
      "",
      ""
    ],
    "src": "data/js/programs_all/fholm/IronJS/Src/Tests/Sputnik/sputnik-v1/tests/Conformance/15_Native_ECMA_Script_Objects/15.5_String_Objects/15.5.4_Properties_of_the_String_Prototype_Object/15.5.4.15_String.prototype.substring/S15.5.4.15_A3_T3.js : 18 - 18",
    "filename": "data/js/programs_all/fholm/IronJS/Src/Tests/Sputnik/sputnik-v1/tests/Conformance/15_Native_ECMA_Script_Objects/15.5_String_Objects/15.5.4_Properties_of_the_String_Prototype_Object/15.5.4.15_String.prototype.substring/S15.5.4.15_A3_T3.js"
  },
  {
    "base": "ID:__instance",
    "callee": "ID:substring",
    "calleeLocation": "330640006080009",
    "arguments": [
      "LIT:8",
      "LIT:0"
    ],
    "argumentLocations": [
      "330640006180001",
      "330640006200001"
    ],
    "argumentTypes": [
      "number",
      "number"
    ],
    "parameters": [
      "",
      ""
    ],
    "src": "data/js/programs_all/fholm/IronJS/Src/Tests/Sputnik/sputnik-v1/tests/Conformance/15_Native_ECMA_Script_Objects/15.5_String_Objects/15.5.4_Properties_of_the_String_Prototype_Object/15.5.4.15_String.prototype.substring/S15.5.4.15_A3_T5.js : 17 - 17",
    "filename": "data/js/programs_all/fholm/IronJS/Src/Tests/Sputnik/sputnik-v1/tests/Conformance/15_Native_ECMA_Script_Objects/15.5_String_Objects/15.5.4_Properties_of_the_String_Prototype_Object/15.5.4.15_String.prototype.substring/S15.5.4.15_A3_T5.js"
  },
  {
    "base": "ID:__instance",
    "callee": "ID:substring",
    "calleeLocation": "330640007960009",
    "arguments": [
      "LIT:8",
      "LIT:0"
    ],
    "argumentLocations": [
      "330640008060001",
      "330640008080001"
    ],
    "argumentTypes": [
      "number",
      "number"
    ],
    "parameters": [
      "",
      ""
    ],
    "src": "data/js/programs_all/fholm/IronJS/Src/Tests/Sputnik/sputnik-v1/tests/Conformance/15_Native_ECMA_Script_Objects/15.5_String_Objects/15.5.4_Properties_of_the_String_Prototype_Object/15.5.4.15_String.prototype.substring/S15.5.4.15_A3_T5.js : 18 - 18",
    "filename": "data/js/programs_all/fholm/IronJS/Src/Tests/Sputnik/sputnik-v1/tests/Conformance/15_Native_ECMA_Script_Objects/15.5_String_Objects/15.5.4_Properties_of_the_String_Prototype_Object/15.5.4.15_String.prototype.substring/S15.5.4.15_A3_T5.js"
  },
  {
    "base": "",
    "callee": "ID:concat",
    "calleeLocation": "330720005840006",
    "arguments": [
      "LIT:1",
      "LIT:2",
      "LIT:3",
      "LIT:4",
      "ID:__obj5"
    ],
    "argumentLocations": [
      "330720005910001",
      "330720005930001",
      "330720005950001",
      "330720005970001",
      "330720005990006"
    ],
    "argumentTypes": [
      "number",
      "number",
      "number",
      "number",
      "unknown"
    ],
    "parameters": [
      "",
      "",
      "",
      "",
      ""
    ],
    "src": "data/js/programs_all/fholm/IronJS/Src/Tests/Sputnik/sputnik-v1/tests/Conformance/15_Native_ECMA_Script_Objects/15.5_String_Objects/15.5.4_Properties_of_the_String_Prototype_Object/15.5.4.6_String.prototype.concat/S15.5.4.6_A1_T3.js : 23 - 23",
    "filename": "data/js/programs_all/fholm/IronJS/Src/Tests/Sputnik/sputnik-v1/tests/Conformance/15_Native_ECMA_Script_Objects/15.5_String_Objects/15.5.4_Properties_of_the_String_Prototype_Object/15.5.4.6_String.prototype.concat/S15.5.4.6_A1_T3.js"
  },
  {
    "base": "",
    "callee": "ID:concat",
    "calleeLocation": "330720007540006",
    "arguments": [
      "LIT:1",
      "LIT:2",
      "LIT:3",
      "LIT:4",
      "ID:__obj5"
    ],
    "argumentLocations": [
      "330720007610001",
      "330720007630001",
      "330720007650001",
      "330720007670001",
      "330720007690006"
    ],
    "argumentTypes": [
      "number",
      "number",
      "number",
      "number",
      "unknown"
    ],
    "parameters": [
      "",
      "",
      "",
      "",
      ""
    ],
    "src": "data/js/programs_all/fholm/IronJS/Src/Tests/Sputnik/sputnik-v1/tests/Conformance/15_Native_ECMA_Script_Objects/15.5_String_Objects/15.5.4_Properties_of_the_String_Prototype_Object/15.5.4.6_String.prototype.concat/S15.5.4.6_A1_T3.js : 24 - 24",
    "filename": "data/js/programs_all/fholm/IronJS/Src/Tests/Sputnik/sputnik-v1/tests/Conformance/15_Native_ECMA_Script_Objects/15.5_String_Objects/15.5.4_Properties_of_the_String_Prototype_Object/15.5.4.6_String.prototype.concat/S15.5.4.6_A1_T3.js"
  },
  {
    "base": "ID:__instance",
    "callee": "ID:concat",
    "calleeLocation": "330730005040006",
    "arguments": [
      "LIT:0",
      "LIT:1",
      "LIT:2",
      "LIT:3",
      "LIT:4",
      "LIT:5",
      "LIT:6",
      "LIT:7",
      "LIT:8",
      "LIT:9",
      "LIT:10",
      "LIT:11",
      "LIT:12",
      "LIT:13",
      "LIT:14",
      "LIT:15",
      "LIT:0",
      "LIT:1",
      "LIT:2",
      "LIT:3",
      "LIT:4",
      "LIT:5",
      "LIT:6",
      "LIT:7",
      "LIT:8",
      "LIT:9",
      "LIT:10",
      "LIT:11",
      "LIT:12",
      "LIT:13",
      "LIT:14",
      "LIT:15",
      "LIT:0",
      "LIT:1",
      "LIT:2",
      "LIT:3",
      "LIT:4",
      "LIT:5",
      "LIT:6",
      "LIT:7",
      "LIT:8",
      "LIT:9",
      "LIT:10",
      "LIT:11",
      "LIT:12",
      "LIT:13",
      "LIT:14",
      "LIT:15",
      "LIT:0",
      "LIT:1",
      "LIT:2",
      "LIT:3",
      "LIT:4",
      "LIT:5",
      "LIT:6",
      "LIT:7",
      "LIT:8",
      "LIT:9",
      "LIT:10",
      "LIT:11",
      "LIT:12",
      "LIT:13",
      "LIT:14",
      "LIT:15",
      "LIT:0",
      "LIT:1",
      "LIT:2",
      "LIT:3",
      "LIT:4",
      "LIT:5",
      "LIT:6",
      "LIT:7",
      "LIT:8",
      "LIT:9",
      "LIT:10",
      "LIT:11",
      "LIT:12",
      "LIT:13",
      "LIT:14",
      "LIT:15",
      "LIT:0",
      "LIT:1",
      "LIT:2",
      "LIT:3",
      "LIT:4",
      "LIT:5",
      "LIT:6",
      "LIT:7",
      "LIT:8",
      "LIT:9",
      "LIT:10",
      "LIT:11",
      "LIT:12",
      "LIT:13",
      "LIT:14",
      "LIT:15",
      "LIT:0",
      "LIT:1",
      "LIT:2",
      "LIT:3",
      "LIT:4",
      "LIT:5",
      "LIT:6",
      "LIT:7",
      "LIT:8",
      "LIT:9",
      "LIT:10",
      "LIT:11",
      "LIT:12",
      "LIT:13",
      "LIT:14",
      "LIT:15",
      "LIT:0",
      "LIT:1",
      "LIT:2",
      "LIT:3",
      "LIT:4",
      "LIT:5",
      "LIT:6",
      "LIT:7",
      "LIT:8",
      "LIT:9",
      "LIT:10",
      "LIT:11",
      "LIT:12",
      "LIT:13",
      "LIT:14",
      "LIT:15"
    ],
    "argumentLocations": [
      "330730005120001",
      "330730005140001",
      "330730005160001",
      "330730005180001",
      "330730005200001",
      "330730005220001",
      "330730005240001",
      "330730005260001",
      "330730005280001",
      "330730005300001",
      "330730005320003",
      "330730005360003",
      "330730005400003",
      "330730005440003",
      "330730005480003",
      "330730005520003",
      "330730005570001",
      "330730005590001",
      "330730005610001",
      "330730005630001",
      "330730005650001",
      "330730005670001",
      "330730005690001",
      "330730005710001",
      "330730005730001",
      "330730005750001",
      "330730005770003",
      "330730005810003",
      "330730005850003",
      "330730005890003",
      "330730005930003",
      "330730005970003",
      "330730006020001",
      "330730006040001",
      "330730006060001",
      "330730006080001",
      "330730006100001",
      "330730006120001",
      "330730006140001",
      "330730006160001",
      "330730006180001",
      "330730006200001",
      "330730006220003",
      "330730006260003",
      "330730006300003",
      "330730006340003",
      "330730006380003",
      "330730006420003",
      "330730006470001",
      "330730006490001",
      "330730006510001",
      "330730006530001",
      "330730006550001",
      "330730006570001",
      "330730006590001",
      "330730006610001",
      "330730006630001",
      "330730006650001",
      "330730006670003",
      "330730006710003",
      "330730006750003",
      "330730006790003",
      "330730006830003",
      "330730006870003",
      "330730006920001",
      "330730006940001",
      "330730006960001",
      "330730006980001",
      "330730007000001",
      "330730007020001",
      "330730007040001",
      "330730007060001",
      "330730007080001",
      "330730007100001",
      "330730007120003",
      "330730007160003",
      "330730007200003",
      "330730007240003",
      "330730007280003",
      "330730007320003",
      "330730007370001",
      "330730007390001",
      "330730007410001",
      "330730007430001",
      "330730007450001",
      "330730007470001",
      "330730007490001",
      "330730007510001",
      "330730007530001",
      "330730007550001",
      "330730007570003",
      "330730007610003",
      "330730007650003",
      "330730007690003",
      "330730007730003",
      "330730007770003",
      "330730007820001",
      "330730007840001",
      "330730007860001",
      "330730007880001",
      "330730007900001",
      "330730007920001",
      "330730007940001",
      "330730007960001",
      "330730007980001",
      "330730008000001",
      "330730008020003",
      "330730008060003",
      "330730008100003",
      "330730008140003",
      "330730008180003",
      "330730008220003",
      "330730008270001",
      "330730008290001",
      "330730008310001",
      "330730008330001",
      "330730008350001",
      "330730008370001",
      "330730008390001",
      "330730008410001",
      "330730008430001",
      "330730008450001",
      "330730008470003",
      "330730008510003",
      "330730008550003",
      "330730008590003",
      "330730008630003",
      "330730008670003"
    ],
    "argumentTypes": [
      "number",
      "number",
      "number",
      "number",
      "number",
      "number",
      "number",
      "number",
      "number",
      "number",
      "number",
      "number",
      "number",
      "number",
      "number",
      "number",
      "number",
      "number",
      "number",
      "number",
      "number",
      "number",
      "number",
      "number",
      "number",
      "number",
      "number",
      "number",
      "number",
      "number",
      "number",
      "number",
      "number",
      "number",
      "number",
      "number",
      "number",
      "number",
      "number",
      "number",
      "number",
      "number",
      "number",
      "number",
      "number",
      "number",
      "number",
      "number",
      "number",
      "number",
      "number",
      "number",
      "number",
      "number",
      "number",
      "number",
      "number",
      "number",
      "number",
      "number",
      "number",
      "number",
      "number",
      "number",
      "number",
      "number",
      "number",
      "number",
      "number",
      "number",
      "number",
      "number",
      "number",
      "number",
      "number",
      "number",
      "number",
      "number",
      "number",
      "number",
      "number",
      "number",
      "number",
      "number",
      "number",
      "number",
      "number",
      "number",
      "number",
      "number",
      "number",
      "number",
      "number",
      "number",
      "number",
      "number",
      "number",
      "number",
      "number",
      "number",
      "number",
      "number",
      "number",
      "number",
      "number",
      "number",
      "number",
      "number",
      "number",
      "number",
      "number",
      "number",
      "number",
      "number",
      "number",
      "number",
      "number",
      "number",
      "number",
      "number",
      "number",
      "number",
      "number",
      "number",
      "number",
      "number",
      "number",
      "number"
    ],
    "parameters": [
      "",
      "",
      "",
      "",
      "",
      "",
      "",
      "",
      "",
      "",
      "",
      "",
      "",
      "",
      "",
      "",
      "",
      "",
      "",
      "",
      "",
      "",
      "",
      "",
      "",
      "",
      "",
      "",
      "",
      "",
      "",
      "",
      "",
      "",
      "",
      "",
      "",
      "",
      "",
      "",
      "",
      "",
      "",
      "",
      "",
      "",
      "",
      "",
      "",
      "",
      "",
      "",
      "",
      "",
      "",
      "",
      "",
      "",
      "",
      "",
      "",
      "",
      "",
      "",
      "",
      "",
      "",
      "",
      "",
      "",
      "",
      "",
      "",
      "",
      "",
      "",
      "",
      "",
      "",
      "",
      "",
      "",
      "",
      "",
      "",
      "",
      "",
      "",
      "",
      "",
      "",
      "",
      "",
      "",
      "",
      "",
      "",
      "",
      "",
      "",
      "",
      "",
      "",
      "",
      "",
      "",
      "",
      "",
      "",
      "",
      "",
      "",
      "",
      "",
      "",
      "",
      "",
      "",
      "",
      "",
      "",
      "",
      "",
      "",
      "",
      "",
      "",
      ""
    ],
    "src": "data/js/programs_all/fholm/IronJS/Src/Tests/Sputnik/sputnik-v1/tests/Conformance/15_Native_ECMA_Script_Objects/15.5_String_Objects/15.5.4_Properties_of_the_String_Prototype_Object/15.5.4.6_String.prototype.concat/S15.5.4.6_A2.js : 17 - 26",
    "filename": "data/js/programs_all/fholm/IronJS/Src/Tests/Sputnik/sputnik-v1/tests/Conformance/15_Native_ECMA_Script_Objects/15.5_String_Objects/15.5.4_Properties_of_the_String_Prototype_Object/15.5.4.6_String.prototype.concat/S15.5.4.6_A2.js"
  },
  {
    "base": "",
    "callee": "ID:lastIndexOf",
    "calleeLocation": "330760005920011",
    "arguments": [
      "ID:eval",
      "ID:__obj__pos"
    ],
    "argumentLocations": [
      "330760006040013",
      "330760006180010"
    ],
    "argumentTypes": [
      "unknown",
      "unknown"
    ],
    "parameters": [
      "",
      ""
    ],
    "src": "data/js/programs_all/fholm/IronJS/Src/Tests/Sputnik/sputnik-v1/tests/Conformance/15_Native_ECMA_Script_Objects/15.5_String_Objects/15.5.4_Properties_of_the_String_Prototype_Object/15.5.4.8_String.prototype.lastIndexOf/S15.5.4.8_A1_T3.js : 23 - 23",
    "filename": "data/js/programs_all/fholm/IronJS/Src/Tests/Sputnik/sputnik-v1/tests/Conformance/15_Native_ECMA_Script_Objects/15.5_String_Objects/15.5.4_Properties_of_the_String_Prototype_Object/15.5.4.8_String.prototype.lastIndexOf/S15.5.4.8_A1_T3.js"
  },
  {
    "base": "",
    "callee": "ID:lastIndexOf",
    "calleeLocation": "330760007060011",
    "arguments": [
      "ID:eval",
      "ID:__obj__pos"
    ],
    "argumentLocations": [
      "330760007180013",
      "330760007320010"
    ],
    "argumentTypes": [
      "unknown",
      "unknown"
    ],
    "parameters": [
      "",
      ""
    ],
    "src": "data/js/programs_all/fholm/IronJS/Src/Tests/Sputnik/sputnik-v1/tests/Conformance/15_Native_ECMA_Script_Objects/15.5_String_Objects/15.5.4_Properties_of_the_String_Prototype_Object/15.5.4.8_String.prototype.lastIndexOf/S15.5.4.8_A1_T3.js : 24 - 24",
    "filename": "data/js/programs_all/fholm/IronJS/Src/Tests/Sputnik/sputnik-v1/tests/Conformance/15_Native_ECMA_Script_Objects/15.5_String_Objects/15.5.4_Properties_of_the_String_Prototype_Object/15.5.4.8_String.prototype.lastIndexOf/S15.5.4.8_A1_T3.js"
  },
  {
    "base": "ID:Math",
    "callee": "ID:pow",
    "calleeLocation": "330880012410003",
    "arguments": [
      "LIT:16",
      "ID:i"
    ],
    "argumentLocations": [
      "330880012450002",
      "330880012490001"
    ],
    "argumentTypes": [
      "number",
      "unknown"
    ],
    "parameters": [
      "",
      ""
    ],
    "src": "data/js/programs_all/fholm/IronJS/Src/Tests/Sputnik/sputnik-v1/tests/Unicode/Unicode_218/S7.1_A2.1_T2.js : 43 - 43",
    "filename": "data/js/programs_all/fholm/IronJS/Src/Tests/Sputnik/sputnik-v1/tests/Unicode/Unicode_218/S7.1_A2.1_T2.js"
  },
  {
    "base": "ID:Math",
    "callee": "ID:pow",
    "calleeLocation": "330880012890003",
    "arguments": [
      "LIT:16",
      "ID:i"
    ],
    "argumentLocations": [
      "330880012930002",
      "330880012970001"
    ],
    "argumentTypes": [
      "number",
      "unknown"
    ],
    "parameters": [
      "",
      ""
    ],
    "src": "data/js/programs_all/fholm/IronJS/Src/Tests/Sputnik/sputnik-v1/tests/Unicode/Unicode_218/S7.1_A2.1_T2.js : 44 - 44",
    "filename": "data/js/programs_all/fholm/IronJS/Src/Tests/Sputnik/sputnik-v1/tests/Unicode/Unicode_218/S7.1_A2.1_T2.js"
  },
  {
    "base": "ID:Math",
    "callee": "ID:pow",
    "calleeLocation": "330880013220003",
    "arguments": [
      "LIT:16",
      "ID:i"
    ],
    "argumentLocations": [
      "330880013260002",
      "330880013300001"
    ],
    "argumentTypes": [
      "number",
      "unknown"
    ],
    "parameters": [
      "",
      ""
    ],
    "src": "data/js/programs_all/fholm/IronJS/Src/Tests/Sputnik/sputnik-v1/tests/Unicode/Unicode_218/S7.1_A2.1_T2.js : 45 - 45",
    "filename": "data/js/programs_all/fholm/IronJS/Src/Tests/Sputnik/sputnik-v1/tests/Unicode/Unicode_218/S7.1_A2.1_T2.js"
  },
  {
    "base": "ID:Math",
    "callee": "ID:pow",
    "calleeLocation": "330890011640003",
    "arguments": [
      "LIT:16",
      "ID:i"
    ],
    "argumentLocations": [
      "330890011680002",
      "330890011720001"
    ],
    "argumentTypes": [
      "number",
      "unknown"
    ],
    "parameters": [
      "",
      ""
    ],
    "src": "data/js/programs_all/fholm/IronJS/Src/Tests/Sputnik/sputnik-v1/tests/Unicode/Unicode_218/S7.2_A1.6_T1.js : 45 - 45",
    "filename": "data/js/programs_all/fholm/IronJS/Src/Tests/Sputnik/sputnik-v1/tests/Unicode/Unicode_218/S7.2_A1.6_T1.js"
  },
  {
    "base": "ID:Math",
    "callee": "ID:pow",
    "calleeLocation": "330890012120003",
    "arguments": [
      "LIT:16",
      "ID:i"
    ],
    "argumentLocations": [
      "330890012160002",
      "330890012200001"
    ],
    "argumentTypes": [
      "number",
      "unknown"
    ],
    "parameters": [
      "",
      ""
    ],
    "src": "data/js/programs_all/fholm/IronJS/Src/Tests/Sputnik/sputnik-v1/tests/Unicode/Unicode_218/S7.2_A1.6_T1.js : 46 - 46",
    "filename": "data/js/programs_all/fholm/IronJS/Src/Tests/Sputnik/sputnik-v1/tests/Unicode/Unicode_218/S7.2_A1.6_T1.js"
  },
  {
    "base": "ID:Math",
    "callee": "ID:pow",
    "calleeLocation": "330890012450003",
    "arguments": [
      "LIT:16",
      "ID:i"
    ],
    "argumentLocations": [
      "330890012490002",
      "330890012530001"
    ],
    "argumentTypes": [
      "number",
      "unknown"
    ],
    "parameters": [
      "",
      ""
    ],
    "src": "data/js/programs_all/fholm/IronJS/Src/Tests/Sputnik/sputnik-v1/tests/Unicode/Unicode_218/S7.2_A1.6_T1.js : 47 - 47",
    "filename": "data/js/programs_all/fholm/IronJS/Src/Tests/Sputnik/sputnik-v1/tests/Unicode/Unicode_218/S7.2_A1.6_T1.js"
  },
  {
    "base": "ID:Math",
    "callee": "ID:pow",
    "calleeLocation": "330900013340003",
    "arguments": [
      "LIT:16",
      "ID:i"
    ],
    "argumentLocations": [
      "330900013380002",
      "330900013420001"
    ],
    "argumentTypes": [
      "number",
      "unknown"
    ],
    "parameters": [
      "",
      ""
    ],
    "src": "data/js/programs_all/fholm/IronJS/Src/Tests/Sputnik/sputnik-v1/tests/Unicode/Unicode_320/S7.1_A1_T1.js : 45 - 45",
    "filename": "data/js/programs_all/fholm/IronJS/Src/Tests/Sputnik/sputnik-v1/tests/Unicode/Unicode_320/S7.1_A1_T1.js"
  },
  {
    "base": "ID:Math",
    "callee": "ID:pow",
    "calleeLocation": "330900013820003",
    "arguments": [
      "LIT:16",
      "ID:i"
    ],
    "argumentLocations": [
      "330900013860002",
      "330900013900001"
    ],
    "argumentTypes": [
      "number",
      "unknown"
    ],
    "parameters": [
      "",
      ""
    ],
    "src": "data/js/programs_all/fholm/IronJS/Src/Tests/Sputnik/sputnik-v1/tests/Unicode/Unicode_320/S7.1_A1_T1.js : 46 - 46",
    "filename": "data/js/programs_all/fholm/IronJS/Src/Tests/Sputnik/sputnik-v1/tests/Unicode/Unicode_320/S7.1_A1_T1.js"
  },
  {
    "base": "ID:Math",
    "callee": "ID:pow",
    "calleeLocation": "330900014150003",
    "arguments": [
      "LIT:16",
      "ID:i"
    ],
    "argumentLocations": [
      "330900014190002",
      "330900014230001"
    ],
    "argumentTypes": [
      "number",
      "unknown"
    ],
    "parameters": [
      "",
      ""
    ],
    "src": "data/js/programs_all/fholm/IronJS/Src/Tests/Sputnik/sputnik-v1/tests/Unicode/Unicode_320/S7.1_A1_T1.js : 47 - 47",
    "filename": "data/js/programs_all/fholm/IronJS/Src/Tests/Sputnik/sputnik-v1/tests/Unicode/Unicode_320/S7.1_A1_T1.js"
  },
  {
    "base": "ID:Math",
    "callee": "ID:pow",
    "calleeLocation": "330910013310003",
    "arguments": [
      "LIT:16",
      "ID:i"
    ],
    "argumentLocations": [
      "330910013350002",
      "330910013390001"
    ],
    "argumentTypes": [
      "number",
      "unknown"
    ],
    "parameters": [
      "",
      ""
    ],
    "src": "data/js/programs_all/fholm/IronJS/Src/Tests/Sputnik/sputnik-v1/tests/Unicode/Unicode_320/S7.1_A2.1_T2.js : 43 - 43",
    "filename": "data/js/programs_all/fholm/IronJS/Src/Tests/Sputnik/sputnik-v1/tests/Unicode/Unicode_320/S7.1_A2.1_T2.js"
  },
  {
    "base": "ID:Math",
    "callee": "ID:pow",
    "calleeLocation": "330910013790003",
    "arguments": [
      "LIT:16",
      "ID:i"
    ],
    "argumentLocations": [
      "330910013830002",
      "330910013870001"
    ],
    "argumentTypes": [
      "number",
      "unknown"
    ],
    "parameters": [
      "",
      ""
    ],
    "src": "data/js/programs_all/fholm/IronJS/Src/Tests/Sputnik/sputnik-v1/tests/Unicode/Unicode_320/S7.1_A2.1_T2.js : 44 - 44",
    "filename": "data/js/programs_all/fholm/IronJS/Src/Tests/Sputnik/sputnik-v1/tests/Unicode/Unicode_320/S7.1_A2.1_T2.js"
  },
  {
    "base": "ID:Math",
    "callee": "ID:pow",
    "calleeLocation": "330910014120003",
    "arguments": [
      "LIT:16",
      "ID:i"
    ],
    "argumentLocations": [
      "330910014160002",
      "330910014200001"
    ],
    "argumentTypes": [
      "number",
      "unknown"
    ],
    "parameters": [
      "",
      ""
    ],
    "src": "data/js/programs_all/fholm/IronJS/Src/Tests/Sputnik/sputnik-v1/tests/Unicode/Unicode_320/S7.1_A2.1_T2.js : 45 - 45",
    "filename": "data/js/programs_all/fholm/IronJS/Src/Tests/Sputnik/sputnik-v1/tests/Unicode/Unicode_320/S7.1_A2.1_T2.js"
  },
  {
    "base": "ID:Math",
    "callee": "ID:pow",
    "calleeLocation": "330920012180003",
    "arguments": [
      "LIT:16",
      "ID:i"
    ],
    "argumentLocations": [
      "330920012220002",
      "330920012260001"
    ],
    "argumentTypes": [
      "number",
      "unknown"
    ],
    "parameters": [
      "",
      ""
    ],
    "src": "data/js/programs_all/fholm/IronJS/Src/Tests/Sputnik/sputnik-v1/tests/Unicode/Unicode_320/S7.2_A1.6_T1.js : 45 - 45",
    "filename": "data/js/programs_all/fholm/IronJS/Src/Tests/Sputnik/sputnik-v1/tests/Unicode/Unicode_320/S7.2_A1.6_T1.js"
  },
  {
    "base": "ID:Math",
    "callee": "ID:pow",
    "calleeLocation": "330920012660003",
    "arguments": [
      "LIT:16",
      "ID:i"
    ],
    "argumentLocations": [
      "330920012700002",
      "330920012740001"
    ],
    "argumentTypes": [
      "number",
      "unknown"
    ],
    "parameters": [
      "",
      ""
    ],
    "src": "data/js/programs_all/fholm/IronJS/Src/Tests/Sputnik/sputnik-v1/tests/Unicode/Unicode_320/S7.2_A1.6_T1.js : 46 - 46",
    "filename": "data/js/programs_all/fholm/IronJS/Src/Tests/Sputnik/sputnik-v1/tests/Unicode/Unicode_320/S7.2_A1.6_T1.js"
  },
  {
    "base": "ID:Math",
    "callee": "ID:pow",
    "calleeLocation": "330920012990003",
    "arguments": [
      "LIT:16",
      "ID:i"
    ],
    "argumentLocations": [
      "330920013030002",
      "330920013070001"
    ],
    "argumentTypes": [
      "number",
      "unknown"
    ],
    "parameters": [
      "",
      ""
    ],
    "src": "data/js/programs_all/fholm/IronJS/Src/Tests/Sputnik/sputnik-v1/tests/Unicode/Unicode_320/S7.2_A1.6_T1.js : 47 - 47",
    "filename": "data/js/programs_all/fholm/IronJS/Src/Tests/Sputnik/sputnik-v1/tests/Unicode/Unicode_320/S7.2_A1.6_T1.js"
  },
  {
    "base": "ID:Math",
    "callee": "ID:pow",
    "calleeLocation": "330930016320003",
    "arguments": [
      "LIT:16",
      "ID:i"
    ],
    "argumentLocations": [
      "330930016360002",
      "330930016400001"
    ],
    "argumentTypes": [
      "number",
      "unknown"
    ],
    "parameters": [
      "",
      ""
    ],
    "src": "data/js/programs_all/fholm/IronJS/Src/Tests/Sputnik/sputnik-v1/tests/Unicode/Unicode_320/S7.6_A5.2_T4.js : 44 - 44",
    "filename": "data/js/programs_all/fholm/IronJS/Src/Tests/Sputnik/sputnik-v1/tests/Unicode/Unicode_320/S7.6_A5.2_T4.js"
  },
  {
    "base": "ID:Math",
    "callee": "ID:pow",
    "calleeLocation": "330930016800003",
    "arguments": [
      "LIT:16",
      "ID:i"
    ],
    "argumentLocations": [
      "330930016840002",
      "330930016880001"
    ],
    "argumentTypes": [
      "number",
      "unknown"
    ],
    "parameters": [
      "",
      ""
    ],
    "src": "data/js/programs_all/fholm/IronJS/Src/Tests/Sputnik/sputnik-v1/tests/Unicode/Unicode_320/S7.6_A5.2_T4.js : 45 - 45",
    "filename": "data/js/programs_all/fholm/IronJS/Src/Tests/Sputnik/sputnik-v1/tests/Unicode/Unicode_320/S7.6_A5.2_T4.js"
  },
  {
    "base": "ID:Math",
    "callee": "ID:pow",
    "calleeLocation": "330930017130003",
    "arguments": [
      "LIT:16",
      "ID:i"
    ],
    "argumentLocations": [
      "330930017170002",
      "330930017210001"
    ],
    "argumentTypes": [
      "number",
      "unknown"
    ],
    "parameters": [
      "",
      ""
    ],
    "src": "data/js/programs_all/fholm/IronJS/Src/Tests/Sputnik/sputnik-v1/tests/Unicode/Unicode_320/S7.6_A5.2_T4.js : 46 - 46",
    "filename": "data/js/programs_all/fholm/IronJS/Src/Tests/Sputnik/sputnik-v1/tests/Unicode/Unicode_320/S7.6_A5.2_T4.js"
  },
  {
    "base": "ID:Math",
    "callee": "ID:pow",
    "calleeLocation": "330940013680003",
    "arguments": [
      "LIT:16",
      "ID:i"
    ],
    "argumentLocations": [
      "330940013720002",
      "330940013760001"
    ],
    "argumentTypes": [
      "number",
      "unknown"
    ],
    "parameters": [
      "",
      ""
    ],
    "src": "data/js/programs_all/fholm/IronJS/Src/Tests/Sputnik/sputnik-v1/tests/Unicode/Unicode_410/S7.6_A5.2_T6.js : 44 - 44",
    "filename": "data/js/programs_all/fholm/IronJS/Src/Tests/Sputnik/sputnik-v1/tests/Unicode/Unicode_410/S7.6_A5.2_T6.js"
  },
  {
    "base": "ID:Math",
    "callee": "ID:pow",
    "calleeLocation": "330940014160003",
    "arguments": [
      "LIT:16",
      "ID:i"
    ],
    "argumentLocations": [
      "330940014200002",
      "330940014240001"
    ],
    "argumentTypes": [
      "number",
      "unknown"
    ],
    "parameters": [
      "",
      ""
    ],
    "src": "data/js/programs_all/fholm/IronJS/Src/Tests/Sputnik/sputnik-v1/tests/Unicode/Unicode_410/S7.6_A5.2_T6.js : 45 - 45",
    "filename": "data/js/programs_all/fholm/IronJS/Src/Tests/Sputnik/sputnik-v1/tests/Unicode/Unicode_410/S7.6_A5.2_T6.js"
  },
  {
    "base": "ID:Math",
    "callee": "ID:pow",
    "calleeLocation": "330940014490003",
    "arguments": [
      "LIT:16",
      "ID:i"
    ],
    "argumentLocations": [
      "330940014530002",
      "330940014570001"
    ],
    "argumentTypes": [
      "number",
      "unknown"
    ],
    "parameters": [
      "",
      ""
    ],
    "src": "data/js/programs_all/fholm/IronJS/Src/Tests/Sputnik/sputnik-v1/tests/Unicode/Unicode_410/S7.6_A5.2_T6.js : 46 - 46",
    "filename": "data/js/programs_all/fholm/IronJS/Src/Tests/Sputnik/sputnik-v1/tests/Unicode/Unicode_410/S7.6_A5.2_T6.js"
  },
  {
    "base": "ID:Math",
    "callee": "ID:pow",
    "calleeLocation": "330950033140003",
    "arguments": [
      "LIT:16",
      "ID:i"
    ],
    "argumentLocations": [
      "330950033180002",
      "330950033220001"
    ],
    "argumentTypes": [
      "number",
      "unknown"
    ],
    "parameters": [
      "",
      ""
    ],
    "src": "data/js/programs_all/fholm/IronJS/Src/Tests/Sputnik/sputnik-v1/tests/Unicode/Unicode_410/S7.6_A5.2_T7.js : 44 - 44",
    "filename": "data/js/programs_all/fholm/IronJS/Src/Tests/Sputnik/sputnik-v1/tests/Unicode/Unicode_410/S7.6_A5.2_T7.js"
  },
  {
    "base": "ID:Math",
    "callee": "ID:pow",
    "calleeLocation": "330950033620003",
    "arguments": [
      "LIT:16",
      "ID:i"
    ],
    "argumentLocations": [
      "330950033660002",
      "330950033700001"
    ],
    "argumentTypes": [
      "number",
      "unknown"
    ],
    "parameters": [
      "",
      ""
    ],
    "src": "data/js/programs_all/fholm/IronJS/Src/Tests/Sputnik/sputnik-v1/tests/Unicode/Unicode_410/S7.6_A5.2_T7.js : 45 - 45",
    "filename": "data/js/programs_all/fholm/IronJS/Src/Tests/Sputnik/sputnik-v1/tests/Unicode/Unicode_410/S7.6_A5.2_T7.js"
  },
  {
    "base": "ID:Math",
    "callee": "ID:pow",
    "calleeLocation": "330950033950003",
    "arguments": [
      "LIT:16",
      "ID:i"
    ],
    "argumentLocations": [
      "330950033990002",
      "330950034030001"
    ],
    "argumentTypes": [
      "number",
      "unknown"
    ],
    "parameters": [
      "",
      ""
    ],
    "src": "data/js/programs_all/fholm/IronJS/Src/Tests/Sputnik/sputnik-v1/tests/Unicode/Unicode_410/S7.6_A5.2_T7.js : 46 - 46",
    "filename": "data/js/programs_all/fholm/IronJS/Src/Tests/Sputnik/sputnik-v1/tests/Unicode/Unicode_410/S7.6_A5.2_T7.js"
  },
  {
    "base": "ID:Math",
    "callee": "ID:pow",
    "calleeLocation": "330960018800003",
    "arguments": [
      "LIT:16",
      "ID:i"
    ],
    "argumentLocations": [
      "330960018840002",
      "330960018880001"
    ],
    "argumentTypes": [
      "number",
      "unknown"
    ],
    "parameters": [
      "",
      ""
    ],
    "src": "data/js/programs_all/fholm/IronJS/Src/Tests/Sputnik/sputnik-v1/tests/Unicode/Unicode_500/S15.5.4.16_A2.js : 39 - 39",
    "filename": "data/js/programs_all/fholm/IronJS/Src/Tests/Sputnik/sputnik-v1/tests/Unicode/Unicode_500/S15.5.4.16_A2.js"
  },
  {
    "base": "ID:Math",
    "callee": "ID:pow",
    "calleeLocation": "330960019280003",
    "arguments": [
      "LIT:16",
      "ID:i"
    ],
    "argumentLocations": [
      "330960019320002",
      "330960019360001"
    ],
    "argumentTypes": [
      "number",
      "unknown"
    ],
    "parameters": [
      "",
      ""
    ],
    "src": "data/js/programs_all/fholm/IronJS/Src/Tests/Sputnik/sputnik-v1/tests/Unicode/Unicode_500/S15.5.4.16_A2.js : 40 - 40",
    "filename": "data/js/programs_all/fholm/IronJS/Src/Tests/Sputnik/sputnik-v1/tests/Unicode/Unicode_500/S15.5.4.16_A2.js"
  },
  {
    "base": "ID:Math",
    "callee": "ID:pow",
    "calleeLocation": "330960019610003",
    "arguments": [
      "LIT:16",
      "ID:i"
    ],
    "argumentLocations": [
      "330960019650002",
      "330960019690001"
    ],
    "argumentTypes": [
      "number",
      "unknown"
    ],
    "parameters": [
      "",
      ""
    ],
    "src": "data/js/programs_all/fholm/IronJS/Src/Tests/Sputnik/sputnik-v1/tests/Unicode/Unicode_500/S15.5.4.16_A2.js : 41 - 41",
    "filename": "data/js/programs_all/fholm/IronJS/Src/Tests/Sputnik/sputnik-v1/tests/Unicode/Unicode_500/S15.5.4.16_A2.js"
  },
  {
    "base": "ID:Math",
    "callee": "ID:pow",
    "calleeLocation": "330970012360003",
    "arguments": [
      "LIT:16",
      "ID:i"
    ],
    "argumentLocations": [
      "330970012400002",
      "330970012440001"
    ],
    "argumentTypes": [
      "number",
      "unknown"
    ],
    "parameters": [
      "",
      ""
    ],
    "src": "data/js/programs_all/fholm/IronJS/Src/Tests/Sputnik/sputnik-v1/tests/Unicode/Unicode_500/S7.2_A1.6_T1.js : 45 - 45",
    "filename": "data/js/programs_all/fholm/IronJS/Src/Tests/Sputnik/sputnik-v1/tests/Unicode/Unicode_500/S7.2_A1.6_T1.js"
  },
  {
    "base": "ID:Math",
    "callee": "ID:pow",
    "calleeLocation": "330970012840003",
    "arguments": [
      "LIT:16",
      "ID:i"
    ],
    "argumentLocations": [
      "330970012880002",
      "330970012920001"
    ],
    "argumentTypes": [
      "number",
      "unknown"
    ],
    "parameters": [
      "",
      ""
    ],
    "src": "data/js/programs_all/fholm/IronJS/Src/Tests/Sputnik/sputnik-v1/tests/Unicode/Unicode_500/S7.2_A1.6_T1.js : 46 - 46",
    "filename": "data/js/programs_all/fholm/IronJS/Src/Tests/Sputnik/sputnik-v1/tests/Unicode/Unicode_500/S7.2_A1.6_T1.js"
  },
  {
    "base": "ID:Math",
    "callee": "ID:pow",
    "calleeLocation": "330970013170003",
    "arguments": [
      "LIT:16",
      "ID:i"
    ],
    "argumentLocations": [
      "330970013210002",
      "330970013250001"
    ],
    "argumentTypes": [
      "number",
      "unknown"
    ],
    "parameters": [
      "",
      ""
    ],
    "src": "data/js/programs_all/fholm/IronJS/Src/Tests/Sputnik/sputnik-v1/tests/Unicode/Unicode_500/S7.2_A1.6_T1.js : 47 - 47",
    "filename": "data/js/programs_all/fholm/IronJS/Src/Tests/Sputnik/sputnik-v1/tests/Unicode/Unicode_500/S7.2_A1.6_T1.js"
  },
  {
    "base": "ID:Math",
    "callee": "ID:pow",
    "calleeLocation": "330980026230003",
    "arguments": [
      "LIT:16",
      "ID:i"
    ],
    "argumentLocations": [
      "330980026270002",
      "330980026310001"
    ],
    "argumentTypes": [
      "number",
      "unknown"
    ],
    "parameters": [
      "",
      ""
    ],
    "src": "data/js/programs_all/fholm/IronJS/Src/Tests/Sputnik/sputnik-v1/tests/Unicode/Unicode_510/S7.6_A2.2_T2.js : 43 - 43",
    "filename": "data/js/programs_all/fholm/IronJS/Src/Tests/Sputnik/sputnik-v1/tests/Unicode/Unicode_510/S7.6_A2.2_T2.js"
  },
  {
    "base": "ID:Math",
    "callee": "ID:pow",
    "calleeLocation": "330980026710003",
    "arguments": [
      "LIT:16",
      "ID:i"
    ],
    "argumentLocations": [
      "330980026750002",
      "330980026790001"
    ],
    "argumentTypes": [
      "number",
      "unknown"
    ],
    "parameters": [
      "",
      ""
    ],
    "src": "data/js/programs_all/fholm/IronJS/Src/Tests/Sputnik/sputnik-v1/tests/Unicode/Unicode_510/S7.6_A2.2_T2.js : 44 - 44",
    "filename": "data/js/programs_all/fholm/IronJS/Src/Tests/Sputnik/sputnik-v1/tests/Unicode/Unicode_510/S7.6_A2.2_T2.js"
  },
  {
    "base": "ID:Math",
    "callee": "ID:pow",
    "calleeLocation": "330980027040003",
    "arguments": [
      "LIT:16",
      "ID:i"
    ],
    "argumentLocations": [
      "330980027080002",
      "330980027120001"
    ],
    "argumentTypes": [
      "number",
      "unknown"
    ],
    "parameters": [
      "",
      ""
    ],
    "src": "data/js/programs_all/fholm/IronJS/Src/Tests/Sputnik/sputnik-v1/tests/Unicode/Unicode_510/S7.6_A2.2_T2.js : 45 - 45",
    "filename": "data/js/programs_all/fholm/IronJS/Src/Tests/Sputnik/sputnik-v1/tests/Unicode/Unicode_510/S7.6_A2.2_T2.js"
  },
  {
    "base": "ID:Math",
    "callee": "ID:pow",
    "calleeLocation": "330990016300003",
    "arguments": [
      "LIT:16",
      "ID:i"
    ],
    "argumentLocations": [
      "330990016340002",
      "330990016380001"
    ],
    "argumentTypes": [
      "number",
      "unknown"
    ],
    "parameters": [
      "",
      ""
    ],
    "src": "data/js/programs_all/fholm/IronJS/Src/Tests/Sputnik/sputnik-v1/tests/Unicode/Unicode_510/S7.6_A2.3.js : 42 - 42",
    "filename": "data/js/programs_all/fholm/IronJS/Src/Tests/Sputnik/sputnik-v1/tests/Unicode/Unicode_510/S7.6_A2.3.js"
  },
  {
    "base": "ID:Math",
    "callee": "ID:pow",
    "calleeLocation": "330990016780003",
    "arguments": [
      "LIT:16",
      "ID:i"
    ],
    "argumentLocations": [
      "330990016820002",
      "330990016860001"
    ],
    "argumentTypes": [
      "number",
      "unknown"
    ],
    "parameters": [
      "",
      ""
    ],
    "src": "data/js/programs_all/fholm/IronJS/Src/Tests/Sputnik/sputnik-v1/tests/Unicode/Unicode_510/S7.6_A2.3.js : 43 - 43",
    "filename": "data/js/programs_all/fholm/IronJS/Src/Tests/Sputnik/sputnik-v1/tests/Unicode/Unicode_510/S7.6_A2.3.js"
  },
  {
    "base": "ID:Math",
    "callee": "ID:pow",
    "calleeLocation": "330990017110003",
    "arguments": [
      "LIT:16",
      "ID:i"
    ],
    "argumentLocations": [
      "330990017150002",
      "330990017190001"
    ],
    "argumentTypes": [
      "number",
      "unknown"
    ],
    "parameters": [
      "",
      ""
    ],
    "src": "data/js/programs_all/fholm/IronJS/Src/Tests/Sputnik/sputnik-v1/tests/Unicode/Unicode_510/S7.6_A2.3.js : 44 - 44",
    "filename": "data/js/programs_all/fholm/IronJS/Src/Tests/Sputnik/sputnik-v1/tests/Unicode/Unicode_510/S7.6_A2.3.js"
  },
  {
    "base": "ID:Object",
    "callee": "ID:getOwnPropertyDescriptor",
    "calleeLocation": "331240020490024",
    "arguments": [
      "ID:o",
      "LIT:foo"
    ],
    "argumentLocations": [
      "331240020740001",
      "331240020760005"
    ],
    "argumentTypes": [
      "unknown",
      "string"
    ],
    "parameters": [
      "",
      ""
    ],
    "src": "data/js/programs_all/fholm/IronJS/Src/Tests/ietestcenter/chapter11/11.1/11.1.5/11.1.5_5-4-1.js : 39 - 39",
    "filename": "data/js/programs_all/fholm/IronJS/Src/Tests/ietestcenter/chapter11/11.1/11.1.5/11.1.5_5-4-1.js"
  },
  {
    "base": "ID:Object",
    "callee": "ID:getOwnPropertyDescriptor",
    "calleeLocation": "331260019820024",
    "arguments": [
      "ID:fnGlobalObject",
      "LIT:__ES3_1_test_suite_test_11_13_1_unique_id_3__"
    ],
    "argumentLocations": [
      "331260020070016",
      "331260020250047"
    ],
    "argumentTypes": [
      "unknown",
      "string"
    ],
    "parameters": [
      "",
      ""
    ],
    "src": "data/js/programs_all/fholm/IronJS/Src/Tests/ietestcenter/chapter11/11.13/11.13.1/11.13.1-4-1.js : 39 - 39",
    "filename": "data/js/programs_all/fholm/IronJS/Src/Tests/ietestcenter/chapter11/11.13/11.13.1/11.13.1-4-1.js"
  },
  {
    "base": "ID:Object",
    "callee": "ID:getOwnPropertyDescriptor",
    "calleeLocation": "331370018980024",
    "arguments": [
      "ID:prototype",
      "LIT:constructor"
    ],
    "argumentLocations": [
      "331370019230016",
      "331370019410013"
    ],
    "argumentTypes": [
      "unknown",
      "string"
    ],
    "parameters": [
      "",
      ""
    ],
    "src": "data/js/programs_all/fholm/IronJS/Src/Tests/ietestcenter/chapter13/13.2/13.2-17-1.js : 29 - 29",
    "filename": "data/js/programs_all/fholm/IronJS/Src/Tests/ietestcenter/chapter13/13.2/13.2-17-1.js"
  },
  {
    "base": "ID:Object",
    "callee": "ID:defineProperty",
    "calleeLocation": "331370032680014",
    "arguments": [
      "ID:prototype",
      "LIT:constructor",
      "ID:desc"
    ],
    "argumentLocations": [
      "331370032830016",
      "331370033010013",
      "331370033160004"
    ],
    "argumentTypes": [
      "unknown",
      "string",
      "unknown"
    ],
    "parameters": [
      "",
      "",
      ""
    ],
    "src": "data/js/programs_all/fholm/IronJS/Src/Tests/ietestcenter/chapter13/13.2/13.2-17-1.js : 68 - 68",
    "filename": "data/js/programs_all/fholm/IronJS/Src/Tests/ietestcenter/chapter13/13.2/13.2-17-1.js"
  },
  {
    "base": "ID:Object",
    "callee": "ID:getOwnPropertyDescriptor",
    "calleeLocation": "331480020080024",
    "arguments": [
      "ID:o",
      "LIT:parse"
    ],
    "argumentLocations": [
      "331480020330001",
      "331480020360007"
    ],
    "argumentTypes": [
      "unknown",
      "string"
    ],
    "parameters": [
      "",
      ""
    ],
    "src": "data/js/programs_all/fholm/IronJS/Src/Tests/ietestcenter/chapter15/15.12/15.12.2/15.12.2-0-3.js : 37 - 37",
    "filename": "data/js/programs_all/fholm/IronJS/Src/Tests/ietestcenter/chapter15/15.12/15.12.2/15.12.2-0-3.js"
  },
  {
    "base": "ID:JSON",
    "callee": "ID:stringify",
    "calleeLocation": "331530019210009",
    "arguments": [
      "ID:obj",
      "LIT:null",
      "LIT:5"
    ],
    "argumentLocations": [
      "331530019310003",
      "331530019350004",
      "331530019410001"
    ],
    "argumentTypes": [
      "unknown",
      "null",
      "number"
    ],
    "parameters": [
      "",
      "",
      ""
    ],
    "src": "data/js/programs_all/fholm/IronJS/Src/Tests/ietestcenter/chapter15/15.12/15.12.3/15.12.3-5-a-i-1.js : 31 - 31",
    "filename": "data/js/programs_all/fholm/IronJS/Src/Tests/ietestcenter/chapter15/15.12/15.12.3/15.12.3-5-a-i-1.js"
  },
  {
    "base": "ID:JSON",
    "callee": "ID:stringify",
    "calleeLocation": "331540019680009",
    "arguments": [
      "ID:obj",
      "LIT:null",
      "LIT:5"
    ],
    "argumentLocations": [
      "331540019780003",
      "331540019820004",
      "331540019880001"
    ],
    "argumentTypes": [
      "unknown",
      "null",
      "number"
    ],
    "parameters": [
      "",
      "",
      ""
    ],
    "src": "data/js/programs_all/fholm/IronJS/Src/Tests/ietestcenter/chapter15/15.12/15.12.3/15.12.3-6-b-4.js : 33 - 33",
    "filename": "data/js/programs_all/fholm/IronJS/Src/Tests/ietestcenter/chapter15/15.12/15.12.3/15.12.3-6-b-4.js"
  },
  {
    "base": "ID:JSON",
    "callee": "ID:stringify",
    "calleeLocation": "331540019990009",
    "arguments": [
      "ID:obj",
      "LIT:null",
      "ID:fiveSpaces"
    ],
    "argumentLocations": [
      "331540020090003",
      "331540020140004",
      "331540020200010"
    ],
    "argumentTypes": [
      "unknown",
      "null",
      "unknown"
    ],
    "parameters": [
      "",
      "",
      ""
    ],
    "src": "data/js/programs_all/fholm/IronJS/Src/Tests/ietestcenter/chapter15/15.12/15.12.3/15.12.3-6-b-4.js : 33 - 33",
    "filename": "data/js/programs_all/fholm/IronJS/Src/Tests/ietestcenter/chapter15/15.12/15.12.3/15.12.3-6-b-4.js"
  },
  {
    "base": "",
    "callee": "ID:fun",
    "calleeLocation": "331940019090003",
    "arguments": [
      "LIT:1",
      "LIT:true",
      "LIT:3"
    ],
    "argumentLocations": [
      "331940019130001",
      "331940019160004",
      "331940019220001"
    ],
    "argumentTypes": [
      "number",
      "boolean",
      "number"
    ],
    "parameters": [
      "",
      "",
      ""
    ],
    "src": "data/js/programs_all/fholm/IronJS/Src/Tests/ietestcenter/chapter15/15.2/15.2.3/15.2.3.2/15.2.3.2-2-28.js : 33 - 33",
    "filename": "data/js/programs_all/fholm/IronJS/Src/Tests/ietestcenter/chapter15/15.2/15.2.3/15.2.3.2/15.2.3.2-2-28.js"
  },
  {
    "base": "ID:Object",
    "callee": "ID:getOwnPropertyDescriptor",
    "calleeLocation": "331980018370024",
    "arguments": [
      "ID:o",
      "ID:undefined"
    ],
    "argumentLocations": [
      "331980018620001",
      "331980018650009"
    ],
    "argumentTypes": [
      "unknown",
      "undefined"
    ],
    "parameters": [
      "",
      ""
    ],
    "src": "data/js/programs_all/fholm/IronJS/Src/Tests/ietestcenter/chapter15/15.2/15.2.3/15.2.3.3/15.2.3.3-2-1.js : 31 - 31",
    "filename": "data/js/programs_all/fholm/IronJS/Src/Tests/ietestcenter/chapter15/15.2/15.2.3/15.2.3.3/15.2.3.3-2-1.js"
  },
  {
    "base": "ID:Object",
    "callee": "ID:getOwnPropertyDescriptor",
    "calleeLocation": "331990019330024",
    "arguments": [
      "ID:obj",
      "LIT:100000000000000000000"
    ],
    "argumentLocations": [
      "331990019580003",
      "331990019630021"
    ],
    "argumentTypes": [
      "unknown",
      "number"
    ],
    "parameters": [
      "",
      ""
    ],
    "src": "data/js/programs_all/fholm/IronJS/Src/Tests/ietestcenter/chapter15/15.2/15.2.3/15.2.3.3/15.2.3.3-2-16.js : 32 - 32",
    "filename": "data/js/programs_all/fholm/IronJS/Src/Tests/ietestcenter/chapter15/15.2/15.2.3/15.2.3.3/15.2.3.3-2-16.js"
  },
  {
    "base": "ID:Object",
    "callee": "ID:getOwnPropertyDescriptor",
    "calleeLocation": "332000018990024",
    "arguments": [
      "ID:obj",
      "LIT:1e+21"
    ],
    "argumentLocations": [
      "332000019240003",
      "332000019290005"
    ],
    "argumentTypes": [
      "unknown",
      "number"
    ],
    "parameters": [
      "",
      ""
    ],
    "src": "data/js/programs_all/fholm/IronJS/Src/Tests/ietestcenter/chapter15/15.2/15.2.3/15.2.3.3/15.2.3.3-2-20.js : 32 - 32",
    "filename": "data/js/programs_all/fholm/IronJS/Src/Tests/ietestcenter/chapter15/15.2/15.2.3/15.2.3.3/15.2.3.3-2-20.js"
  },
  {
    "base": "ID:Object",
    "callee": "ID:getOwnPropertyDescriptor",
    "calleeLocation": "332010023110024",
    "arguments": [
      "ID:obj",
      "ID:ownProp"
    ],
    "argumentLocations": [
      "332010023360003",
      "332010023410007"
    ],
    "argumentTypes": [
      "unknown",
      "unknown"
    ],
    "parameters": [
      "",
      ""
    ],
    "src": "data/js/programs_all/fholm/IronJS/Src/Tests/ietestcenter/chapter15/15.2/15.2.3/15.2.3.3/15.2.3.3-2-44.js : 45 - 45",
    "filename": "data/js/programs_all/fholm/IronJS/Src/Tests/ietestcenter/chapter15/15.2/15.2.3/15.2.3.3/15.2.3.3-2-44.js"
  }
]