[
  {
    "base": "ID:validate",
    "callee": "ID:regex",
    "calleeLocation": "756130004530005",
    "arguments": [
      "LIT:/^[^\\[\\]\\<\\>]+$/",
      "ID:invalidName"
    ],
    "argumentLocations": [
      "756130004590016",
      "756130004760013"
    ],
    "argumentTypes": [
      "regex",
      "unknown"
    ],
    "parameters": [
      "",
      ""
    ],
    "src": "data/js/programs_all/studio107/meditor/vendors/ckeditor/plugins/placeholder/dialogs/placeholder.js : 5 - 5",
    "filename": "data/js/programs_all/studio107/meditor/vendors/ckeditor/plugins/placeholder/dialogs/placeholder.js"
  },
  {
    "base": "ID:a",
    "callee": "ID:setData",
    "calleeLocation": "756130005580007",
    "arguments": [
      "LIT:name",
      "ID:getValue"
    ],
    "argumentLocations": [
      "756130005660006",
      "756130005730015"
    ],
    "argumentTypes": [
      "string",
      "unknown"
    ],
    "parameters": [
      "",
      ""
    ],
    "src": "data/js/programs_all/studio107/meditor/vendors/ckeditor/plugins/placeholder/dialogs/placeholder.js : 5 - 5",
    "filename": "data/js/programs_all/studio107/meditor/vendors/ckeditor/plugins/placeholder/dialogs/placeholder.js"
  },
  {
    "base": "ID:a",
    "callee": "ID:addCommand",
    "calleeLocation": "757180004920010",
    "arguments": [
      "LIT:print",
      "ID:print"
    ],
    "argumentLocations": [
      "757180005030007",
      "757180005110022"
    ],
    "argumentTypes": [
      "string",
      "unknown"
    ],
    "parameters": [
      "",
      ""
    ],
    "src": "data/js/programs_all/studio107/meditor/vendors/ckeditor/plugins/print/plugin.js : 5 - 5",
    "filename": "data/js/programs_all/studio107/meditor/vendors/ckeditor/plugins/print/plugin.js"
  }
]