[
  {
    "base": "",
    "callee": "ID:dataPropertyAttributesAreCorrect",
    "calleeLocation": "712030007360032",
    "arguments": [
      "ID:obj",
      "LIT:prop",
      "LIT:11",
      "LIT:false",
      "LIT:false",
      "LIT:false"
    ],
    "argumentLocations": [
      "712030007690003",
      "712030007740006",
      "712030007820002",
      "712030007860005",
      "712030007930005",
      "712030008000005"
    ],
    "argumentTypes": [
      "unknown",
      "string",
      "number",
      "boolean",
      "boolean",
      "boolean"
    ],
    "parameters": [
      "",
      "",
      "",
      "",
      "",
      ""
    ],
    "src": "data/js/programs_all/sebastienros/jint/Jint.Tests.Ecma/TestCases/ch15/15.2/15.2.3/15.2.3.7/15.2.3.7-6-a-15.js : 26 - 26",
    "filename": "data/js/programs_all/sebastienros/jint/Jint.Tests.Ecma/TestCases/ch15/15.2/15.2.3/15.2.3.7/15.2.3.7-6-a-15.js"
  },
  {
    "base": "",
    "callee": "ID:dataPropertyAttributesAreCorrect",
    "calleeLocation": "712080007220032",
    "arguments": [
      "ID:obj",
      "LIT:prop",
      "LIT:11",
      "LIT:false",
      "LIT:false",
      "LIT:false"
    ],
    "argumentLocations": [
      "712080007550003",
      "712080007600006",
      "712080007680002",
      "712080007720005",
      "712080007790005",
      "712080007860005"
    ],
    "argumentTypes": [
      "unknown",
      "string",
      "number",
      "boolean",
      "boolean",
      "boolean"
    ],
    "parameters": [
      "",
      "",
      "",
      "",
      "",
      ""
    ],
    "src": "data/js/programs_all/sebastienros/jint/Jint.Tests.Ecma/TestCases/ch15/15.2/15.2.3/15.2.3.7/15.2.3.7-6-a-19.js : 26 - 26",
    "filename": "data/js/programs_all/sebastienros/jint/Jint.Tests.Ecma/TestCases/ch15/15.2/15.2.3/15.2.3.7/15.2.3.7-6-a-19.js"
  },
  {
    "base": "",
    "callee": "ID:dataPropertyAttributesAreCorrect",
    "calleeLocation": "712100005330032",
    "arguments": [
      "ID:arr",
      "LIT:0",
      "ID:undefined",
      "LIT:false",
      "LIT:true",
      "LIT:false"
    ],
    "argumentLocations": [
      "712100005660003",
      "712100005710003",
      "712100005760009",
      "712100005870005",
      "712100005940004",
      "712100006000005"
    ],
    "argumentTypes": [
      "unknown",
      "string",
      "undefined",
      "boolean",
      "boolean",
      "boolean"
    ],
    "parameters": [
      "",
      "",
      "",
      "",
      "",
      ""
    ],
    "src": "data/js/programs_all/sebastienros/jint/Jint.Tests.Ecma/TestCases/ch15/15.2/15.2.3/15.2.3.7/15.2.3.7-6-a-195.js : 17 - 17",
    "filename": "data/js/programs_all/sebastienros/jint/Jint.Tests.Ecma/TestCases/ch15/15.2/15.2.3/15.2.3.7/15.2.3.7-6-a-195.js"
  },
  {
    "base": "",
    "callee": "ID:dataPropertyAttributesAreCorrect",
    "calleeLocation": "712120006400032",
    "arguments": [
      "ID:obj",
      "LIT:prop",
      "LIT:12",
      "LIT:false",
      "LIT:false",
      "LIT:true"
    ],
    "argumentLocations": [
      "712120006730003",
      "712120006780006",
      "712120006860002",
      "712120006900005",
      "712120006970005",
      "712120007040004"
    ],
    "argumentTypes": [
      "unknown",
      "string",
      "number",
      "boolean",
      "boolean",
      "boolean"
    ],
    "parameters": [
      "",
      "",
      "",
      "",
      "",
      ""
    ],
    "src": "data/js/programs_all/sebastienros/jint/Jint.Tests.Ecma/TestCases/ch15/15.2/15.2.3/15.2.3.7/15.2.3.7-6-a-2.js : 26 - 26",
    "filename": "data/js/programs_all/sebastienros/jint/Jint.Tests.Ecma/TestCases/ch15/15.2/15.2.3/15.2.3.7/15.2.3.7-6-a-2.js"
  },
  {
    "base": "",
    "callee": "ID:dataPropertyAttributesAreCorrect",
    "calleeLocation": "712140007210032",
    "arguments": [
      "ID:obj",
      "LIT:prop",
      "LIT:11",
      "LIT:false",
      "LIT:false",
      "LIT:false"
    ],
    "argumentLocations": [
      "712140007540003",
      "712140007590006",
      "712140007670002",
      "712140007710005",
      "712140007780005",
      "712140007850005"
    ],
    "argumentTypes": [
      "unknown",
      "string",
      "number",
      "boolean",
      "boolean",
      "boolean"
    ],
    "parameters": [
      "",
      "",
      "",
      "",
      "",
      ""
    ],
    "src": "data/js/programs_all/sebastienros/jint/Jint.Tests.Ecma/TestCases/ch15/15.2/15.2.3/15.2.3.7/15.2.3.7-6-a-21.js : 26 - 26",
    "filename": "data/js/programs_all/sebastienros/jint/Jint.Tests.Ecma/TestCases/ch15/15.2/15.2.3/15.2.3.7/15.2.3.7-6-a-21.js"
  },
  {
    "base": "ID:Object",
    "callee": "ID:defineProperties",
    "calleeLocation": "712160006580016",
    "arguments": [
      "ID:arr",
      "ID:properties"
    ],
    "argumentLocations": [
      "712160006750003",
      "712160006800010"
    ],
    "argumentTypes": [
      "unknown",
      "unknown"
    ],
    "parameters": [
      "",
      ""
    ],
    "src": "data/js/programs_all/sebastienros/jint/Jint.Tests.Ecma/TestCases/ch15/15.2/15.2.3/15.2.3.7/15.2.3.7-6-a-218.js : 22 - 22",
    "filename": "data/js/programs_all/sebastienros/jint/Jint.Tests.Ecma/TestCases/ch15/15.2/15.2.3/15.2.3.7/15.2.3.7-6-a-218.js"
  },
  {
    "base": "",
    "callee": "ID:dataPropertyAttributesAreCorrect",
    "calleeLocation": "712160007120032",
    "arguments": [
      "ID:arr",
      "LIT:0",
      "ID:obj1",
      "LIT:false",
      "LIT:false",
      "LIT:false"
    ],
    "argumentLocations": [
      "712160007450003",
      "712160007500003",
      "712160007550004",
      "712160007610005",
      "712160007680005",
      "712160007750005"
    ],
    "argumentTypes": [
      "unknown",
      "string",
      "unknown",
      "boolean",
      "boolean",
      "boolean"
    ],
    "parameters": [
      "",
      "",
      "",
      "",
      "",
      ""
    ],
    "src": "data/js/programs_all/sebastienros/jint/Jint.Tests.Ecma/TestCases/ch15/15.2/15.2.3/15.2.3.7/15.2.3.7-6-a-218.js : 23 - 23",
    "filename": "data/js/programs_all/sebastienros/jint/Jint.Tests.Ecma/TestCases/ch15/15.2/15.2.3/15.2.3.7/15.2.3.7-6-a-218.js"
  },
  {
    "base": "",
    "callee": "ID:dataPropertyAttributesAreCorrect",
    "calleeLocation": "712170006440032",
    "arguments": [
      "ID:arr",
      "LIT:0",
      "ID:undefined",
      "LIT:false",
      "LIT:false",
      "LIT:true"
    ],
    "argumentLocations": [
      "712170006770003",
      "712170006820003",
      "712170006870009",
      "712170006980005",
      "712170007050005",
      "712170007120004"
    ],
    "argumentTypes": [
      "unknown",
      "string",
      "undefined",
      "boolean",
      "boolean",
      "boolean"
    ],
    "parameters": [
      "",
      "",
      "",
      "",
      "",
      ""
    ],
    "src": "data/js/programs_all/sebastienros/jint/Jint.Tests.Ecma/TestCases/ch15/15.2/15.2.3/15.2.3.7/15.2.3.7-6-a-225.js : 21 - 21",
    "filename": "data/js/programs_all/sebastienros/jint/Jint.Tests.Ecma/TestCases/ch15/15.2/15.2.3/15.2.3.7/15.2.3.7-6-a-225.js"
  },
  {
    "base": "",
    "callee": "ID:dataPropertyAttributesAreCorrect",
    "calleeLocation": "712180009000032",
    "arguments": [
      "ID:arr",
      "LIT:1",
      "LIT:3",
      "LIT:false",
      "LIT:false",
      "LIT:false"
    ],
    "argumentLocations": [
      "712180009330003",
      "712180009380003",
      "712180009430001",
      "712180009460005",
      "712180009530005",
      "712180009600005"
    ],
    "argumentTypes": [
      "unknown",
      "string",
      "number",
      "boolean",
      "boolean",
      "boolean"
    ],
    "parameters": [
      "",
      "",
      "",
      "",
      "",
      ""
    ],
    "src": "data/js/programs_all/sebastienros/jint/Jint.Tests.Ecma/TestCases/ch15/15.2/15.2.3/15.2.3.7/15.2.3.7-6-a-228.js : 28 - 28",
    "filename": "data/js/programs_all/sebastienros/jint/Jint.Tests.Ecma/TestCases/ch15/15.2/15.2.3/15.2.3.7/15.2.3.7-6-a-228.js"
  },
  {
    "base": "",
    "callee": "ID:accessorPropertyAttributesAreCorrect",
    "calleeLocation": "712190007670036",
    "arguments": [
      "ID:arr",
      "LIT:1",
      "ID:undefined",
      "ID:undefined",
      "ID:undefined",
      "LIT:false",
      "LIT:false"
    ],
    "argumentLocations": [
      "712190008040003",
      "712190008090003",
      "712190008140009",
      "712190008250009",
      "712190008360009",
      "712190008470005",
      "712190008540005"
    ],
    "argumentTypes": [
      "unknown",
      "string",
      "undefined",
      "undefined",
      "undefined",
      "boolean",
      "boolean"
    ],
    "parameters": [
      "",
      "",
      "",
      "",
      "",
      "",
      ""
    ],
    "src": "data/js/programs_all/sebastienros/jint/Jint.Tests.Ecma/TestCases/ch15/15.2/15.2.3/15.2.3.7/15.2.3.7-6-a-243.js : 21 - 21",
    "filename": "data/js/programs_all/sebastienros/jint/Jint.Tests.Ecma/TestCases/ch15/15.2/15.2.3/15.2.3.7/15.2.3.7-6-a-243.js"
  },
  {
    "base": "",
    "callee": "ID:accessorPropertyAttributesAreCorrect",
    "calleeLocation": "712200008300036",
    "arguments": [
      "ID:arr",
      "LIT:0",
      "ID:undefined",
      "ID:set_fun",
      "LIT:setVerifyHelpProp",
      "LIT:false",
      "LIT:true"
    ],
    "argumentLocations": [
      "712200008670003",
      "712200008720003",
      "712200008770009",
      "712200008880007",
      "712200008970019",
      "712200009180005",
      "712200009250004"
    ],
    "argumentTypes": [
      "unknown",
      "string",
      "undefined",
      "unknown",
      "string",
      "boolean",
      "boolean"
    ],
    "parameters": [
      "",
      "",
      "",
      "",
      "",
      "",
      ""
    ],
    "src": "data/js/programs_all/sebastienros/jint/Jint.Tests.Ecma/TestCases/ch15/15.2/15.2.3/15.2.3.7/15.2.3.7-6-a-257.js : 27 - 27",
    "filename": "data/js/programs_all/sebastienros/jint/Jint.Tests.Ecma/TestCases/ch15/15.2/15.2.3/15.2.3.7/15.2.3.7-6-a-257.js"
  },
  {
    "base": "ID:Object",
    "callee": "ID:getOwnPropertyDescriptor",
    "calleeLocation": "712220010190024",
    "arguments": [
      "ID:arg",
      "LIT:0"
    ],
    "argumentLocations": [
      "712220010440003",
      "712220010490003"
    ],
    "argumentTypes": [
      "unknown",
      "string"
    ],
    "parameters": [
      "",
      ""
    ],
    "src": "data/js/programs_all/sebastienros/jint/Jint.Tests.Ecma/TestCases/ch15/15.2/15.2.3/15.2.3.7/15.2.3.7-6-a-280.js : 38 - 38",
    "filename": "data/js/programs_all/sebastienros/jint/Jint.Tests.Ecma/TestCases/ch15/15.2/15.2.3/15.2.3.7/15.2.3.7-6-a-280.js"
  },
  {
    "base": "",
    "callee": "ID:dataPropertyAttributesAreCorrect",
    "calleeLocation": "712230009510032",
    "arguments": [
      "ID:arg",
      "LIT:0",
      "LIT:0",
      "LIT:false",
      "LIT:true",
      "LIT:false"
    ],
    "argumentLocations": [
      "712230009840003",
      "712230009890003",
      "712230009940001",
      "712230009970005",
      "712230010040004",
      "712230010100005"
    ],
    "argumentTypes": [
      "unknown",
      "string",
      "number",
      "boolean",
      "boolean",
      "boolean"
    ],
    "parameters": [
      "",
      "",
      "",
      "",
      "",
      ""
    ],
    "src": "data/js/programs_all/sebastienros/jint/Jint.Tests.Ecma/TestCases/ch15/15.2/15.2.3/15.2.3.7/15.2.3.7-6-a-282.js : 31 - 31",
    "filename": "data/js/programs_all/sebastienros/jint/Jint.Tests.Ecma/TestCases/ch15/15.2/15.2.3/15.2.3.7/15.2.3.7-6-a-282.js"
  },
  {
    "base": "",
    "callee": "ID:dataPropertyAttributesAreCorrect",
    "calleeLocation": "712240009740032",
    "arguments": [
      "ID:arg",
      "LIT:0",
      "LIT:0",
      "LIT:false",
      "LIT:false",
      "LIT:false"
    ],
    "argumentLocations": [
      "712240010070003",
      "712240010120003",
      "712240010170001",
      "712240010200005",
      "712240010270005",
      "712240010340005"
    ],
    "argumentTypes": [
      "unknown",
      "string",
      "number",
      "boolean",
      "boolean",
      "boolean"
    ],
    "parameters": [
      "",
      "",
      "",
      "",
      "",
      ""
    ],
    "src": "data/js/programs_all/sebastienros/jint/Jint.Tests.Ecma/TestCases/ch15/15.2/15.2.3/15.2.3.7/15.2.3.7-6-a-283.js : 32 - 32",
    "filename": "data/js/programs_all/sebastienros/jint/Jint.Tests.Ecma/TestCases/ch15/15.2/15.2.3/15.2.3.7/15.2.3.7-6-a-283.js"
  },
  {
    "base": "",
    "callee": "ID:dataPropertyAttributesAreCorrect",
    "calleeLocation": "712250009880032",
    "arguments": [
      "ID:arg",
      "LIT:0",
      "LIT:0",
      "LIT:false",
      "LIT:true",
      "LIT:false"
    ],
    "argumentLocations": [
      "712250010210003",
      "712250010260003",
      "712250010310001",
      "712250010340005",
      "712250010410004",
      "712250010470005"
    ],
    "argumentTypes": [
      "unknown",
      "string",
      "number",
      "boolean",
      "boolean",
      "boolean"
    ],
    "parameters": [
      "",
      "",
      "",
      "",
      "",
      ""
    ],
    "src": "data/js/programs_all/sebastienros/jint/Jint.Tests.Ecma/TestCases/ch15/15.2/15.2.3/15.2.3.7/15.2.3.7-6-a-284.js : 32 - 32",
    "filename": "data/js/programs_all/sebastienros/jint/Jint.Tests.Ecma/TestCases/ch15/15.2/15.2.3/15.2.3.7/15.2.3.7-6-a-284.js"
  },
  {
    "base": "",
    "callee": "ID:accessorPropertyAttributesAreCorrect",
    "calleeLocation": "712260010240036",
    "arguments": [
      "ID:arg",
      "LIT:0",
      "ID:get_func",
      "ID:undefined",
      "ID:undefined",
      "LIT:true",
      "LIT:false"
    ],
    "argumentLocations": [
      "712260010610003",
      "712260010660003",
      "712260010710008",
      "712260010810009",
      "712260010920009",
      "712260011030004",
      "712260011090005"
    ],
    "argumentTypes": [
      "unknown",
      "string",
      "unknown",
      "undefined",
      "undefined",
      "boolean",
      "boolean"
    ],
    "parameters": [
      "",
      "",
      "",
      "",
      "",
      "",
      ""
    ],
    "src": "data/js/programs_all/sebastienros/jint/Jint.Tests.Ecma/TestCases/ch15/15.2/15.2.3/15.2.3.7/15.2.3.7-6-a-289.js : 35 - 35",
    "filename": "data/js/programs_all/sebastienros/jint/Jint.Tests.Ecma/TestCases/ch15/15.2/15.2.3/15.2.3.7/15.2.3.7-6-a-289.js"
  },
  {
    "base": "",
    "callee": "ID:accessorPropertyAttributesAreCorrect",
    "calleeLocation": "712280010110036",
    "arguments": [
      "ID:arg",
      "LIT:0",
      "ID:get_func2",
      "ID:undefined",
      "ID:undefined",
      "LIT:false",
      "LIT:false"
    ],
    "argumentLocations": [
      "712280010480003",
      "712280010530003",
      "712280010580009",
      "712280010690009",
      "712280010800009",
      "712280010910005",
      "712280010980005"
    ],
    "argumentTypes": [
      "unknown",
      "string",
      "unknown",
      "undefined",
      "undefined",
      "boolean",
      "boolean"
    ],
    "parameters": [
      "",
      "",
      "",
      "",
      "",
      "",
      ""
    ],
    "src": "data/js/programs_all/sebastienros/jint/Jint.Tests.Ecma/TestCases/ch15/15.2/15.2.3/15.2.3.7/15.2.3.7-6-a-292.js : 38 - 38",
    "filename": "data/js/programs_all/sebastienros/jint/Jint.Tests.Ecma/TestCases/ch15/15.2/15.2.3/15.2.3.7/15.2.3.7-6-a-292.js"
  },
  {
    "base": "",
    "callee": "ID:dataPropertyAttributesAreCorrect",
    "calleeLocation": "712290008950032",
    "arguments": [
      "ID:arg",
      "LIT:genericProperty",
      "ID:undefined",
      "LIT:false",
      "LIT:false",
      "LIT:false"
    ],
    "argumentLocations": [
      "712290009280003",
      "712290009330017",
      "712290009520009",
      "712290009630005",
      "712290009700005",
      "712290009770005"
    ],
    "argumentTypes": [
      "unknown",
      "string",
      "undefined",
      "boolean",
      "boolean",
      "boolean"
    ],
    "parameters": [
      "",
      "",
      "",
      "",
      "",
      ""
    ],
    "src": "data/js/programs_all/sebastienros/jint/Jint.Tests.Ecma/TestCases/ch15/15.2/15.2.3/15.2.3.7/15.2.3.7-6-a-307.js : 28 - 28",
    "filename": "data/js/programs_all/sebastienros/jint/Jint.Tests.Ecma/TestCases/ch15/15.2/15.2.3/15.2.3.7/15.2.3.7-6-a-307.js"
  },
  {
    "base": "",
    "callee": "ID:dataPropertyAttributesAreCorrect",
    "calleeLocation": "712300005380032",
    "arguments": [
      "ID:obj",
      "LIT:prop",
      "LIT:1002",
      "LIT:false",
      "LIT:false",
      "LIT:false"
    ],
    "argumentLocations": [
      "712300005710003",
      "712300005760006",
      "712300005840004",
      "712300005900005",
      "712300005970005",
      "712300006040005"
    ],
    "argumentTypes": [
      "unknown",
      "string",
      "number",
      "boolean",
      "boolean",
      "boolean"
    ],
    "parameters": [
      "",
      "",
      "",
      "",
      "",
      ""
    ],
    "src": "data/js/programs_all/sebastienros/jint/Jint.Tests.Ecma/TestCases/ch15/15.2/15.2.3/15.2.3.7/15.2.3.7-6-a-31.js : 19 - 19",
    "filename": "data/js/programs_all/sebastienros/jint/Jint.Tests.Ecma/TestCases/ch15/15.2/15.2.3/15.2.3.7/15.2.3.7-6-a-31.js"
  },
  {
    "base": "",
    "callee": "ID:accessorPropertyAttributesAreCorrect",
    "calleeLocation": "712310007080036",
    "arguments": [
      "ID:obj",
      "LIT:prop",
      "ID:getFun",
      "ID:setFun",
      "LIT:setVerifyHelpProp",
      "LIT:false",
      "LIT:true"
    ],
    "argumentLocations": [
      "712310007450003",
      "712310007500006",
      "712310007580006",
      "712310007660006",
      "712310007740019",
      "712310007950005",
      "712310008020004"
    ],
    "argumentTypes": [
      "unknown",
      "string",
      "unknown",
      "unknown",
      "string",
      "boolean",
      "boolean"
    ],
    "parameters": [
      "",
      "",
      "",
      "",
      "",
      "",
      ""
    ],
    "src": "data/js/programs_all/sebastienros/jint/Jint.Tests.Ecma/TestCases/ch15/15.2/15.2.3/15.2.3.7/15.2.3.7-6-a-35.js : 24 - 24",
    "filename": "data/js/programs_all/sebastienros/jint/Jint.Tests.Ecma/TestCases/ch15/15.2/15.2.3/15.2.3.7/15.2.3.7-6-a-35.js"
  },
  {
    "base": "",
    "callee": "ID:dataPropertyAttributesAreCorrect",
    "calleeLocation": "712320006420032",
    "arguments": [
      "ID:obj",
      "LIT:foo",
      "LIT:101",
      "LIT:true",
      "LIT:true",
      "LIT:true"
    ],
    "argumentLocations": [
      "712320006750003",
      "712320006800005",
      "712320006870003",
      "712320006920004",
      "712320006980004",
      "712320007040004"
    ],
    "argumentTypes": [
      "unknown",
      "string",
      "number",
      "boolean",
      "boolean",
      "boolean"
    ],
    "parameters": [
      "",
      "",
      "",
      "",
      "",
      ""
    ],
    "src": "data/js/programs_all/sebastienros/jint/Jint.Tests.Ecma/TestCases/ch15/15.2/15.2.3/15.2.3.7/15.2.3.7-6-a-39.js : 22 - 22",
    "filename": "data/js/programs_all/sebastienros/jint/Jint.Tests.Ecma/TestCases/ch15/15.2/15.2.3/15.2.3.7/15.2.3.7-6-a-39.js"
  },
  {
    "base": "ID:Object",
    "callee": "ID:defineProperty",
    "calleeLocation": "712340006220014",
    "arguments": [
      "ID:obj",
      "LIT:foo",
      "ID:desc"
    ],
    "argumentLocations": [
      "712340006370003",
      "712340006420005",
      "712340006490004"
    ],
    "argumentTypes": [
      "unknown",
      "string",
      "unknown"
    ],
    "parameters": [
      "",
      "",
      ""
    ],
    "src": "data/js/programs_all/sebastienros/jint/Jint.Tests.Ecma/TestCases/ch15/15.2/15.2.3/15.2.3.7/15.2.3.7-6-a-40.js : 25 - 25",
    "filename": "data/js/programs_all/sebastienros/jint/Jint.Tests.Ecma/TestCases/ch15/15.2/15.2.3/15.2.3.7/15.2.3.7-6-a-40.js"
  },
  {
    "base": "",
    "callee": "ID:accessorPropertyAttributesAreCorrect",
    "calleeLocation": "712340008870036",
    "arguments": [
      "ID:obj",
      "LIT:foo",
      "ID:get_func",
      "ID:set_func",
      "LIT:setVerifyHelpProp",
      "LIT:true",
      "LIT:true"
    ],
    "argumentLocations": [
      "712340009240003",
      "712340009290005",
      "712340009360008",
      "712340009460008",
      "712340009560019",
      "712340009770004",
      "712340009830004"
    ],
    "argumentTypes": [
      "unknown",
      "string",
      "unknown",
      "unknown",
      "string",
      "boolean",
      "boolean"
    ],
    "parameters": [
      "",
      "",
      "",
      "",
      "",
      "",
      ""
    ],
    "src": "data/js/programs_all/sebastienros/jint/Jint.Tests.Ecma/TestCases/ch15/15.2/15.2.3/15.2.3.7/15.2.3.7-6-a-40.js : 35 - 35",
    "filename": "data/js/programs_all/sebastienros/jint/Jint.Tests.Ecma/TestCases/ch15/15.2/15.2.3/15.2.3.7/15.2.3.7-6-a-40.js"
  },
  {
    "base": "ID:Object",
    "callee": "ID:getOwnPropertyDescriptor",
    "calleeLocation": "712350009600024",
    "arguments": [
      "ID:obj",
      "LIT:foo"
    ],
    "argumentLocations": [
      "712350009850003",
      "712350009900005"
    ],
    "argumentTypes": [
      "unknown",
      "string"
    ],
    "parameters": [
      "",
      ""
    ],
    "src": "data/js/programs_all/sebastienros/jint/Jint.Tests.Ecma/TestCases/ch15/15.2/15.2.3/15.2.3.7/15.2.3.7-6-a-57.js : 40 - 40",
    "filename": "data/js/programs_all/sebastienros/jint/Jint.Tests.Ecma/TestCases/ch15/15.2/15.2.3/15.2.3.7/15.2.3.7-6-a-57.js"
  },
  {
    "base": "",
    "callee": "ID:dataPropertyAttributesAreCorrect",
    "calleeLocation": "712360005630032",
    "arguments": [
      "ID:obj",
      "LIT:foo",
      "LIT:10",
      "LIT:false",
      "LIT:false",
      "LIT:false"
    ],
    "argumentLocations": [
      "712360005960003",
      "712360006010005",
      "712360006080002",
      "712360006120005",
      "712360006190005",
      "712360006260005"
    ],
    "argumentTypes": [
      "unknown",
      "string",
      "number",
      "boolean",
      "boolean",
      "boolean"
    ],
    "parameters": [
      "",
      "",
      "",
      "",
      "",
      ""
    ],
    "src": "data/js/programs_all/sebastienros/jint/Jint.Tests.Ecma/TestCases/ch15/15.2/15.2.3/15.2.3.7/15.2.3.7-6-a-64.js : 22 - 22",
    "filename": "data/js/programs_all/sebastienros/jint/Jint.Tests.Ecma/TestCases/ch15/15.2/15.2.3/15.2.3.7/15.2.3.7-6-a-64.js"
  },
  {
    "base": "",
    "callee": "ID:dataPropertyAttributesAreCorrect",
    "calleeLocation": "712370008040032",
    "arguments": [
      "ID:obj",
      "LIT:foo",
      "ID:obj1",
      "LIT:false",
      "LIT:false",
      "LIT:false"
    ],
    "argumentLocations": [
      "712370008370003",
      "712370008420005",
      "712370008490004",
      "712370008550005",
      "712370008620005",
      "712370008690005"
    ],
    "argumentTypes": [
      "unknown",
      "string",
      "unknown",
      "boolean",
      "boolean",
      "boolean"
    ],
    "parameters": [
      "",
      "",
      "",
      "",
      "",
      ""
    ],
    "src": "data/js/programs_all/sebastienros/jint/Jint.Tests.Ecma/TestCases/ch15/15.2/15.2.3/15.2.3.7/15.2.3.7-6-a-84-1.js : 28 - 28",
    "filename": "data/js/programs_all/sebastienros/jint/Jint.Tests.Ecma/TestCases/ch15/15.2/15.2.3/15.2.3.7/15.2.3.7-6-a-84-1.js"
  },
  {
    "base": "",
    "callee": "ID:dataPropertyAttributesAreCorrect",
    "calleeLocation": "712380006960032",
    "arguments": [
      "ID:obj",
      "LIT:foo",
      "ID:obj1",
      "LIT:false",
      "LIT:false",
      "LIT:false"
    ],
    "argumentLocations": [
      "712380007290003",
      "712380007340005",
      "712380007410004",
      "712380007470005",
      "712380007540005",
      "712380007610005"
    ],
    "argumentTypes": [
      "unknown",
      "string",
      "unknown",
      "boolean",
      "boolean",
      "boolean"
    ],
    "parameters": [
      "",
      "",
      "",
      "",
      "",
      ""
    ],
    "src": "data/js/programs_all/sebastienros/jint/Jint.Tests.Ecma/TestCases/ch15/15.2/15.2.3/15.2.3.7/15.2.3.7-6-a-84.js : 25 - 25",
    "filename": "data/js/programs_all/sebastienros/jint/Jint.Tests.Ecma/TestCases/ch15/15.2/15.2.3/15.2.3.7/15.2.3.7-6-a-84.js"
  },
  {
    "base": "ID:Object",
    "callee": "ID:getOwnPropertyDescriptor",
    "calleeLocation": "712390008830024",
    "arguments": [
      "ID:obj",
      "LIT:foo"
    ],
    "argumentLocations": [
      "712390009080003",
      "712390009130005"
    ],
    "argumentTypes": [
      "unknown",
      "string"
    ],
    "parameters": [
      "",
      ""
    ],
    "src": "data/js/programs_all/sebastienros/jint/Jint.Tests.Ecma/TestCases/ch15/15.2/15.2.3/15.2.3.7/15.2.3.7-6-a-89.js : 36 - 36",
    "filename": "data/js/programs_all/sebastienros/jint/Jint.Tests.Ecma/TestCases/ch15/15.2/15.2.3/15.2.3.7/15.2.3.7-6-a-89.js"
  },
  {
    "base": "",
    "callee": "ID:accessorPropertyAttributesAreCorrect",
    "calleeLocation": "712400010090036",
    "arguments": [
      "ID:obj",
      "LIT:foo",
      "ID:get_func1",
      "ID:set_func",
      "LIT:setVerifyHelpProp",
      "LIT:false",
      "LIT:false"
    ],
    "argumentLocations": [
      "712400010460003",
      "712400010510005",
      "712400010580009",
      "712400010690008",
      "712400010790019",
      "712400011000005",
      "712400011070005"
    ],
    "argumentTypes": [
      "unknown",
      "string",
      "unknown",
      "unknown",
      "string",
      "boolean",
      "boolean"
    ],
    "parameters": [
      "",
      "",
      "",
      "",
      "",
      "",
      ""
    ],
    "src": "data/js/programs_all/sebastienros/jint/Jint.Tests.Ecma/TestCases/ch15/15.2/15.2.3/15.2.3.7/15.2.3.7-6-a-91.js : 38 - 38",
    "filename": "data/js/programs_all/sebastienros/jint/Jint.Tests.Ecma/TestCases/ch15/15.2/15.2.3/15.2.3.7/15.2.3.7-6-a-91.js"
  },
  {
    "base": "",
    "callee": "ID:dataPropertyAttributesAreCorrect",
    "calleeLocation": "712410010320032",
    "arguments": [
      "ID:obj",
      "LIT:property",
      "LIT:1001",
      "LIT:false",
      "LIT:false",
      "LIT:false"
    ],
    "argumentLocations": [
      "712410010650003",
      "712410010700010",
      "712410010820004",
      "712410010880005",
      "712410010950005",
      "712410011020005"
    ],
    "argumentTypes": [
      "unknown",
      "string",
      "number",
      "boolean",
      "boolean",
      "boolean"
    ],
    "parameters": [
      "",
      "",
      "",
      "",
      "",
      ""
    ],
    "src": "data/js/programs_all/sebastienros/jint/Jint.Tests.Ecma/TestCases/ch15/15.2/15.2.3/15.2.3.7/15.2.3.7-6-a-93-3.js : 37 - 37",
    "filename": "data/js/programs_all/sebastienros/jint/Jint.Tests.Ecma/TestCases/ch15/15.2/15.2.3/15.2.3.7/15.2.3.7-6-a-93-3.js"
  },
  {
    "base": "",
    "callee": "ID:dataPropertyAttributesAreCorrect",
    "calleeLocation": "712410011280032",
    "arguments": [
      "ID:obj",
      "LIT:property1",
      "LIT:1003",
      "LIT:false",
      "LIT:false",
      "LIT:true"
    ],
    "argumentLocations": [
      "712410011610003",
      "712410011660011",
      "712410011790004",
      "712410011850005",
      "712410011920005",
      "712410011990004"
    ],
    "argumentTypes": [
      "unknown",
      "string",
      "number",
      "boolean",
      "boolean",
      "boolean"
    ],
    "parameters": [
      "",
      "",
      "",
      "",
      "",
      ""
    ],
    "src": "data/js/programs_all/sebastienros/jint/Jint.Tests.Ecma/TestCases/ch15/15.2/15.2.3/15.2.3.7/15.2.3.7-6-a-93-3.js : 38 - 38",
    "filename": "data/js/programs_all/sebastienros/jint/Jint.Tests.Ecma/TestCases/ch15/15.2/15.2.3/15.2.3.7/15.2.3.7-6-a-93-3.js"
  },
  {
    "base": "",
    "callee": "ID:accessorPropertyAttributesAreCorrect",
    "calleeLocation": "712420007340036",
    "arguments": [
      "ID:obj",
      "LIT:foo",
      "ID:undefined",
      "ID:set_func",
      "LIT:setVerifyHelpProp",
      "LIT:false",
      "LIT:false"
    ],
    "argumentLocations": [
      "712420007710003",
      "712420007760005",
      "712420007830009",
      "712420007940008",
      "712420008040019",
      "712420008250005",
      "712420008320005"
    ],
    "argumentTypes": [
      "unknown",
      "string",
      "undefined",
      "unknown",
      "string",
      "boolean",
      "boolean"
    ],
    "parameters": [
      "",
      "",
      "",
      "",
      "",
      "",
      ""
    ],
    "src": "data/js/programs_all/sebastienros/jint/Jint.Tests.Ecma/TestCases/ch15/15.2/15.2.3/15.2.3.7/15.2.3.7-6-a-93.js : 28 - 28",
    "filename": "data/js/programs_all/sebastienros/jint/Jint.Tests.Ecma/TestCases/ch15/15.2/15.2.3/15.2.3.7/15.2.3.7-6-a-93.js"
  },
  {
    "base": "",
    "callee": "ID:dataPropertyAttributesAreCorrect",
    "calleeLocation": "712460006110032",
    "arguments": [
      "ID:obj",
      "LIT:foo",
      "LIT:10",
      "LIT:true",
      "LIT:true",
      "LIT:false"
    ],
    "argumentLocations": [
      "712460006440003",
      "712460006490005",
      "712460006560002",
      "712460006600004",
      "712460006660004",
      "712460006720005"
    ],
    "argumentTypes": [
      "unknown",
      "string",
      "number",
      "boolean",
      "boolean",
      "boolean"
    ],
    "parameters": [
      "",
      "",
      "",
      "",
      "",
      ""
    ],
    "src": "data/js/programs_all/sebastienros/jint/Jint.Tests.Ecma/TestCases/ch15/15.2/15.2.3/15.2.3.8/15.2.3.8-2-b-1.js : 20 - 20",
    "filename": "data/js/programs_all/sebastienros/jint/Jint.Tests.Ecma/TestCases/ch15/15.2/15.2.3/15.2.3.8/15.2.3.8-2-b-1.js"
  },
  {
    "base": "",
    "callee": "ID:dataPropertyAttributesAreCorrect",
    "calleeLocation": "712470009860032",
    "arguments": [
      "ID:obj",
      "LIT:foo1",
      "LIT:10",
      "LIT:true",
      "LIT:true",
      "LIT:false"
    ],
    "argumentLocations": [
      "712470010190003",
      "712470010240006",
      "712470010320002",
      "712470010360004",
      "712470010420004",
      "712470010480005"
    ],
    "argumentTypes": [
      "unknown",
      "string",
      "number",
      "boolean",
      "boolean",
      "boolean"
    ],
    "parameters": [
      "",
      "",
      "",
      "",
      "",
      ""
    ],
    "src": "data/js/programs_all/sebastienros/jint/Jint.Tests.Ecma/TestCases/ch15/15.2/15.2.3/15.2.3.8/15.2.3.8-2-b-3.js : 34 - 34",
    "filename": "data/js/programs_all/sebastienros/jint/Jint.Tests.Ecma/TestCases/ch15/15.2/15.2.3/15.2.3.8/15.2.3.8-2-b-3.js"
  },
  {
    "base": "",
    "callee": "ID:accessorPropertyAttributesAreCorrect",
    "calleeLocation": "712470010700036",
    "arguments": [
      "ID:obj",
      "LIT:foo2",
      "ID:get_func",
      "ID:set_func",
      "LIT:variableForHelpVerify",
      "LIT:true",
      "LIT:false"
    ],
    "argumentLocations": [
      "712470011070003",
      "712470011120006",
      "712470011200008",
      "712470011300008",
      "712470011400023",
      "712470011650004",
      "712470011710005"
    ],
    "argumentTypes": [
      "unknown",
      "string",
      "unknown",
      "unknown",
      "string",
      "boolean",
      "boolean"
    ],
    "parameters": [
      "",
      "",
      "",
      "",
      "",
      "",
      ""
    ],
    "src": "data/js/programs_all/sebastienros/jint/Jint.Tests.Ecma/TestCases/ch15/15.2/15.2.3/15.2.3.8/15.2.3.8-2-b-3.js : 35 - 35",
    "filename": "data/js/programs_all/sebastienros/jint/Jint.Tests.Ecma/TestCases/ch15/15.2/15.2.3/15.2.3.8/15.2.3.8-2-b-3.js"
  },
  {
    "base": "ID:Object",
    "callee": "ID:getOwnPropertyDescriptor",
    "calleeLocation": "712510004340024",
    "arguments": [
      "ID:arrObj",
      "LIT:foo"
    ],
    "argumentLocations": [
      "712510004590006",
      "712510004670005"
    ],
    "argumentTypes": [
      "unknown",
      "string"
    ],
    "parameters": [
      "",
      ""
    ],
    "src": "data/js/programs_all/sebastienros/jint/Jint.Tests.Ecma/TestCases/ch15/15.2/15.2.3/15.2.3.9/15.2.3.9-2-a-10.js : 15 - 15",
    "filename": "data/js/programs_all/sebastienros/jint/Jint.Tests.Ecma/TestCases/ch15/15.2/15.2.3/15.2.3.9/15.2.3.9-2-a-10.js"
  },
  {
    "base": "ID:Object",
    "callee": "ID:getOwnPropertyDescriptor",
    "calleeLocation": "712520004690024",
    "arguments": [
      "ID:argObj",
      "LIT:0"
    ],
    "argumentLocations": [
      "712520004940006",
      "712520005020003"
    ],
    "argumentTypes": [
      "unknown",
      "string"
    ],
    "parameters": [
      "",
      ""
    ],
    "src": "data/js/programs_all/sebastienros/jint/Jint.Tests.Ecma/TestCases/ch15/15.2/15.2.3/15.2.3.9/15.2.3.9-2-a-11.js : 15 - 15",
    "filename": "data/js/programs_all/sebastienros/jint/Jint.Tests.Ecma/TestCases/ch15/15.2/15.2.3/15.2.3.9/15.2.3.9-2-a-11.js"
  },
  {
    "base": "ID:Object",
    "callee": "ID:getOwnPropertyDescriptor",
    "calleeLocation": "712530004240024",
    "arguments": [
      "ID:arrObj",
      "LIT:0"
    ],
    "argumentLocations": [
      "712530004490006",
      "712530004570003"
    ],
    "argumentTypes": [
      "unknown",
      "string"
    ],
    "parameters": [
      "",
      ""
    ],
    "src": "data/js/programs_all/sebastienros/jint/Jint.Tests.Ecma/TestCases/ch15/15.2/15.2.3/15.2.3.9/15.2.3.9-2-a-14.js : 15 - 15",
    "filename": "data/js/programs_all/sebastienros/jint/Jint.Tests.Ecma/TestCases/ch15/15.2/15.2.3/15.2.3.9/15.2.3.9-2-a-14.js"
  },
  {
    "base": "ID:Object",
    "callee": "ID:getOwnPropertyDescriptor",
    "calleeLocation": "712540005800024",
    "arguments": [
      "ID:child",
      "LIT:foo"
    ],
    "argumentLocations": [
      "712540006050005",
      "712540006120005"
    ],
    "argumentTypes": [
      "unknown",
      "string"
    ],
    "parameters": [
      "",
      ""
    ],
    "src": "data/js/programs_all/sebastienros/jint/Jint.Tests.Ecma/TestCases/ch15/15.2/15.2.3/15.2.3.9/15.2.3.9-2-a-2.js : 21 - 21",
    "filename": "data/js/programs_all/sebastienros/jint/Jint.Tests.Ecma/TestCases/ch15/15.2/15.2.3/15.2.3.9/15.2.3.9-2-a-2.js"
  },
  {
    "base": "ID:Object",
    "callee": "ID:getOwnPropertyDescriptor",
    "calleeLocation": "712550007090024",
    "arguments": [
      "ID:child",
      "LIT:foo"
    ],
    "argumentLocations": [
      "712550007340005",
      "712550007410005"
    ],
    "argumentTypes": [
      "unknown",
      "string"
    ],
    "parameters": [
      "",
      ""
    ],
    "src": "data/js/programs_all/sebastienros/jint/Jint.Tests.Ecma/TestCases/ch15/15.2/15.2.3/15.2.3.9/15.2.3.9-2-a-3.js : 29 - 29",
    "filename": "data/js/programs_all/sebastienros/jint/Jint.Tests.Ecma/TestCases/ch15/15.2/15.2.3/15.2.3.9/15.2.3.9-2-a-3.js"
  },
  {
    "base": "ID:Object",
    "callee": "ID:getOwnPropertyDescriptor",
    "calleeLocation": "712560005420024",
    "arguments": [
      "ID:obj",
      "LIT:foo"
    ],
    "argumentLocations": [
      "712560005670003",
      "712560005720005"
    ],
    "argumentTypes": [
      "unknown",
      "string"
    ],
    "parameters": [
      "",
      ""
    ],
    "src": "data/js/programs_all/sebastienros/jint/Jint.Tests.Ecma/TestCases/ch15/15.2/15.2.3/15.2.3.9/15.2.3.9-2-c-1.js : 19 - 19",
    "filename": "data/js/programs_all/sebastienros/jint/Jint.Tests.Ecma/TestCases/ch15/15.2/15.2.3/15.2.3.9/15.2.3.9-2-c-1.js"
  },
  {
    "base": "",
    "callee": "ID:dataPropertyAttributesAreCorrect",
    "calleeLocation": "712560005960032",
    "arguments": [
      "ID:obj",
      "LIT:foo",
      "LIT:10",
      "LIT:false",
      "LIT:true",
      "LIT:false"
    ],
    "argumentLocations": [
      "712560006290003",
      "712560006340005",
      "712560006410002",
      "712560006450005",
      "712560006520004",
      "712560006580005"
    ],
    "argumentTypes": [
      "unknown",
      "string",
      "number",
      "boolean",
      "boolean",
      "boolean"
    ],
    "parameters": [
      "",
      "",
      "",
      "",
      "",
      ""
    ],
    "src": "data/js/programs_all/sebastienros/jint/Jint.Tests.Ecma/TestCases/ch15/15.2/15.2.3/15.2.3.9/15.2.3.9-2-c-1.js : 21 - 21",
    "filename": "data/js/programs_all/sebastienros/jint/Jint.Tests.Ecma/TestCases/ch15/15.2/15.2.3/15.2.3.9/15.2.3.9-2-c-1.js"
  },
  {
    "base": "ID:Object",
    "callee": "ID:getOwnPropertyDescriptor",
    "calleeLocation": "712570011240024",
    "arguments": [
      "ID:obj",
      "LIT:foo"
    ],
    "argumentLocations": [
      "712570011490003",
      "712570011540005"
    ],
    "argumentTypes": [
      "unknown",
      "string"
    ],
    "parameters": [
      "",
      ""
    ],
    "src": "data/js/programs_all/sebastienros/jint/Jint.Tests.Ecma/TestCases/ch15/15.2/15.2.3/15.2.3.9/15.2.3.9-2-c-2.js : 43 - 43",
    "filename": "data/js/programs_all/sebastienros/jint/Jint.Tests.Ecma/TestCases/ch15/15.2/15.2.3/15.2.3.9/15.2.3.9-2-c-2.js"
  },
  {
    "base": "",
    "callee": "ID:Function",
    "calleeLocation": "712740002570008",
    "arguments": [
      "LIT:eval",
      "LIT:return;"
    ],
    "argumentLocations": [
      "712740002660006",
      "712740002740009"
    ],
    "argumentTypes": [
      "string",
      "string"
    ],
    "parameters": [
      "",
      ""
    ],
    "src": "data/js/programs_all/sebastienros/jint/Jint.Tests.Ecma/TestCases/ch15/15.3/15.3.2/15.3.2.1/15.3.2.1-11-3.js : 9 - 9",
    "filename": "data/js/programs_all/sebastienros/jint/Jint.Tests.Ecma/TestCases/ch15/15.3/15.3.2/15.3.2.1/15.3.2.1-11-3.js"
  },
  {
    "base": "",
    "callee": "ID:Function",
    "calleeLocation": "712750002610008",
    "arguments": [
      "LIT:a,a",
      "LIT:return;"
    ],
    "argumentLocations": [
      "712750002700005",
      "712750002760009"
    ],
    "argumentTypes": [
      "string",
      "string"
    ],
    "parameters": [
      "",
      ""
    ],
    "src": "data/js/programs_all/sebastienros/jint/Jint.Tests.Ecma/TestCases/ch15/15.3/15.3.2/15.3.2.1/15.3.2.1-11-5.js : 10 - 10",
    "filename": "data/js/programs_all/sebastienros/jint/Jint.Tests.Ecma/TestCases/ch15/15.3/15.3.2/15.3.2.1/15.3.2.1-11-5.js"
  },
  {
    "base": "",
    "callee": "ID:Function",
    "calleeLocation": "712810003580008",
    "arguments": [
      "LIT:arg1, arg2",
      "LIT:arg3",
      "LIT:return arg1+arg2+arg3;"
    ],
    "argumentLocations": [
      "712810003670012",
      "712810003810006",
      "712810003890024"
    ],
    "argumentTypes": [
      "string",
      "string",
      "string"
    ],
    "parameters": [
      "",
      "",
      ""
    ],
    "src": "data/js/programs_all/sebastienros/jint/Jint.Tests.Ecma/TestCases/ch15/15.3/15.3.2/S15.3.2.1_A2_T2.js : 11 - 11",
    "filename": "data/js/programs_all/sebastienros/jint/Jint.Tests.Ecma/TestCases/ch15/15.3/15.3.2/S15.3.2.1_A2_T2.js"
  },
  {
    "base": "",
    "callee": "ID:f",
    "calleeLocation": "712810006350001",
    "arguments": [
      "LIT:AB",
      "LIT:BA",
      "LIT:1"
    ],
    "argumentLocations": [
      "712810006370004",
      "712810006420004",
      "712810006470001"
    ],
    "argumentTypes": [
      "string",
      "string",
      "number"
    ],
    "parameters": [
      "",
      "",
      ""
    ],
    "src": "data/js/programs_all/sebastienros/jint/Jint.Tests.Ecma/TestCases/ch15/15.3/15.3.2/S15.3.2.1_A2_T2.js : 22 - 22",
    "filename": "data/js/programs_all/sebastienros/jint/Jint.Tests.Ecma/TestCases/ch15/15.3/15.3.2/S15.3.2.1_A2_T2.js"
  },
  {
    "base": "",
    "callee": "ID:Function",
    "calleeLocation": "712820003560008",
    "arguments": [
      "LIT:arg1, arg2, arg3",
      "LIT:return arg1+arg2+arg3;"
    ],
    "argumentLocations": [
      "712820003650018",
      "712820003850024"
    ],
    "argumentTypes": [
      "string",
      "string"
    ],
    "parameters": [
      "",
      ""
    ],
    "src": "data/js/programs_all/sebastienros/jint/Jint.Tests.Ecma/TestCases/ch15/15.3/15.3.2/S15.3.2.1_A2_T3.js : 11 - 11",
    "filename": "data/js/programs_all/sebastienros/jint/Jint.Tests.Ecma/TestCases/ch15/15.3/15.3.2/S15.3.2.1_A2_T3.js"
  },
  {
    "base": "",
    "callee": "ID:f",
    "calleeLocation": "712820006310001",
    "arguments": [
      "LIT:1",
      "LIT:1",
      "LIT:ABBA"
    ],
    "argumentLocations": [
      "712820006330001",
      "712820006350001",
      "712820006370006"
    ],
    "argumentTypes": [
      "number",
      "number",
      "string"
    ],
    "parameters": [
      "",
      "",
      ""
    ],
    "src": "data/js/programs_all/sebastienros/jint/Jint.Tests.Ecma/TestCases/ch15/15.3/15.3.2/S15.3.2.1_A2_T3.js : 22 - 22",
    "filename": "data/js/programs_all/sebastienros/jint/Jint.Tests.Ecma/TestCases/ch15/15.3/15.3.2/S15.3.2.1_A2_T3.js"
  },
  {
    "base": "ID:Function",
    "callee": "ID:apply",
    "calleeLocation": "712940002980005",
    "arguments": [
      "LIT:null",
      "LIT:1"
    ],
    "argumentLocations": [
      "712940003040004",
      "712940003090001"
    ],
    "argumentTypes": [
      "null",
      "number"
    ],
    "parameters": [
      "",
      ""
    ],
    "src": "data/js/programs_all/sebastienros/jint/Jint.Tests.Ecma/TestCases/ch15/15.3/15.3.4/15.3.4.3/S15.3.4.3_A6_T2.js : 11 - 11",
    "filename": "data/js/programs_all/sebastienros/jint/Jint.Tests.Ecma/TestCases/ch15/15.3/15.3.4/15.3.4.3/S15.3.4.3_A6_T2.js"
  },
  {
    "base": "ID:Function",
    "callee": "ID:apply",
    "calleeLocation": "712950003150005",
    "arguments": [
      "ID:obj",
      "LIT:1,3,4"
    ],
    "argumentLocations": [
      "712950003210003",
      "712950003250007"
    ],
    "argumentTypes": [
      "unknown",
      "string"
    ],
    "parameters": [
      "",
      ""
    ],
    "src": "data/js/programs_all/sebastienros/jint/Jint.Tests.Ecma/TestCases/ch15/15.3/15.3.4/15.3.4.3/S15.3.4.3_A6_T3.js : 13 - 13",
    "filename": "data/js/programs_all/sebastienros/jint/Jint.Tests.Ecma/TestCases/ch15/15.3/15.3.4/15.3.4.3/S15.3.4.3_A6_T3.js"
  },
  {
    "base": "",
    "callee": "ID:Function",
    "calleeLocation": "712960003590008",
    "arguments": [
      "LIT:a1,a2,a3",
      "LIT:this.shifted=a1;"
    ],
    "argumentLocations": [
      "712960003680010",
      "712960003790018"
    ],
    "argumentTypes": [
      "string",
      "string"
    ],
    "parameters": [
      "",
      ""
    ],
    "src": "data/js/programs_all/sebastienros/jint/Jint.Tests.Ecma/TestCases/ch15/15.3/15.3.4/15.3.4.3/S15.3.4.3_A7_T1.js : 10 - 10",
    "filename": "data/js/programs_all/sebastienros/jint/Jint.Tests.Ecma/TestCases/ch15/15.3/15.3.4/15.3.4.3/S15.3.4.3_A7_T1.js"
  },
  {
    "base": "ID:Function",
    "callee": "ID:apply",
    "calleeLocation": "712970004970005",
    "arguments": [
      "ID:obj",
      "ID:arguments"
    ],
    "argumentLocations": [
      "712970005030003",
      "712970005070009"
    ],
    "argumentTypes": [
      "unknown",
      "unknown"
    ],
    "parameters": [
      "",
      ""
    ],
    "src": "data/js/programs_all/sebastienros/jint/Jint.Tests.Ecma/TestCases/ch15/15.3/15.3.4/15.3.4.3/S15.3.4.3_A7_T10.js : 13 - 13",
    "filename": "data/js/programs_all/sebastienros/jint/Jint.Tests.Ecma/TestCases/ch15/15.3/15.3.4/15.3.4.3/S15.3.4.3_A7_T10.js"
  },
  {
    "base": "",
    "callee": "ID:Function",
    "calleeLocation": "712970004510008",
    "arguments": [
      "LIT:a1,a2,a3",
      "LIT:this.shifted=a1+a2+a3;"
    ],
    "argumentLocations": [
      "712970004600010",
      "712970004710024"
    ],
    "argumentTypes": [
      "string",
      "string"
    ],
    "parameters": [
      "",
      ""
    ],
    "src": "data/js/programs_all/sebastienros/jint/Jint.Tests.Ecma/TestCases/ch15/15.3/15.3.4/15.3.4.3/S15.3.4.3_A7_T10.js : 13 - 13",
    "filename": "data/js/programs_all/sebastienros/jint/Jint.Tests.Ecma/TestCases/ch15/15.3/15.3.4/15.3.4.3/S15.3.4.3_A7_T10.js"
  },
  {
    "base": "ID:Function",
    "callee": "ID:apply",
    "calleeLocation": "712980004920005",
    "arguments": [
      "ID:obj",
      "ID:arguments"
    ],
    "argumentLocations": [
      "712980004980003",
      "712980005020009"
    ],
    "argumentTypes": [
      "unknown",
      "unknown"
    ],
    "parameters": [
      "",
      ""
    ],
    "src": "data/js/programs_all/sebastienros/jint/Jint.Tests.Ecma/TestCases/ch15/15.3/15.3.4/15.3.4.3/S15.3.4.3_A7_T9.js : 12 - 12",
    "filename": "data/js/programs_all/sebastienros/jint/Jint.Tests.Ecma/TestCases/ch15/15.3/15.3.4/15.3.4.3/S15.3.4.3_A7_T9.js"
  },
  {
    "base": "",
    "callee": "ID:Function",
    "calleeLocation": "712980004460008",
    "arguments": [
      "LIT:a1,a2,a3",
      "LIT:this.shifted=a1+a2+a3;"
    ],
    "argumentLocations": [
      "712980004550010",
      "712980004660024"
    ],
    "argumentTypes": [
      "string",
      "string"
    ],
    "parameters": [
      "",
      ""
    ],
    "src": "data/js/programs_all/sebastienros/jint/Jint.Tests.Ecma/TestCases/ch15/15.3/15.3.4/15.3.4.3/S15.3.4.3_A7_T9.js : 12 - 12",
    "filename": "data/js/programs_all/sebastienros/jint/Jint.Tests.Ecma/TestCases/ch15/15.3/15.3.4/15.3.4.3/S15.3.4.3_A7_T9.js"
  },
  {
    "base": "",
    "callee": "ID:Function",
    "calleeLocation": "713070004570008",
    "arguments": [
      "ID:p",
      "LIT:a2,a3",
      "LIT:this.shifted=a1;"
    ],
    "argumentLocations": [
      "713070004660001",
      "713070004680007",
      "713070004760018"
    ],
    "argumentTypes": [
      "unknown",
      "string",
      "string"
    ],
    "parameters": [
      "",
      "",
      ""
    ],
    "src": "data/js/programs_all/sebastienros/jint/Jint.Tests.Ecma/TestCases/ch15/15.3/15.3.4/15.3.4.4/S15.3.4.4_A6_T3.js : 16 - 16",
    "filename": "data/js/programs_all/sebastienros/jint/Jint.Tests.Ecma/TestCases/ch15/15.3/15.3.4/15.3.4.4/S15.3.4.4_A6_T3.js"
  },
  {
    "base": "ID:Function",
    "callee": "ID:call",
    "calleeLocation": "713080004930004",
    "arguments": [
      "ID:obj",
      "LIT:",
      "ID:arguments",
      "LIT:2"
    ],
    "argumentLocations": [
      "713080004980003",
      "713080005020002",
      "713080005050009",
      "713080005150001"
    ],
    "argumentTypes": [
      "unknown",
      "string",
      "unknown",
      "number"
    ],
    "parameters": [
      "",
      "",
      "",
      ""
    ],
    "src": "data/js/programs_all/sebastienros/jint/Jint.Tests.Ecma/TestCases/ch15/15.3/15.3.4/15.3.4.4/S15.3.4.4_A6_T9.js : 12 - 12",
    "filename": "data/js/programs_all/sebastienros/jint/Jint.Tests.Ecma/TestCases/ch15/15.3/15.3.4/15.3.4.4/S15.3.4.4_A6_T9.js"
  },
  {
    "base": "",
    "callee": "ID:Function",
    "calleeLocation": "713080004400008",
    "arguments": [
      "LIT:a1,a2,a3",
      "LIT:this.shifted=a1+a2.length+a3;"
    ],
    "argumentLocations": [
      "713080004490010",
      "713080004600031"
    ],
    "argumentTypes": [
      "string",
      "string"
    ],
    "parameters": [
      "",
      ""
    ],
    "src": "data/js/programs_all/sebastienros/jint/Jint.Tests.Ecma/TestCases/ch15/15.3/15.3.4/15.3.4.4/S15.3.4.4_A6_T9.js : 12 - 12",
    "filename": "data/js/programs_all/sebastienros/jint/Jint.Tests.Ecma/TestCases/ch15/15.3/15.3.4/15.3.4.4/S15.3.4.4_A6_T9.js"
  },
  {
    "base": "",
    "callee": "ID:Function",
    "calleeLocation": "713400003430008",
    "arguments": [
      "LIT:arg1,arg2,arg3",
      "LIT:arg4,arg5",
      "LIT:null"
    ],
    "argumentLocations": [
      "713400003520016",
      "713400003690011",
      "713400003820004"
    ],
    "argumentTypes": [
      "string",
      "string",
      "null"
    ],
    "parameters": [
      "",
      "",
      ""
    ],
    "src": "data/js/programs_all/sebastienros/jint/Jint.Tests.Ecma/TestCases/ch15/15.3/15.3.5/S15.3.5.1_A1_T2.js : 9 - 9",
    "filename": "data/js/programs_all/sebastienros/jint/Jint.Tests.Ecma/TestCases/ch15/15.3/15.3.5/S15.3.5.1_A1_T2.js"
  },
  {
    "base": "",
    "callee": "ID:Function",
    "calleeLocation": "713410002910008",
    "arguments": [
      "LIT:arg1,arg2,arg3",
      "LIT:arg4,arg5",
      "LIT:null"
    ],
    "argumentLocations": [
      "713410003000016",
      "713410003170011",
      "713410003300004"
    ],
    "argumentTypes": [
      "string",
      "string",
      "null"
    ],
    "parameters": [
      "",
      "",
      ""
    ],
    "src": "data/js/programs_all/sebastienros/jint/Jint.Tests.Ecma/TestCases/ch15/15.3/15.3.5/S15.3.5.1_A2_T2.js : 9 - 9",
    "filename": "data/js/programs_all/sebastienros/jint/Jint.Tests.Ecma/TestCases/ch15/15.3/15.3.5/S15.3.5.1_A2_T2.js"
  },
  {
    "base": "",
    "callee": "ID:Function",
    "calleeLocation": "713430003270008",
    "arguments": [
      "LIT:name",
      "LIT:this.name=name;"
    ],
    "argumentLocations": [
      "713430003360006",
      "713430003430017"
    ],
    "argumentTypes": [
      "string",
      "string"
    ],
    "parameters": [
      "",
      ""
    ],
    "src": "data/js/programs_all/sebastienros/jint/Jint.Tests.Ecma/TestCases/ch15/15.3/15.3.5/S15.3.5.3_A1_T3.js : 9 - 9",
    "filename": "data/js/programs_all/sebastienros/jint/Jint.Tests.Ecma/TestCases/ch15/15.3/15.3.5/S15.3.5.3_A1_T3.js"
  },
  {
    "base": "",
    "callee": "ID:Function",
    "calleeLocation": "713440003330008",
    "arguments": [
      "LIT:name",
      "LIT:this.name=name;"
    ],
    "argumentLocations": [
      "713440003420006",
      "713440003490017"
    ],
    "argumentTypes": [
      "string",
      "string"
    ],
    "parameters": [
      "",
      ""
    ],
    "src": "data/js/programs_all/sebastienros/jint/Jint.Tests.Ecma/TestCases/ch15/15.3/15.3.5/S15.3.5.3_A1_T8.js : 9 - 9",
    "filename": "data/js/programs_all/sebastienros/jint/Jint.Tests.Ecma/TestCases/ch15/15.3/15.3.5/S15.3.5.3_A1_T8.js"
  },
  {
    "base": "ID:Function",
    "callee": "ID:call",
    "calleeLocation": "713470003370004",
    "arguments": [
      "ID:mars",
      "LIT:return name;"
    ],
    "argumentLocations": [
      "713470003420004",
      "713470003480014"
    ],
    "argumentTypes": [
      "unknown",
      "string"
    ],
    "parameters": [
      "",
      ""
    ],
    "src": "data/js/programs_all/sebastienros/jint/Jint.Tests.Ecma/TestCases/ch15/15.3/S15.3_A3_T1.js : 11 - 11",
    "filename": "data/js/programs_all/sebastienros/jint/Jint.Tests.Ecma/TestCases/ch15/15.3/S15.3_A3_T1.js"
  },
  {
    "base": "ID:Function",
    "callee": "ID:call",
    "calleeLocation": "713470004300004",
    "arguments": [
      "ID:mars",
      "LIT:this.godname=\"ares\"; return this.color;"
    ],
    "argumentLocations": [
      "713470004350004",
      "713470004410043"
    ],
    "argumentTypes": [
      "unknown",
      "string"
    ],
    "parameters": [
      "",
      ""
    ],
    "src": "data/js/programs_all/sebastienros/jint/Jint.Tests.Ecma/TestCases/ch15/15.3/S15.3_A3_T1.js : 14 - 14",
    "filename": "data/js/programs_all/sebastienros/jint/Jint.Tests.Ecma/TestCases/ch15/15.3/S15.3_A3_T1.js"
  },
  {
    "base": "ID:arrObj",
    "callee": "ID:slice",
    "calleeLocation": "713620005580005",
    "arguments": [
      "LIT:0",
      "LIT:1"
    ],
    "argumentLocations": [
      "713620005640001",
      "713620005670001"
    ],
    "argumentTypes": [
      "number",
      "number"
    ],
    "parameters": [
      "",
      ""
    ],
    "src": "data/js/programs_all/sebastienros/jint/Jint.Tests.Ecma/TestCases/ch15/15.4/15.4.4/15.4.4.10/15.4.4.10-10-c-ii-1.js : 17 - 17",
    "filename": "data/js/programs_all/sebastienros/jint/Jint.Tests.Ecma/TestCases/ch15/15.4/15.4.4/15.4.4.10/15.4.4.10-10-c-ii-1.js"
  },
  {
    "base": "ID:x",
    "callee": "ID:slice",
    "calleeLocation": "713630002980005",
    "arguments": [
      "LIT:5",
      "LIT:5"
    ],
    "argumentLocations": [
      "713630003040001",
      "713630003060001"
    ],
    "argumentTypes": [
      "number",
      "number"
    ],
    "parameters": [
      "",
      ""
    ],
    "src": "data/js/programs_all/sebastienros/jint/Jint.Tests.Ecma/TestCases/ch15/15.4/15.4.4/15.4.4.10/S15.4.4.10_A1.1_T4.js : 11 - 11",
    "filename": "data/js/programs_all/sebastienros/jint/Jint.Tests.Ecma/TestCases/ch15/15.4/15.4.4/15.4.4.10/S15.4.4.10_A1.1_T4.js"
  },
  {
    "base": "ID:x",
    "callee": "ID:slice",
    "calleeLocation": "713640002990005",
    "arguments": [
      "LIT:2",
      "LIT:4"
    ],
    "argumentLocations": [
      "713640003050001",
      "713640003070001"
    ],
    "argumentTypes": [
      "number",
      "number"
    ],
    "parameters": [
      "",
      ""
    ],
    "src": "data/js/programs_all/sebastienros/jint/Jint.Tests.Ecma/TestCases/ch15/15.4/15.4.4/15.4.4.10/S15.4.4.10_A1.1_T6.js : 11 - 11",
    "filename": "data/js/programs_all/sebastienros/jint/Jint.Tests.Ecma/TestCases/ch15/15.4/15.4.4/15.4.4.10/S15.4.4.10_A1.1_T6.js"
  },
  {
    "base": "ID:x",
    "callee": "ID:slice",
    "calleeLocation": "713700002350005",
    "arguments": [
      "ID:NEGATIVE_INFINITY",
      "LIT:3"
    ],
    "argumentLocations": [
      "713700002410024",
      "713700002660001"
    ],
    "argumentTypes": [
      "unknown",
      "number"
    ],
    "parameters": [
      "",
      ""
    ],
    "src": "data/js/programs_all/sebastienros/jint/Jint.Tests.Ecma/TestCases/ch15/15.4/15.4.4/15.4.4.10/S15.4.4.10_A2.1_T4.js : 10 - 10",
    "filename": "data/js/programs_all/sebastienros/jint/Jint.Tests.Ecma/TestCases/ch15/15.4/15.4.4/15.4.4.10/S15.4.4.10_A2.1_T4.js"
  },
  {
    "base": "ID:x",
    "callee": "ID:slice",
    "calleeLocation": "713710002300005",
    "arguments": [
      "LIT:0",
      "ID:POSITIVE_INFINITY"
    ],
    "argumentLocations": [
      "713710002360001",
      "713710002380024"
    ],
    "argumentTypes": [
      "number",
      "unknown"
    ],
    "parameters": [
      "",
      ""
    ],
    "src": "data/js/programs_all/sebastienros/jint/Jint.Tests.Ecma/TestCases/ch15/15.4/15.4.4/15.4.4.10/S15.4.4.10_A2.2_T3.js : 10 - 10",
    "filename": "data/js/programs_all/sebastienros/jint/Jint.Tests.Ecma/TestCases/ch15/15.4/15.4.4/15.4.4.10/S15.4.4.10_A2.2_T3.js"
  },
  {
    "base": "ID:x",
    "callee": "ID:slice",
    "calleeLocation": "713720002310005",
    "arguments": [
      "LIT:0",
      "ID:NEGATIVE_INFINITY"
    ],
    "argumentLocations": [
      "713720002370001",
      "713720002390024"
    ],
    "argumentTypes": [
      "number",
      "unknown"
    ],
    "parameters": [
      "",
      ""
    ],
    "src": "data/js/programs_all/sebastienros/jint/Jint.Tests.Ecma/TestCases/ch15/15.4/15.4.4/15.4.4.10/S15.4.4.10_A2.2_T4.js : 10 - 10",
    "filename": "data/js/programs_all/sebastienros/jint/Jint.Tests.Ecma/TestCases/ch15/15.4/15.4.4/15.4.4.10/S15.4.4.10_A2.2_T4.js"
  },
  {
    "base": "ID:obj",
    "callee": "ID:slice",
    "calleeLocation": "713740004250005",
    "arguments": [
      "LIT:2",
      "ID:undefined"
    ],
    "argumentLocations": [
      "713740004310001",
      "713740004340009"
    ],
    "argumentTypes": [
      "number",
      "undefined"
    ],
    "parameters": [
      "",
      ""
    ],
    "src": "data/js/programs_all/sebastienros/jint/Jint.Tests.Ecma/TestCases/ch15/15.4/15.4.4/15.4.4.10/S15.4.4.10_A2_T6.js : 18 - 18",
    "filename": "data/js/programs_all/sebastienros/jint/Jint.Tests.Ecma/TestCases/ch15/15.4/15.4.4/15.4.4.10/S15.4.4.10_A2_T6.js"
  },
  {
    "base": "ID:obj",
    "callee": "ID:slice",
    "calleeLocation": "713750003380005",
    "arguments": [
      "LIT:0",
      "LIT:4294967297"
    ],
    "argumentLocations": [
      "713750003440001",
      "713750003460010"
    ],
    "argumentTypes": [
      "number",
      "number"
    ],
    "parameters": [
      "",
      ""
    ],
    "src": "data/js/programs_all/sebastienros/jint/Jint.Tests.Ecma/TestCases/ch15/15.4/15.4.4/15.4.4.10/S15.4.4.10_A3_T2.js : 14 - 14",
    "filename": "data/js/programs_all/sebastienros/jint/Jint.Tests.Ecma/TestCases/ch15/15.4/15.4.4/15.4.4.10/S15.4.4.10_A3_T2.js"
  },
  {
    "base": "ID:x",
    "callee": "ID:splice",
    "calleeLocation": "713820003430006",
    "arguments": [
      "LIT:0",
      "LIT:5"
    ],
    "argumentLocations": [
      "713820003500001",
      "713820003520001"
    ],
    "argumentTypes": [
      "number",
      "number"
    ],
    "parameters": [
      "",
      ""
    ],
    "src": "data/js/programs_all/sebastienros/jint/Jint.Tests.Ecma/TestCases/ch15/15.4/15.4.4/15.4.4.12/S15.4.4.12_A1.1_T5.js : 11 - 11",
    "filename": "data/js/programs_all/sebastienros/jint/Jint.Tests.Ecma/TestCases/ch15/15.4/15.4.4/15.4.4.12/S15.4.4.12_A1.1_T5.js"
  },
  {
    "base": "ID:x",
    "callee": "ID:splice",
    "calleeLocation": "713830003430006",
    "arguments": [
      "LIT:1",
      "LIT:4",
      "LIT:4",
      "LIT:5"
    ],
    "argumentLocations": [
      "713830003500001",
      "713830003520001",
      "713830003540001",
      "713830003560001"
    ],
    "argumentTypes": [
      "number",
      "number",
      "number",
      "number"
    ],
    "parameters": [
      "",
      "",
      "",
      ""
    ],
    "src": "data/js/programs_all/sebastienros/jint/Jint.Tests.Ecma/TestCases/ch15/15.4/15.4.4/15.4.4.12/S15.4.4.12_A1.1_T6.js : 11 - 11",
    "filename": "data/js/programs_all/sebastienros/jint/Jint.Tests.Ecma/TestCases/ch15/15.4/15.4.4/15.4.4.12/S15.4.4.12_A1.1_T6.js"
  },
  {
    "base": "ID:x",
    "callee": "ID:splice",
    "calleeLocation": "713870002520006",
    "arguments": [
      "ID:undefined",
      "ID:undefined"
    ],
    "argumentLocations": [
      "713870002590009",
      "713870002700009"
    ],
    "argumentTypes": [
      "undefined",
      "undefined"
    ],
    "parameters": [
      "",
      ""
    ],
    "src": "data/js/programs_all/sebastienros/jint/Jint.Tests.Ecma/TestCases/ch15/15.4/15.4.4/15.4.4.12/S15.4.4.12_A1.5_T1.js : 10 - 10",
    "filename": "data/js/programs_all/sebastienros/jint/Jint.Tests.Ecma/TestCases/ch15/15.4/15.4.4/15.4.4.12/S15.4.4.12_A1.5_T1.js"
  },
  {
    "base": "ID:x",
    "callee": "ID:splice",
    "calleeLocation": "713880002330006",
    "arguments": [
      "ID:NEGATIVE_INFINITY",
      "LIT:3"
    ],
    "argumentLocations": [
      "713880002400024",
      "713880002650001"
    ],
    "argumentTypes": [
      "unknown",
      "number"
    ],
    "parameters": [
      "",
      ""
    ],
    "src": "data/js/programs_all/sebastienros/jint/Jint.Tests.Ecma/TestCases/ch15/15.4/15.4.4/15.4.4.12/S15.4.4.12_A2.1_T4.js : 10 - 10",
    "filename": "data/js/programs_all/sebastienros/jint/Jint.Tests.Ecma/TestCases/ch15/15.4/15.4.4/15.4.4.12/S15.4.4.12_A2.1_T4.js"
  },
  {
    "base": "ID:x",
    "callee": "ID:splice",
    "calleeLocation": "713900003430006",
    "arguments": [
      "LIT:1",
      "LIT:1",
      "LIT:2"
    ],
    "argumentLocations": [
      "713900003500001",
      "713900003520001",
      "713900003540001"
    ],
    "argumentTypes": [
      "number",
      "number",
      "number"
    ],
    "parameters": [
      "",
      "",
      ""
    ],
    "src": "data/js/programs_all/sebastienros/jint/Jint.Tests.Ecma/TestCases/ch15/15.4/15.4.4/15.4.4.12/S15.4.4.12_A4_T2.js : 11 - 11",
    "filename": "data/js/programs_all/sebastienros/jint/Jint.Tests.Ecma/TestCases/ch15/15.4/15.4.4/15.4.4.12/S15.4.4.12_A4_T2.js"
  },
  {
    "base": "ID:x",
    "callee": "ID:splice",
    "calleeLocation": "713900014190006",
    "arguments": [
      "LIT:1",
      "LIT:1",
      "LIT:2"
    ],
    "argumentLocations": [
      "713900014260001",
      "713900014280001",
      "713900014300001"
    ],
    "argumentTypes": [
      "number",
      "number",
      "number"
    ],
    "parameters": [
      "",
      "",
      ""
    ],
    "src": "data/js/programs_all/sebastienros/jint/Jint.Tests.Ecma/TestCases/ch15/15.4/15.4.4/15.4.4.12/S15.4.4.12_A4_T2.js : 48 - 48",
    "filename": "data/js/programs_all/sebastienros/jint/Jint.Tests.Ecma/TestCases/ch15/15.4/15.4.4/15.4.4.12/S15.4.4.12_A4_T2.js"
  },
  {
    "base": "ID:x",
    "callee": "ID:splice",
    "calleeLocation": "713910003540006",
    "arguments": [
      "LIT:0",
      "LIT:1"
    ],
    "argumentLocations": [
      "713910003610001",
      "713910003630001"
    ],
    "argumentTypes": [
      "number",
      "number"
    ],
    "parameters": [
      "",
      ""
    ],
    "src": "data/js/programs_all/sebastienros/jint/Jint.Tests.Ecma/TestCases/ch15/15.4/15.4.4/15.4.4.12/S15.4.4.12_A4_T3.js : 12 - 12",
    "filename": "data/js/programs_all/sebastienros/jint/Jint.Tests.Ecma/TestCases/ch15/15.4/15.4.4/15.4.4.12/S15.4.4.12_A4_T3.js"
  },
  {
    "base": "ID:x",
    "callee": "ID:splice",
    "calleeLocation": "713910013520006",
    "arguments": [
      "LIT:0",
      "LIT:1"
    ],
    "argumentLocations": [
      "713910013590001",
      "713910013610001"
    ],
    "argumentTypes": [
      "number",
      "number"
    ],
    "parameters": [
      "",
      ""
    ],
    "src": "data/js/programs_all/sebastienros/jint/Jint.Tests.Ecma/TestCases/ch15/15.4/15.4.4/15.4.4.12/S15.4.4.12_A4_T3.js : 45 - 45",
    "filename": "data/js/programs_all/sebastienros/jint/Jint.Tests.Ecma/TestCases/ch15/15.4/15.4.4/15.4.4.12/S15.4.4.12_A4_T3.js"
  },
  {
    "base": "ID:obj",
    "callee": "ID:unshift",
    "calleeLocation": "713950003200007",
    "arguments": [
      "LIT:x",
      "LIT:y",
      "LIT:z"
    ],
    "argumentLocations": [
      "713950003280003",
      "713950003330003",
      "713950003380003"
    ],
    "argumentTypes": [
      "string",
      "string",
      "string"
    ],
    "parameters": [
      "",
      "",
      ""
    ],
    "src": "data/js/programs_all/sebastienros/jint/Jint.Tests.Ecma/TestCases/ch15/15.4/15.4.4/15.4.4.13/S15.4.4.13_A3_T1.js : 14 - 14",
    "filename": "data/js/programs_all/sebastienros/jint/Jint.Tests.Ecma/TestCases/ch15/15.4/15.4.4/15.4.4.13/S15.4.4.13_A3_T1.js"
  },
  {
    "base": "ID:indexOf",
    "callee": "ID:call",
    "calleeLocation": "713980003940004",
    "arguments": [
      "LIT:true",
      "ID:targetObj"
    ],
    "argumentLocations": [
      "713980003990004",
      "713980004050009"
    ],
    "argumentTypes": [
      "boolean",
      "unknown"
    ],
    "parameters": [
      "",
      ""
    ],
    "src": "data/js/programs_all/sebastienros/jint/Jint.Tests.Ecma/TestCases/ch15/15.4/15.4.4/15.4.4.14/15.4.4.14-1-3.js : 14 - 14",
    "filename": "data/js/programs_all/sebastienros/jint/Jint.Tests.Ecma/TestCases/ch15/15.4/15.4.4/15.4.4.14/15.4.4.14-1-3.js"
  },
  {
    "base": "ID:indexOf",
    "callee": "ID:call",
    "calleeLocation": "713990004260004",
    "arguments": [
      "ID:f",
      "LIT:1"
    ],
    "argumentLocations": [
      "713990004310001",
      "713990004330001"
    ],
    "argumentTypes": [
      "unknown",
      "number"
    ],
    "parameters": [
      "",
      ""
    ],
    "src": "data/js/programs_all/sebastienros/jint/Jint.Tests.Ecma/TestCases/ch15/15.4/15.4.4/15.4.4.14/15.4.4.14-10-2.js : 14 - 14",
    "filename": "data/js/programs_all/sebastienros/jint/Jint.Tests.Ecma/TestCases/ch15/15.4/15.4.4/15.4.4.14/15.4.4.14-10-2.js"
  },
  {
    "base": "ID:indexOf",
    "callee": "ID:call",
    "calleeLocation": "714000003760004",
    "arguments": [
      "ID:objOne",
      "LIT:true"
    ],
    "argumentLocations": [
      "714000003810006",
      "714000003890004"
    ],
    "argumentTypes": [
      "unknown",
      "boolean"
    ],
    "parameters": [
      "",
      ""
    ],
    "src": "data/js/programs_all/sebastienros/jint/Jint.Tests.Ecma/TestCases/ch15/15.4/15.4.4/15.4.4.14/15.4.4.14-2-1.js : 11 - 11",
    "filename": "data/js/programs_all/sebastienros/jint/Jint.Tests.Ecma/TestCases/ch15/15.4/15.4.4/15.4.4.14/15.4.4.14-2-1.js"
  },
  {
    "base": "ID:indexOf",
    "callee": "ID:call",
    "calleeLocation": "714000004400004",
    "arguments": [
      "ID:objTwo",
      "LIT:true"
    ],
    "argumentLocations": [
      "714000004450006",
      "714000004530004"
    ],
    "argumentTypes": [
      "unknown",
      "boolean"
    ],
    "parameters": [
      "",
      ""
    ],
    "src": "data/js/programs_all/sebastienros/jint/Jint.Tests.Ecma/TestCases/ch15/15.4/15.4.4/15.4.4.14/15.4.4.14-2-1.js : 12 - 12",
    "filename": "data/js/programs_all/sebastienros/jint/Jint.Tests.Ecma/TestCases/ch15/15.4/15.4.4/15.4.4.14/15.4.4.14-2-1.js"
  },
  {
    "base": "ID:indexOf",
    "callee": "ID:call",
    "calleeLocation": "714010006540004",
    "arguments": [
      "ID:childOne",
      "LIT:true"
    ],
    "argumentLocations": [
      "714010006590008",
      "714010006690004"
    ],
    "argumentTypes": [
      "unknown",
      "boolean"
    ],
    "parameters": [
      "",
      ""
    ],
    "src": "data/js/programs_all/sebastienros/jint/Jint.Tests.Ecma/TestCases/ch15/15.4/15.4.4/15.4.4.14/15.4.4.14-2-10.js : 26 - 26",
    "filename": "data/js/programs_all/sebastienros/jint/Jint.Tests.Ecma/TestCases/ch15/15.4/15.4.4/15.4.4.14/15.4.4.14-2-10.js"
  },
  {
    "base": "ID:indexOf",
    "callee": "ID:call",
    "calleeLocation": "714010007200004",
    "arguments": [
      "ID:childTwo",
      "LIT:true"
    ],
    "argumentLocations": [
      "714010007250008",
      "714010007350004"
    ],
    "argumentTypes": [
      "unknown",
      "boolean"
    ],
    "parameters": [
      "",
      ""
    ],
    "src": "data/js/programs_all/sebastienros/jint/Jint.Tests.Ecma/TestCases/ch15/15.4/15.4.4/15.4.4.14/15.4.4.14-2-10.js : 27 - 27",
    "filename": "data/js/programs_all/sebastienros/jint/Jint.Tests.Ecma/TestCases/ch15/15.4/15.4.4/15.4.4.14/15.4.4.14-2-10.js"
  }
]