[
  {
    "base": "ID:require",
    "callee": "ID:inherits",
    "calleeLocation": "759970004600008",
    "arguments": [
      "ID:Site",
      "ID:EventEmitter"
    ],
    "argumentLocations": [
      "759970004690004",
      "759970004750030"
    ],
    "argumentTypes": [
      "unknown",
      "unknown"
    ],
    "parameters": [
      "",
      ""
    ],
    "src": "data/js/programs_all/studiomoniker/woods/lib/Site.js : 18 - 18",
    "filename": "data/js/programs_all/studiomoniker/woods/lib/Site.js"
  },
  {
    "base": "",
    "callee": "ID:getTemplateDirectory",
    "calleeLocation": "759970018900020",
    "arguments": [
      "LIT:this",
      "ID:type"
    ],
    "argumentLocations": [
      "759970019110004",
      "759970019170004"
    ],
    "argumentTypes": [
      "object",
      "unknown"
    ],
    "parameters": [
      "ID:site",
      "ID:type"
    ],
    "src": "data/js/programs_all/studiomoniker/woods/lib/Site.js : 70 - 70",
    "filename": "data/js/programs_all/studiomoniker/woods/lib/Site.js"
  },
  {
    "base": "ID:path",
    "callee": "ID:basename",
    "calleeLocation": "759970020750008",
    "arguments": [
      "ID:file",
      "LIT:.jade"
    ],
    "argumentLocations": [
      "759970020840004",
      "759970020900007"
    ],
    "argumentTypes": [
      "unknown",
      "string"
    ],
    "parameters": [
      "",
      ""
    ],
    "src": "data/js/programs_all/studiomoniker/woods/lib/Site.js : 75 - 75",
    "filename": "data/js/programs_all/studiomoniker/woods/lib/Site.js"
  },
  {
    "base": "ID:path",
    "callee": "ID:join",
    "calleeLocation": "759970021620004",
    "arguments": [
      "ID:templatesDir",
      "ID:file"
    ],
    "argumentLocations": [
      "759970021670012",
      "759970021810004"
    ],
    "argumentTypes": [
      "unknown",
      "unknown"
    ],
    "parameters": [
      "",
      ""
    ],
    "src": "data/js/programs_all/studiomoniker/woods/lib/Site.js : 77 - 77",
    "filename": "data/js/programs_all/studiomoniker/woods/lib/Site.js"
  },
  {
    "base": "ID:async",
    "callee": "ID:each",
    "calleeLocation": "759970027340004",
    "arguments": [
      "ID:files",
      "ID:compileTemplate",
      "ID:callback"
    ],
    "argumentLocations": [
      "759970027390005",
      "759970027460015",
      "759970027630008"
    ],
    "argumentTypes": [
      "unknown",
      "unknown",
      "unknown"
    ],
    "parameters": [
      "",
      "",
      ""
    ],
    "src": "data/js/programs_all/studiomoniker/woods/lib/Site.js : 101 - 101",
    "filename": "data/js/programs_all/studiomoniker/woods/lib/Site.js"
  },
  {
    "base": "ID:site",
    "callee": "ID:_addType",
    "calleeLocation": "759970039570008",
    "arguments": [
      "ID:file",
      "ID:cb"
    ],
    "argumentLocations": [
      "759970039660004",
      "759970039720002"
    ],
    "argumentTypes": [
      "unknown",
      "unknown"
    ],
    "parameters": [
      "ID:type",
      "ID:callback"
    ],
    "src": "data/js/programs_all/studiomoniker/woods/lib/Site.js : 150 - 150",
    "filename": "data/js/programs_all/studiomoniker/woods/lib/Site.js"
  },
  {
    "base": "ID:str",
    "callee": "ID:replace",
    "calleeLocation": "759970041450007",
    "arguments": [
      "LIT:/[\\-\\[\\]\\/\\{\\}\\(\\)\\*\\+\\?\\.\\\\\\^\\$\\|]/g",
      "LIT:\\$&"
    ],
    "argumentLocations": [
      "759970041530037",
      "759970041920006"
    ],
    "argumentTypes": [
      "regex",
      "string"
    ],
    "parameters": [
      "",
      ""
    ],
    "src": "data/js/programs_all/studiomoniker/woods/lib/Site.js : 160 - 160",
    "filename": "data/js/programs_all/studiomoniker/woods/lib/Site.js"
  },
  {
    "base": "",
    "callee": "ID:handleRequest",
    "calleeLocation": "759970047960013",
    "arguments": [
      "ID:req",
      "ID:res",
      "ID:next",
      "ID:page"
    ],
    "argumentLocations": [
      "759970048100003",
      "759970048150003",
      "759970048200004",
      "759970048260004"
    ],
    "argumentTypes": [
      "unknown",
      "unknown",
      "unknown",
      "unknown"
    ],
    "parameters": [
      "ID:req",
      "ID:res",
      "ID:next",
      "ID:page"
    ],
    "src": "data/js/programs_all/studiomoniker/woods/lib/Site.js : 181 - 181",
    "filename": "data/js/programs_all/studiomoniker/woods/lib/Site.js"
  },
  {
    "base": "ID:res",
    "callee": "ID:setHeader",
    "calleeLocation": "759970049020009",
    "arguments": [
      "LIT:Content-Type",
      "LIT:text/html; charset=utf-8"
    ],
    "argumentLocations": [
      "759970049120014",
      "759970049280026"
    ],
    "argumentTypes": [
      "string",
      "string"
    ],
    "parameters": [
      "",
      ""
    ],
    "src": "data/js/programs_all/studiomoniker/woods/lib/Site.js : 186 - 186",
    "filename": "data/js/programs_all/studiomoniker/woods/lib/Site.js"
  },
  {
    "base": "ID:express",
    "callee": "ID:use",
    "calleeLocation": "759970051780003",
    "arguments": [
      "LIT:/assets",
      "ID:static"
    ],
    "argumentLocations": [
      "759970051850009",
      "759970051980037"
    ],
    "argumentTypes": [
      "string",
      "unknown"
    ],
    "parameters": [
      "",
      ""
    ],
    "src": "data/js/programs_all/studiomoniker/woods/lib/Site.js : 199 - 202",
    "filename": "data/js/programs_all/studiomoniker/woods/lib/Site.js"
  },
  {
    "base": "",
    "callee": "ID:handleLanguage",
    "calleeLocation": "759970053450014",
    "arguments": [
      "ID:req",
      "ID:res",
      "ID:next",
      "ID:site"
    ],
    "argumentLocations": [
      "759970053600003",
      "759970053650003",
      "759970053700004",
      "759970053760004"
    ],
    "argumentTypes": [
      "unknown",
      "unknown",
      "unknown",
      "unknown"
    ],
    "parameters": [
      "ID:req",
      "ID:res",
      "ID:next",
      "ID:site"
    ],
    "src": "data/js/programs_all/studiomoniker/woods/lib/Site.js : 206 - 206",
    "filename": "data/js/programs_all/studiomoniker/woods/lib/Site.js"
  },
  {
    "base": "",
    "callee": "ID:handleRequest",
    "calleeLocation": "759970053970013",
    "arguments": [
      "ID:req",
      "ID:res",
      "ID:next",
      "ID:get"
    ],
    "argumentLocations": [
      "759970054110003",
      "759970054160003",
      "759970054210004",
      "759970054270028"
    ],
    "argumentTypes": [
      "unknown",
      "unknown",
      "unknown",
      "unknown"
    ],
    "parameters": [
      "ID:req",
      "ID:res",
      "ID:next",
      "ID:page"
    ],
    "src": "data/js/programs_all/studiomoniker/woods/lib/Site.js : 208 - 208",
    "filename": "data/js/programs_all/studiomoniker/woods/lib/Site.js"
  },
  {
    "base": "ID:woods",
    "callee": "ID:emit",
    "calleeLocation": "759980004700004",
    "arguments": [
      "LIT:changed",
      "ID:site",
      "ID:uri",
      "ID:removed"
    ],
    "argumentLocations": [
      "759980004750009",
      "759980004860004",
      "759980004920003",
      "759980004970007"
    ],
    "argumentTypes": [
      "string",
      "unknown",
      "unknown",
      "unknown"
    ],
    "parameters": [
      "",
      "",
      "",
      ""
    ],
    "src": "data/js/programs_all/studiomoniker/woods/lib/watchDirectory.js : 20 - 20",
    "filename": "data/js/programs_all/studiomoniker/woods/lib/watchDirectory.js"
  },
  {
    "base": "ID:site",
    "callee": "ID:emit",
    "calleeLocation": "759980005140004",
    "arguments": [
      "LIT:changed",
      "ID:uri",
      "ID:removed"
    ],
    "argumentLocations": [
      "759980005190009",
      "759980005300003",
      "759980005350007"
    ],
    "argumentTypes": [
      "string",
      "unknown",
      "unknown"
    ],
    "parameters": [
      "",
      "",
      ""
    ],
    "src": "data/js/programs_all/studiomoniker/woods/lib/watchDirectory.js : 21 - 21",
    "filename": "data/js/programs_all/studiomoniker/woods/lib/watchDirectory.js"
  },
  {
    "base": "ID:element",
    "callee": "ID:addEventListener",
    "calleeLocation": "759990008180016",
    "arguments": [
      "LIT:touchstart",
      "LIT:this",
      "LIT:false"
    ],
    "argumentLocations": [
      "759990008350012",
      "759990008490004",
      "759990008550005"
    ],
    "argumentTypes": [
      "string",
      "object",
      "boolean"
    ],
    "parameters": [
      "",
      "",
      ""
    ],
    "src": "data/js/programs_all/stungeye/HTML5-Tumblr-Mobile-App/js/noclickdelay.js : 16 - 16",
    "filename": "data/js/programs_all/stungeye/HTML5-Tumblr-Mobile-App/js/noclickdelay.js"
  },
  {
    "base": "ID:element",
    "callee": "ID:addEventListener",
    "calleeLocation": "759990008780016",
    "arguments": [
      "LIT:click",
      "LIT:this",
      "LIT:false"
    ],
    "argumentLocations": [
      "759990008950007",
      "759990009040004",
      "759990009100005"
    ],
    "argumentTypes": [
      "string",
      "object",
      "boolean"
    ],
    "parameters": [
      "",
      "",
      ""
    ],
    "src": "data/js/programs_all/stungeye/HTML5-Tumblr-Mobile-App/js/noclickdelay.js : 17 - 17",
    "filename": "data/js/programs_all/stungeye/HTML5-Tumblr-Mobile-App/js/noclickdelay.js"
  },
  {
    "base": "ID:document",
    "callee": "ID:elementFromPoint",
    "calleeLocation": "759990013350016",
    "arguments": [
      "ID:clientX",
      "ID:clientY"
    ],
    "argumentLocations": [
      "759990013520026",
      "759990013800026"
    ],
    "argumentTypes": [
      "unknown",
      "unknown"
    ],
    "parameters": [
      "",
      ""
    ],
    "src": "data/js/programs_all/stungeye/HTML5-Tumblr-Mobile-App/js/noclickdelay.js : 35 - 35",
    "filename": "data/js/programs_all/stungeye/HTML5-Tumblr-Mobile-App/js/noclickdelay.js"
  },
  {
    "base": "ID:element",
    "callee": "ID:addEventListener",
    "calleeLocation": "759990015650016",
    "arguments": [
      "LIT:touchmove",
      "LIT:this",
      "LIT:false"
    ],
    "argumentLocations": [
      "759990015820011",
      "759990015950004",
      "759990016010005"
    ],
    "argumentTypes": [
      "string",
      "object",
      "boolean"
    ],
    "parameters": [
      "",
      "",
      ""
    ],
    "src": "data/js/programs_all/stungeye/HTML5-Tumblr-Mobile-App/js/noclickdelay.js : 42 - 42",
    "filename": "data/js/programs_all/stungeye/HTML5-Tumblr-Mobile-App/js/noclickdelay.js"
  },
  {
    "base": "ID:element",
    "callee": "ID:addEventListener",
    "calleeLocation": "759990016250016",
    "arguments": [
      "LIT:touchend",
      "LIT:this",
      "LIT:false"
    ],
    "argumentLocations": [
      "759990016420010",
      "759990016540004",
      "759990016600005"
    ],
    "argumentTypes": [
      "string",
      "object",
      "boolean"
    ],
    "parameters": [
      "",
      "",
      ""
    ],
    "src": "data/js/programs_all/stungeye/HTML5-Tumblr-Mobile-App/js/noclickdelay.js : 43 - 43",
    "filename": "data/js/programs_all/stungeye/HTML5-Tumblr-Mobile-App/js/noclickdelay.js"
  },
  {
    "base": "ID:className",
    "callee": "ID:replace",
    "calleeLocation": "759990017810007",
    "arguments": [
      "LIT:/ ?pressed/gi",
      "LIT:"
    ],
    "argumentLocations": [
      "759990017890013",
      "759990018040002"
    ],
    "argumentTypes": [
      "regex",
      "string"
    ],
    "parameters": [
      "",
      ""
    ],
    "src": "data/js/programs_all/stungeye/HTML5-Tumblr-Mobile-App/js/noclickdelay.js : 48 - 48",
    "filename": "data/js/programs_all/stungeye/HTML5-Tumblr-Mobile-App/js/noclickdelay.js"
  },
  {
    "base": "ID:element",
    "callee": "ID:removeEventListener",
    "calleeLocation": "759990019110019",
    "arguments": [
      "LIT:touchmove",
      "LIT:this",
      "LIT:false"
    ],
    "argumentLocations": [
      "759990019310011",
      "759990019440004",
      "759990019500005"
    ],
    "argumentTypes": [
      "string",
      "object",
      "boolean"
    ],
    "parameters": [
      "",
      "",
      ""
    ],
    "src": "data/js/programs_all/stungeye/HTML5-Tumblr-Mobile-App/js/noclickdelay.js : 55 - 55",
    "filename": "data/js/programs_all/stungeye/HTML5-Tumblr-Mobile-App/js/noclickdelay.js"
  },
  {
    "base": "ID:element",
    "callee": "ID:removeEventListener",
    "calleeLocation": "759990019740019",
    "arguments": [
      "LIT:touchend",
      "LIT:this",
      "LIT:false"
    ],
    "argumentLocations": [
      "759990019940010",
      "759990020060004",
      "759990020120005"
    ],
    "argumentTypes": [
      "string",
      "object",
      "boolean"
    ],
    "parameters": [
      "",
      "",
      ""
    ],
    "src": "data/js/programs_all/stungeye/HTML5-Tumblr-Mobile-App/js/noclickdelay.js : 56 - 56",
    "filename": "data/js/programs_all/stungeye/HTML5-Tumblr-Mobile-App/js/noclickdelay.js"
  },
  {
    "base": "ID:className",
    "callee": "ID:replace",
    "calleeLocation": "759990021190007",
    "arguments": [
      "LIT:/ ?pressed/gi",
      "LIT:"
    ],
    "argumentLocations": [
      "759990021270013",
      "759990021420002"
    ],
    "argumentTypes": [
      "regex",
      "string"
    ],
    "parameters": [
      "",
      ""
    ],
    "src": "data/js/programs_all/stungeye/HTML5-Tumblr-Mobile-App/js/noclickdelay.js : 59 - 59",
    "filename": "data/js/programs_all/stungeye/HTML5-Tumblr-Mobile-App/js/noclickdelay.js"
  },
  {
    "base": "ID:href",
    "callee": "ID:replace",
    "calleeLocation": "760000013370007",
    "arguments": [
      "ID:$1",
      "LIT:"
    ],
    "argumentLocations": [
      "760000013460009",
      "760000013570002"
    ],
    "argumentTypes": [
      "unknown",
      "string"
    ],
    "parameters": [
      "",
      ""
    ],
    "src": "data/js/programs_all/sturobson/Responsive-Calculator/js/libs/respond.js : 44 - 44",
    "filename": "data/js/programs_all/sturobson/Responsive-Calculator/js/libs/respond.js"
  },
  {
    "base": "",
    "callee": "ID:translate",
    "calleeLocation": "760000018140009",
    "arguments": [
      "ID:styles",
      "ID:href",
      "ID:media"
    ],
    "argumentLocations": [
      "760000018250006",
      "760000018330016",
      "760000018510017"
    ],
    "argumentTypes": [
      "unknown",
      "unknown",
      "unknown"
    ],
    "parameters": [
      "ID:styles",
      "ID:href",
      "ID:media"
    ],
    "src": "data/js/programs_all/sturobson/Responsive-Calculator/js/libs/respond.js : 65 - 65",
    "filename": "data/js/programs_all/sturobson/Responsive-Calculator/js/libs/respond.js"
  },
  {
    "base": "ID:href",
    "callee": "ID:substring",
    "calleeLocation": "760000022310009",
    "arguments": [
      "LIT:0",
      "ID:lastIndexOf"
    ],
    "argumentLocations": [
      "760000022420001",
      "760000022450023"
    ],
    "argumentTypes": [
      "number",
      "unknown"
    ],
    "parameters": [
      "",
      ""
    ],
    "src": "data/js/programs_all/sturobson/Responsive-Calculator/js/libs/respond.js : 77 - 77",
    "filename": "data/js/programs_all/sturobson/Responsive-Calculator/js/libs/respond.js"
  },
  {
    "base": "",
    "callee": "ID:setTimeout",
    "calleeLocation": "760000043810010",
    "arguments": [
      "ID:applyMedia",
      "ID:resizeThrottle"
    ],
    "argumentLocations": [
      "760000043930010",
      "760000044050014"
    ],
    "argumentTypes": [
      "unknown",
      "unknown"
    ],
    "parameters": [
      "",
      ""
    ],
    "src": "data/js/programs_all/sturobson/Responsive-Calculator/js/libs/respond.js : 147 - 147",
    "filename": "data/js/programs_all/sturobson/Responsive-Calculator/js/libs/respond.js"
  },
  {
    "base": "ID:head",
    "callee": "ID:insertBefore",
    "calleeLocation": "760000056880012",
    "arguments": [
      "ID:dFrag",
      "ID:nextSibling"
    ],
    "argumentLocations": [
      "760000057020005",
      "760000057090020"
    ],
    "argumentTypes": [
      "unknown",
      "unknown"
    ],
    "parameters": [
      "",
      ""
    ],
    "src": "data/js/programs_all/sturobson/Responsive-Calculator/js/libs/respond.js : 192 - 192",
    "filename": "data/js/programs_all/sturobson/Responsive-Calculator/js/libs/respond.js"
  },
  {
    "base": "ID:req",
    "callee": "ID:open",
    "calleeLocation": "760000058890004",
    "arguments": [
      "LIT:GET",
      "ID:url",
      "LIT:true"
    ],
    "argumentLocations": [
      "760000058950005",
      "760000059020003",
      "760000059070004"
    ],
    "argumentTypes": [
      "string",
      "unknown",
      "boolean"
    ],
    "parameters": [
      "",
      "",
      ""
    ],
    "src": "data/js/programs_all/sturobson/Responsive-Calculator/js/libs/respond.js : 200 - 200",
    "filename": "data/js/programs_all/sturobson/Responsive-Calculator/js/libs/respond.js"
  },
  {
    "base": "ID:win",
    "callee": "ID:addEventListener",
    "calleeLocation": "760000068470016",
    "arguments": [
      "LIT:resize",
      "ID:callMedia",
      "LIT:false"
    ],
    "argumentLocations": [
      "760000068650008",
      "760000068750009",
      "760000068860005"
    ],
    "argumentTypes": [
      "string",
      "unknown",
      "boolean"
    ],
    "parameters": [
      "",
      "",
      ""
    ],
    "src": "data/js/programs_all/sturobson/Responsive-Calculator/js/libs/respond.js : 246 - 246",
    "filename": "data/js/programs_all/sturobson/Responsive-Calculator/js/libs/respond.js"
  },
  {
    "base": "ID:win",
    "callee": "ID:attachEvent",
    "calleeLocation": "760000069360011",
    "arguments": [
      "LIT:onresize",
      "ID:callMedia"
    ],
    "argumentLocations": [
      "760000069490010",
      "760000069610009"
    ],
    "argumentTypes": [
      "string",
      "unknown"
    ],
    "parameters": [
      "",
      ""
    ],
    "src": "data/js/programs_all/sturobson/Responsive-Calculator/js/libs/respond.js : 249 - 249",
    "filename": "data/js/programs_all/sturobson/Responsive-Calculator/js/libs/respond.js"
  },
  {
    "base": "ID:docElem",
    "callee": "ID:insertBefore",
    "calleeLocation": "760000077080012",
    "arguments": [
      "ID:fakeBody",
      "ID:refNode"
    ],
    "argumentLocations": [
      "760000077220008",
      "760000077320007"
    ],
    "argumentTypes": [
      "unknown",
      "unknown"
    ],
    "parameters": [
      "",
      ""
    ],
    "src": "data/js/programs_all/sturobson/Responsive-Calculator/js/libs/respond.js : 274 - 274",
    "filename": "data/js/programs_all/sturobson/Responsive-Calculator/js/libs/respond.js"
  },
  {
    "base": "ID:links",
    "callee": "ID:splice",
    "calleeLocation": "760010003030006",
    "arguments": [
      "ID:indexOf",
      "LIT:1"
    ],
    "argumentLocations": [
      "760010003100019",
      "760010003310001"
    ],
    "argumentTypes": [
      "unknown",
      "number"
    ],
    "parameters": [
      "",
      ""
    ],
    "src": "data/js/programs_all/stylecow/stylecow/bin/ws-script.js : 12 - 12",
    "filename": "data/js/programs_all/stylecow/stylecow/bin/ws-script.js"
  },
  {
    "base": "",
    "callee": "ID:setInterval",
    "calleeLocation": "760010013560011",
    "arguments": [
      "ID:socket",
      "LIT:1000"
    ],
    "argumentLocations": [
      "760010013680006",
      "760010013760004"
    ],
    "argumentTypes": [
      "unknown",
      "number"
    ],
    "parameters": [
      "",
      ""
    ],
    "src": "data/js/programs_all/stylecow/stylecow/bin/ws-script.js : 69 - 69",
    "filename": "data/js/programs_all/stylecow/stylecow/bin/ws-script.js"
  }
]