[
  {
    "base": "ID:Object",
    "callee": "ID:getOwnPropertyDescriptor",
    "calleeLocation": "334020022340024",
    "arguments": [
      "ID:obj",
      "LIT:prop"
    ],
    "argumentLocations": [
      "334020022590003",
      "334020022640006"
    ],
    "argumentTypes": [
      "unknown",
      "string"
    ],
    "parameters": [
      "",
      ""
    ],
    "src": "data/js/programs_all/fholm/IronJS/Src/Tests/ietestcenter/chapter15/15.2/15.2.3/15.2.3.6/15.2.3.6-4-515.js : 43 - 43",
    "filename": "data/js/programs_all/fholm/IronJS/Src/Tests/ietestcenter/chapter15/15.2/15.2.3/15.2.3.6/15.2.3.6-4-515.js"
  },
  {
    "base": "ID:Object",
    "callee": "ID:getOwnPropertyDescriptor",
    "calleeLocation": "334030022660024",
    "arguments": [
      "ID:obj",
      "LIT:prop"
    ],
    "argumentLocations": [
      "334030022910003",
      "334030022960006"
    ],
    "argumentTypes": [
      "unknown",
      "string"
    ],
    "parameters": [
      "",
      ""
    ],
    "src": "data/js/programs_all/fholm/IronJS/Src/Tests/ietestcenter/chapter15/15.2/15.2.3/15.2.3.6/15.2.3.6-4-522.js : 43 - 43",
    "filename": "data/js/programs_all/fholm/IronJS/Src/Tests/ietestcenter/chapter15/15.2/15.2.3/15.2.3.6/15.2.3.6-4-522.js"
  },
  {
    "base": "",
    "callee": "ID:accessorPropertyAttributesAreCorrect",
    "calleeLocation": "334040027440036",
    "arguments": [
      "ID:obj",
      "LIT:0",
      "ID:getFunc",
      "ID:setFunc",
      "LIT:verifySetFunction1",
      "LIT:false",
      "LIT:true"
    ],
    "argumentLocations": [
      "334040027810003",
      "334040027860003",
      "334040027910007",
      "334040028000007",
      "334040028090020",
      "334040028310005",
      "334040028380004"
    ],
    "argumentTypes": [
      "unknown",
      "string",
      "unknown",
      "unknown",
      "string",
      "boolean",
      "boolean"
    ],
    "parameters": [
      "",
      "",
      "",
      "",
      "",
      "",
      ""
    ],
    "src": "data/js/programs_all/fholm/IronJS/Src/Tests/ietestcenter/chapter15/15.2/15.2.3/15.2.3.6/15.2.3.6-4-531-13.js : 56 - 56",
    "filename": "data/js/programs_all/fholm/IronJS/Src/Tests/ietestcenter/chapter15/15.2/15.2.3/15.2.3.6/15.2.3.6-4-531-13.js"
  },
  {
    "base": "",
    "callee": "ID:accessorPropertyAttributesAreCorrect",
    "calleeLocation": "334050027540036",
    "arguments": [
      "ID:obj",
      "LIT:property",
      "ID:getFunc",
      "ID:setFunc",
      "LIT:verifySetFunction1",
      "LIT:false",
      "LIT:true"
    ],
    "argumentLocations": [
      "334050027910003",
      "334050027960010",
      "334050028080007",
      "334050028170007",
      "334050028260020",
      "334050028480005",
      "334050028550004"
    ],
    "argumentTypes": [
      "unknown",
      "string",
      "unknown",
      "unknown",
      "string",
      "boolean",
      "boolean"
    ],
    "parameters": [
      "",
      "",
      "",
      "",
      "",
      "",
      ""
    ],
    "src": "data/js/programs_all/fholm/IronJS/Src/Tests/ietestcenter/chapter15/15.2/15.2.3/15.2.3.6/15.2.3.6-4-531-4.js : 56 - 56",
    "filename": "data/js/programs_all/fholm/IronJS/Src/Tests/ietestcenter/chapter15/15.2/15.2.3/15.2.3.6/15.2.3.6-4-531-4.js"
  },
  {
    "base": "ID:Object",
    "callee": "ID:getOwnPropertyDescriptor",
    "calleeLocation": "334060023540024",
    "arguments": [
      "ID:obj",
      "LIT:prop"
    ],
    "argumentLocations": [
      "334060023790003",
      "334060023840006"
    ],
    "argumentTypes": [
      "unknown",
      "string"
    ],
    "parameters": [
      "",
      ""
    ],
    "src": "data/js/programs_all/fholm/IronJS/Src/Tests/ietestcenter/chapter15/15.2/15.2.3/15.2.3.6/15.2.3.6-4-537.js : 46 - 46",
    "filename": "data/js/programs_all/fholm/IronJS/Src/Tests/ietestcenter/chapter15/15.2/15.2.3/15.2.3.6/15.2.3.6-4-537.js"
  },
  {
    "base": "ID:Object",
    "callee": "ID:getOwnPropertyDescriptor",
    "calleeLocation": "334060025100024",
    "arguments": [
      "ID:obj",
      "LIT:prop"
    ],
    "argumentLocations": [
      "334060025350003",
      "334060025400006"
    ],
    "argumentTypes": [
      "unknown",
      "string"
    ],
    "parameters": [
      "",
      ""
    ],
    "src": "data/js/programs_all/fholm/IronJS/Src/Tests/ietestcenter/chapter15/15.2/15.2.3/15.2.3.6/15.2.3.6-4-537.js : 51 - 51",
    "filename": "data/js/programs_all/fholm/IronJS/Src/Tests/ietestcenter/chapter15/15.2/15.2.3/15.2.3.6/15.2.3.6-4-537.js"
  },
  {
    "base": "",
    "callee": "ID:accessorPropertyAttributesAreCorrect",
    "calleeLocation": "334070026360036",
    "arguments": [
      "ID:obj",
      "LIT:property",
      "ID:getFunc",
      "ID:setFunc",
      "LIT:verifySetFunction",
      "LIT:false",
      "LIT:false"
    ],
    "argumentLocations": [
      "334070026730003",
      "334070026780010",
      "334070026900007",
      "334070026990007",
      "334070027080019",
      "334070027290005",
      "334070027360005"
    ],
    "argumentTypes": [
      "unknown",
      "string",
      "unknown",
      "unknown",
      "string",
      "boolean",
      "boolean"
    ],
    "parameters": [
      "",
      "",
      "",
      "",
      "",
      "",
      ""
    ],
    "src": "data/js/programs_all/fholm/IronJS/Src/Tests/ietestcenter/chapter15/15.2/15.2.3/15.2.3.6/15.2.3.6-4-540-1.js : 53 - 53",
    "filename": "data/js/programs_all/fholm/IronJS/Src/Tests/ietestcenter/chapter15/15.2/15.2.3/15.2.3.6/15.2.3.6-4-540-1.js"
  },
  {
    "base": "",
    "callee": "ID:accessorPropertyAttributesAreCorrect",
    "calleeLocation": "334070030430036",
    "arguments": [
      "ID:obj",
      "LIT:property",
      "ID:getFunc",
      "ID:setFunc",
      "LIT:verifySetFunction",
      "LIT:false",
      "LIT:false"
    ],
    "argumentLocations": [
      "334070030800003",
      "334070030850010",
      "334070030970007",
      "334070031060007",
      "334070031150019",
      "334070031360005",
      "334070031430005"
    ],
    "argumentTypes": [
      "unknown",
      "string",
      "unknown",
      "unknown",
      "string",
      "boolean",
      "boolean"
    ],
    "parameters": [
      "",
      "",
      "",
      "",
      "",
      "",
      ""
    ],
    "src": "data/js/programs_all/fholm/IronJS/Src/Tests/ietestcenter/chapter15/15.2/15.2.3/15.2.3.6/15.2.3.6-4-540-1.js : 64 - 64",
    "filename": "data/js/programs_all/fholm/IronJS/Src/Tests/ietestcenter/chapter15/15.2/15.2.3/15.2.3.6/15.2.3.6-4-540-1.js"
  },
  {
    "base": "",
    "callee": "ID:accessorPropertyAttributesAreCorrect",
    "calleeLocation": "334080026520036",
    "arguments": [
      "ID:obj",
      "LIT:0",
      "ID:getFunc",
      "ID:setFunc",
      "LIT:verifySetFunction",
      "LIT:false",
      "LIT:false"
    ],
    "argumentLocations": [
      "334080026890003",
      "334080026940003",
      "334080026990007",
      "334080027080007",
      "334080027170019",
      "334080027380005",
      "334080027450005"
    ],
    "argumentTypes": [
      "unknown",
      "string",
      "unknown",
      "unknown",
      "string",
      "boolean",
      "boolean"
    ],
    "parameters": [
      "",
      "",
      "",
      "",
      "",
      "",
      ""
    ],
    "src": "data/js/programs_all/fholm/IronJS/Src/Tests/ietestcenter/chapter15/15.2/15.2.3/15.2.3.6/15.2.3.6-4-540-8.js : 55 - 55",
    "filename": "data/js/programs_all/fholm/IronJS/Src/Tests/ietestcenter/chapter15/15.2/15.2.3/15.2.3.6/15.2.3.6-4-540-8.js"
  },
  {
    "base": "",
    "callee": "ID:accessorPropertyAttributesAreCorrect",
    "calleeLocation": "334080030450036",
    "arguments": [
      "ID:obj",
      "LIT:0",
      "ID:getFunc",
      "ID:setFunc",
      "LIT:verifySetFunction",
      "LIT:false",
      "LIT:false"
    ],
    "argumentLocations": [
      "334080030820003",
      "334080030870003",
      "334080030920007",
      "334080031010007",
      "334080031100019",
      "334080031310005",
      "334080031380005"
    ],
    "argumentTypes": [
      "unknown",
      "string",
      "unknown",
      "unknown",
      "string",
      "boolean",
      "boolean"
    ],
    "parameters": [
      "",
      "",
      "",
      "",
      "",
      "",
      ""
    ],
    "src": "data/js/programs_all/fholm/IronJS/Src/Tests/ietestcenter/chapter15/15.2/15.2.3/15.2.3.6/15.2.3.6-4-540-8.js : 66 - 66",
    "filename": "data/js/programs_all/fholm/IronJS/Src/Tests/ietestcenter/chapter15/15.2/15.2.3/15.2.3.6/15.2.3.6-4-540-8.js"
  },
  {
    "base": "ID:Object",
    "callee": "ID:getOwnPropertyDescriptor",
    "calleeLocation": "334090024340024",
    "arguments": [
      "ID:obj",
      "LIT:prop"
    ],
    "argumentLocations": [
      "334090024590003",
      "334090024640006"
    ],
    "argumentTypes": [
      "unknown",
      "string"
    ],
    "parameters": [
      "",
      ""
    ],
    "src": "data/js/programs_all/fholm/IronJS/Src/Tests/ietestcenter/chapter15/15.2/15.2.3/15.2.3.6/15.2.3.6-4-540.js : 49 - 49",
    "filename": "data/js/programs_all/fholm/IronJS/Src/Tests/ietestcenter/chapter15/15.2/15.2.3/15.2.3.6/15.2.3.6-4-540.js"
  },
  {
    "base": "ID:Object",
    "callee": "ID:getOwnPropertyDescriptor",
    "calleeLocation": "334100023600024",
    "arguments": [
      "ID:obj",
      "LIT:prop"
    ],
    "argumentLocations": [
      "334100023850003",
      "334100023900006"
    ],
    "argumentTypes": [
      "unknown",
      "string"
    ],
    "parameters": [
      "",
      ""
    ],
    "src": "data/js/programs_all/fholm/IronJS/Src/Tests/ietestcenter/chapter15/15.2/15.2.3/15.2.3.6/15.2.3.6-4-550.js : 48 - 48",
    "filename": "data/js/programs_all/fholm/IronJS/Src/Tests/ietestcenter/chapter15/15.2/15.2.3/15.2.3.6/15.2.3.6-4-550.js"
  },
  {
    "base": "ID:Object",
    "callee": "ID:getOwnPropertyDescriptor",
    "calleeLocation": "334110023310024",
    "arguments": [
      "ID:obj",
      "LIT:prop"
    ],
    "argumentLocations": [
      "334110023560003",
      "334110023610006"
    ],
    "argumentTypes": [
      "unknown",
      "string"
    ],
    "parameters": [
      "",
      ""
    ],
    "src": "data/js/programs_all/fholm/IronJS/Src/Tests/ietestcenter/chapter15/15.2/15.2.3/15.2.3.6/15.2.3.6-4-556.js : 47 - 47",
    "filename": "data/js/programs_all/fholm/IronJS/Src/Tests/ietestcenter/chapter15/15.2/15.2.3/15.2.3.6/15.2.3.6-4-556.js"
  },
  {
    "base": "ID:Object",
    "callee": "ID:getOwnPropertyDescriptor",
    "calleeLocation": "334110024790024",
    "arguments": [
      "ID:obj",
      "LIT:prop"
    ],
    "argumentLocations": [
      "334110025040003",
      "334110025090006"
    ],
    "argumentTypes": [
      "unknown",
      "string"
    ],
    "parameters": [
      "",
      ""
    ],
    "src": "data/js/programs_all/fholm/IronJS/Src/Tests/ietestcenter/chapter15/15.2/15.2.3/15.2.3.6/15.2.3.6-4-556.js : 52 - 52",
    "filename": "data/js/programs_all/fholm/IronJS/Src/Tests/ietestcenter/chapter15/15.2/15.2.3/15.2.3.6/15.2.3.6-4-556.js"
  },
  {
    "base": "ID:Object",
    "callee": "ID:getOwnPropertyDescriptor",
    "calleeLocation": "334120024360024",
    "arguments": [
      "ID:obj",
      "LIT:prop"
    ],
    "argumentLocations": [
      "334120024610003",
      "334120024660006"
    ],
    "argumentTypes": [
      "unknown",
      "string"
    ],
    "parameters": [
      "",
      ""
    ],
    "src": "data/js/programs_all/fholm/IronJS/Src/Tests/ietestcenter/chapter15/15.2/15.2.3/15.2.3.6/15.2.3.6-4-558.js : 49 - 49",
    "filename": "data/js/programs_all/fholm/IronJS/Src/Tests/ietestcenter/chapter15/15.2/15.2.3/15.2.3.6/15.2.3.6-4-558.js"
  },
  {
    "base": "ID:Object",
    "callee": "ID:getOwnPropertyDescriptor",
    "calleeLocation": "334130023880024",
    "arguments": [
      "ID:obj",
      "LIT:prop"
    ],
    "argumentLocations": [
      "334130024130003",
      "334130024180006"
    ],
    "argumentTypes": [
      "unknown",
      "string"
    ],
    "parameters": [
      "",
      ""
    ],
    "src": "data/js/programs_all/fholm/IronJS/Src/Tests/ietestcenter/chapter15/15.2/15.2.3/15.2.3.6/15.2.3.6-4-561.js : 48 - 48",
    "filename": "data/js/programs_all/fholm/IronJS/Src/Tests/ietestcenter/chapter15/15.2/15.2.3/15.2.3.6/15.2.3.6-4-561.js"
  },
  {
    "base": "ID:Object",
    "callee": "ID:getOwnPropertyDescriptor",
    "calleeLocation": "334130026630024",
    "arguments": [
      "ID:obj",
      "LIT:prop"
    ],
    "argumentLocations": [
      "334130026880003",
      "334130026930006"
    ],
    "argumentTypes": [
      "unknown",
      "string"
    ],
    "parameters": [
      "",
      ""
    ],
    "src": "data/js/programs_all/fholm/IronJS/Src/Tests/ietestcenter/chapter15/15.2/15.2.3/15.2.3.6/15.2.3.6-4-561.js : 58 - 58",
    "filename": "data/js/programs_all/fholm/IronJS/Src/Tests/ietestcenter/chapter15/15.2/15.2.3/15.2.3.6/15.2.3.6-4-561.js"
  },
  {
    "base": "ID:Object",
    "callee": "ID:getOwnPropertyDescriptor",
    "calleeLocation": "334140020690024",
    "arguments": [
      "ID:obj",
      "LIT:prop"
    ],
    "argumentLocations": [
      "334140020940003",
      "334140020990006"
    ],
    "argumentTypes": [
      "unknown",
      "string"
    ],
    "parameters": [
      "",
      ""
    ],
    "src": "data/js/programs_all/fholm/IronJS/Src/Tests/ietestcenter/chapter15/15.2/15.2.3/15.2.3.6/15.2.3.6-4-571.js : 40 - 40",
    "filename": "data/js/programs_all/fholm/IronJS/Src/Tests/ietestcenter/chapter15/15.2/15.2.3/15.2.3.6/15.2.3.6-4-571.js"
  },
  {
    "base": "",
    "callee": "ID:dataPropertyAttributesAreCorrect",
    "calleeLocation": "334150020340032",
    "arguments": [
      "ID:obj",
      "LIT:foo",
      "LIT:101",
      "LIT:true",
      "LIT:true",
      "LIT:true"
    ],
    "argumentLocations": [
      "334150020670003",
      "334150020720005",
      "334150020790003",
      "334150020840004",
      "334150020900004",
      "334150020960004"
    ],
    "argumentTypes": [
      "unknown",
      "string",
      "number",
      "boolean",
      "boolean",
      "boolean"
    ],
    "parameters": [
      "",
      "",
      "",
      "",
      "",
      ""
    ],
    "src": "data/js/programs_all/fholm/IronJS/Src/Tests/ietestcenter/chapter15/15.2/15.2.3/15.2.3.6/15.2.3.6-4-58.js : 35 - 35",
    "filename": "data/js/programs_all/fholm/IronJS/Src/Tests/ietestcenter/chapter15/15.2/15.2.3/15.2.3.6/15.2.3.6-4-58.js"
  },
  {
    "base": "ID:Object",
    "callee": "ID:getOwnPropertyDescriptor",
    "calleeLocation": "334210018380024",
    "arguments": [
      "ID:Object",
      "LIT:getOwnPropertyNames"
    ],
    "argumentLocations": [
      "334210018630006",
      "334210018710021"
    ],
    "argumentTypes": [
      "unknown",
      "string"
    ],
    "parameters": [
      "",
      ""
    ],
    "src": "data/js/programs_all/fholm/IronJS/Src/Tests/ietestcenter/chapter15/15.2/15.2.3/15.2.3.6/15.2.3.6-4-600.js : 29 - 29",
    "filename": "data/js/programs_all/fholm/IronJS/Src/Tests/ietestcenter/chapter15/15.2/15.2.3/15.2.3.6/15.2.3.6-4-600.js"
  },
  {
    "base": "ID:Object",
    "callee": "ID:getOwnPropertyDescriptor",
    "calleeLocation": "334220018330024",
    "arguments": [
      "ID:Object",
      "LIT:defineProperty"
    ],
    "argumentLocations": [
      "334220018580006",
      "334220018660016"
    ],
    "argumentTypes": [
      "unknown",
      "string"
    ],
    "parameters": [
      "",
      ""
    ],
    "src": "data/js/programs_all/fholm/IronJS/Src/Tests/ietestcenter/chapter15/15.2/15.2.3/15.2.3.6/15.2.3.6-4-602.js : 29 - 29",
    "filename": "data/js/programs_all/fholm/IronJS/Src/Tests/ietestcenter/chapter15/15.2/15.2.3/15.2.3.6/15.2.3.6-4-602.js"
  },
  {
    "base": "",
    "callee": "ID:dataPropertyAttributesAreCorrect",
    "calleeLocation": "334230019910032",
    "arguments": [
      "ID:obj",
      "LIT:foo",
      "ID:undefined",
      "LIT:false",
      "LIT:false",
      "LIT:false"
    ],
    "argumentLocations": [
      "334230020240003",
      "334230020290005",
      "334230020360009",
      "334230020470005",
      "334230020540005",
      "334230020610005"
    ],
    "argumentTypes": [
      "unknown",
      "string",
      "undefined",
      "boolean",
      "boolean",
      "boolean"
    ],
    "parameters": [
      "",
      "",
      "",
      "",
      "",
      ""
    ],
    "src": "data/js/programs_all/fholm/IronJS/Src/Tests/ietestcenter/chapter15/15.2/15.2.3/15.2.3.6/15.2.3.6-4-61.js : 35 - 35",
    "filename": "data/js/programs_all/fholm/IronJS/Src/Tests/ietestcenter/chapter15/15.2/15.2.3/15.2.3.6/15.2.3.6-4-61.js"
  },
  {
    "base": "ID:Object",
    "callee": "ID:getOwnPropertyDescriptor",
    "calleeLocation": "334240018330024",
    "arguments": [
      "ID:prototype",
      "LIT:toJSON"
    ],
    "argumentLocations": [
      "334240018580014",
      "334240018740008"
    ],
    "argumentTypes": [
      "unknown",
      "string"
    ],
    "parameters": [
      "",
      ""
    ],
    "src": "data/js/programs_all/fholm/IronJS/Src/Tests/ietestcenter/chapter15/15.2/15.2.3/15.2.3.6/15.2.3.6-4-624.js : 29 - 29",
    "filename": "data/js/programs_all/fholm/IronJS/Src/Tests/ietestcenter/chapter15/15.2/15.2.3/15.2.3.6/15.2.3.6-4-624.js"
  },
  {
    "base": "",
    "callee": "ID:dataPropertyAttributesAreCorrect",
    "calleeLocation": "334260020470032",
    "arguments": [
      "ID:obj",
      "LIT:foo",
      "LIT:102",
      "LIT:true",
      "LIT:true",
      "LIT:true"
    ],
    "argumentLocations": [
      "334260020800003",
      "334260020850005",
      "334260020920003",
      "334260020970004",
      "334260021030004",
      "334260021090004"
    ],
    "argumentTypes": [
      "unknown",
      "string",
      "number",
      "boolean",
      "boolean",
      "boolean"
    ],
    "parameters": [
      "",
      "",
      "",
      "",
      "",
      ""
    ],
    "src": "data/js/programs_all/fholm/IronJS/Src/Tests/ietestcenter/chapter15/15.2/15.2.3/15.2.3.6/15.2.3.6-4-66.js : 35 - 35",
    "filename": "data/js/programs_all/fholm/IronJS/Src/Tests/ietestcenter/chapter15/15.2/15.2.3/15.2.3.6/15.2.3.6-4-66.js"
  },
  {
    "base": "",
    "callee": "ID:dataPropertyAttributesAreCorrect",
    "calleeLocation": "334270020530032",
    "arguments": [
      "ID:obj",
      "LIT:foo",
      "LIT:fghj",
      "LIT:true",
      "LIT:true",
      "LIT:true"
    ],
    "argumentLocations": [
      "334270020860003",
      "334270020910005",
      "334270020980006",
      "334270021060004",
      "334270021120004",
      "334270021180004"
    ],
    "argumentTypes": [
      "unknown",
      "string",
      "string",
      "boolean",
      "boolean",
      "boolean"
    ],
    "parameters": [
      "",
      "",
      "",
      "",
      "",
      ""
    ],
    "src": "data/js/programs_all/fholm/IronJS/Src/Tests/ietestcenter/chapter15/15.2/15.2.3/15.2.3.6/15.2.3.6-4-68.js : 35 - 35",
    "filename": "data/js/programs_all/fholm/IronJS/Src/Tests/ietestcenter/chapter15/15.2/15.2.3/15.2.3.6/15.2.3.6-4-68.js"
  },
  {
    "base": "ID:Object",
    "callee": "ID:defineProperty",
    "calleeLocation": "334280022500014",
    "arguments": [
      "ID:o",
      "LIT:foo",
      "ID:d1"
    ],
    "argumentLocations": [
      "334280022650001",
      "334280022680005",
      "334280022750002"
    ],
    "argumentTypes": [
      "unknown",
      "string",
      "unknown"
    ],
    "parameters": [
      "",
      "",
      ""
    ],
    "src": "data/js/programs_all/fholm/IronJS/Src/Tests/ietestcenter/chapter15/15.2/15.2.3/15.2.3.6/15.2.3.6-4-8.js : 40 - 40",
    "filename": "data/js/programs_all/fholm/IronJS/Src/Tests/ietestcenter/chapter15/15.2/15.2.3/15.2.3.6/15.2.3.6-4-8.js"
  },
  {
    "base": "ID:Object",
    "callee": "ID:defineProperty",
    "calleeLocation": "334280024660014",
    "arguments": [
      "ID:o",
      "LIT:foo",
      "ID:desc"
    ],
    "argumentLocations": [
      "334280024810001",
      "334280024840005",
      "334280024910004"
    ],
    "argumentTypes": [
      "unknown",
      "string",
      "unknown"
    ],
    "parameters": [
      "",
      "",
      ""
    ],
    "src": "data/js/programs_all/fholm/IronJS/Src/Tests/ietestcenter/chapter15/15.2/15.2.3/15.2.3.6/15.2.3.6-4-8.js : 47 - 47",
    "filename": "data/js/programs_all/fholm/IronJS/Src/Tests/ietestcenter/chapter15/15.2/15.2.3/15.2.3.6/15.2.3.6-4-8.js"
  },
  {
    "base": "ID:Object",
    "callee": "ID:getOwnPropertyDescriptor",
    "calleeLocation": "334280026190024",
    "arguments": [
      "ID:o",
      "LIT:foo"
    ],
    "argumentLocations": [
      "334280026440001",
      "334280026470005"
    ],
    "argumentTypes": [
      "unknown",
      "string"
    ],
    "parameters": [
      "",
      ""
    ],
    "src": "data/js/programs_all/fholm/IronJS/Src/Tests/ietestcenter/chapter15/15.2/15.2.3/15.2.3.6/15.2.3.6-4-8.js : 52 - 52",
    "filename": "data/js/programs_all/fholm/IronJS/Src/Tests/ietestcenter/chapter15/15.2/15.2.3/15.2.3.6/15.2.3.6-4-8.js"
  },
  {
    "base": "",
    "callee": "ID:accessorPropertyAttributesAreCorrect",
    "calleeLocation": "334290026580036",
    "arguments": [
      "ID:obj",
      "LIT:foo",
      "ID:get_func",
      "ID:set_func",
      "LIT:verifySetFunction",
      "LIT:true",
      "LIT:false"
    ],
    "argumentLocations": [
      "334290026950003",
      "334290027000005",
      "334290027070008",
      "334290027170008",
      "334290027270019",
      "334290027480004",
      "334290027540005"
    ],
    "argumentTypes": [
      "unknown",
      "string",
      "unknown",
      "unknown",
      "string",
      "boolean",
      "boolean"
    ],
    "parameters": [
      "",
      "",
      "",
      "",
      "",
      "",
      ""
    ],
    "src": "data/js/programs_all/fholm/IronJS/Src/Tests/ietestcenter/chapter15/15.2/15.2.3/15.2.3.6/15.2.3.6-4-82-10.js : 50 - 50",
    "filename": "data/js/programs_all/fholm/IronJS/Src/Tests/ietestcenter/chapter15/15.2/15.2.3/15.2.3.6/15.2.3.6-4-82-10.js"
  },
  {
    "base": "",
    "callee": "ID:dataPropertyAttributesAreCorrect",
    "calleeLocation": "334300023740032",
    "arguments": [
      "ID:obj",
      "LIT:0",
      "LIT:1001",
      "LIT:true",
      "LIT:false",
      "LIT:true"
    ],
    "argumentLocations": [
      "334300024070003",
      "334300024120003",
      "334300024170004",
      "334300024230004",
      "334300024290005",
      "334300024360004"
    ],
    "argumentTypes": [
      "unknown",
      "string",
      "number",
      "boolean",
      "boolean",
      "boolean"
    ],
    "parameters": [
      "",
      "",
      "",
      "",
      "",
      ""
    ],
    "src": "data/js/programs_all/fholm/IronJS/Src/Tests/ietestcenter/chapter15/15.2/15.2.3/15.2.3.6/15.2.3.6-4-82-13.js : 43 - 43",
    "filename": "data/js/programs_all/fholm/IronJS/Src/Tests/ietestcenter/chapter15/15.2/15.2.3/15.2.3.6/15.2.3.6-4-82-13.js"
  },
  {
    "base": "",
    "callee": "ID:dataPropertyAttributesAreCorrect",
    "calleeLocation": "334310024370032",
    "arguments": [
      "ID:obj",
      "LIT:0",
      "LIT:1001",
      "LIT:true",
      "LIT:false",
      "LIT:false"
    ],
    "argumentLocations": [
      "334310024700003",
      "334310024750003",
      "334310024800004",
      "334310024860004",
      "334310024920005",
      "334310024990005"
    ],
    "argumentTypes": [
      "unknown",
      "string",
      "number",
      "boolean",
      "boolean",
      "boolean"
    ],
    "parameters": [
      "",
      "",
      "",
      "",
      "",
      ""
    ],
    "src": "data/js/programs_all/fholm/IronJS/Src/Tests/ietestcenter/chapter15/15.2/15.2.3/15.2.3.6/15.2.3.6-4-82-17.js : 44 - 44",
    "filename": "data/js/programs_all/fholm/IronJS/Src/Tests/ietestcenter/chapter15/15.2/15.2.3/15.2.3.6/15.2.3.6-4-82-17.js"
  },
  {
    "base": "",
    "callee": "ID:accessorPropertyAttributesAreCorrect",
    "calleeLocation": "334320026560036",
    "arguments": [
      "ID:obj",
      "LIT:0",
      "ID:get_func",
      "ID:set_func",
      "LIT:verifySetFunction",
      "LIT:false",
      "LIT:true"
    ],
    "argumentLocations": [
      "334320026930003",
      "334320026980003",
      "334320027030008",
      "334320027130008",
      "334320027230019",
      "334320027440005",
      "334320027510004"
    ],
    "argumentTypes": [
      "unknown",
      "string",
      "unknown",
      "unknown",
      "string",
      "boolean",
      "boolean"
    ],
    "parameters": [
      "",
      "",
      "",
      "",
      "",
      "",
      ""
    ],
    "src": "data/js/programs_all/fholm/IronJS/Src/Tests/ietestcenter/chapter15/15.2/15.2.3/15.2.3.6/15.2.3.6-4-82-20.js : 50 - 50",
    "filename": "data/js/programs_all/fholm/IronJS/Src/Tests/ietestcenter/chapter15/15.2/15.2.3/15.2.3.6/15.2.3.6-4-82-20.js"
  },
  {
    "base": "",
    "callee": "ID:dataPropertyAttributesAreCorrect",
    "calleeLocation": "334330022330032",
    "arguments": [
      "ID:obj",
      "LIT:foo",
      "LIT:null",
      "LIT:false",
      "LIT:false",
      "LIT:false"
    ],
    "argumentLocations": [
      "334330022660003",
      "334330022710005",
      "334330022780004",
      "334330022840005",
      "334330022910005",
      "334330022980005"
    ],
    "argumentTypes": [
      "unknown",
      "string",
      "null",
      "boolean",
      "boolean",
      "boolean"
    ],
    "parameters": [
      "",
      "",
      "",
      "",
      "",
      ""
    ],
    "src": "data/js/programs_all/fholm/IronJS/Src/Tests/ietestcenter/chapter15/15.2/15.2.3/15.2.3.6/15.2.3.6-4-84.js : 43 - 43",
    "filename": "data/js/programs_all/fholm/IronJS/Src/Tests/ietestcenter/chapter15/15.2/15.2.3/15.2.3.6/15.2.3.6-4-84.js"
  },
  {
    "base": "",
    "callee": "ID:dataPropertyAttributesAreCorrect",
    "calleeLocation": "334340021920032",
    "arguments": [
      "ID:obj",
      "LIT:foo",
      "LIT:false",
      "LIT:false",
      "LIT:false",
      "LIT:false"
    ],
    "argumentLocations": [
      "334340022250003",
      "334340022300005",
      "334340022370005",
      "334340022440005",
      "334340022510005",
      "334340022580005"
    ],
    "argumentTypes": [
      "unknown",
      "string",
      "boolean",
      "boolean",
      "boolean",
      "boolean"
    ],
    "parameters": [
      "",
      "",
      "",
      "",
      "",
      ""
    ],
    "src": "data/js/programs_all/fholm/IronJS/Src/Tests/ietestcenter/chapter15/15.2/15.2.3/15.2.3.6/15.2.3.6-4-92.js : 40 - 40",
    "filename": "data/js/programs_all/fholm/IronJS/Src/Tests/ietestcenter/chapter15/15.2/15.2.3/15.2.3.6/15.2.3.6-4-92.js"
  },
  {
    "base": "",
    "callee": "ID:dataPropertyAttributesAreCorrect",
    "calleeLocation": "334350022630032",
    "arguments": [
      "ID:obj",
      "LIT:foo",
      "LIT:false",
      "LIT:false",
      "LIT:false",
      "LIT:false"
    ],
    "argumentLocations": [
      "334350022960003",
      "334350023010005",
      "334350023080005",
      "334350023150005",
      "334350023220005",
      "334350023290005"
    ],
    "argumentTypes": [
      "unknown",
      "string",
      "boolean",
      "boolean",
      "boolean",
      "boolean"
    ],
    "parameters": [
      "",
      "",
      "",
      "",
      "",
      ""
    ],
    "src": "data/js/programs_all/fholm/IronJS/Src/Tests/ietestcenter/chapter15/15.2/15.2.3/15.2.3.6/15.2.3.6-4-93.js : 42 - 42",
    "filename": "data/js/programs_all/fholm/IronJS/Src/Tests/ietestcenter/chapter15/15.2/15.2.3/15.2.3.6/15.2.3.6-4-93.js"
  },
  {
    "base": "",
    "callee": "ID:accessorPropertyAttributesAreCorrect",
    "calleeLocation": "334360024130036",
    "arguments": [
      "ID:obj",
      "LIT:foo",
      "ID:undefined",
      "ID:setFunc",
      "LIT:setVerifyHelpProp",
      "LIT:false",
      "LIT:false"
    ],
    "argumentLocations": [
      "334360024500003",
      "334360024550005",
      "334360024620009",
      "334360024730007",
      "334360024820019",
      "334360025030005",
      "334360025100005"
    ],
    "argumentTypes": [
      "unknown",
      "string",
      "undefined",
      "unknown",
      "string",
      "boolean",
      "boolean"
    ],
    "parameters": [
      "",
      "",
      "",
      "",
      "",
      "",
      ""
    ],
    "src": "data/js/programs_all/fholm/IronJS/Src/Tests/ietestcenter/chapter15/15.2/15.2.3/15.2.3.6/15.2.3.6-4-99.js : 52 - 52",
    "filename": "data/js/programs_all/fholm/IronJS/Src/Tests/ietestcenter/chapter15/15.2/15.2.3/15.2.3.6/15.2.3.6-4-99.js"
  },
  {
    "base": "ID:Object",
    "callee": "ID:defineProperties",
    "calleeLocation": "334380021240016",
    "arguments": [
      "ID:obj",
      "ID:props"
    ],
    "argumentLocations": [
      "334380021410003",
      "334380021460005"
    ],
    "argumentTypes": [
      "unknown",
      "unknown"
    ],
    "parameters": [
      "",
      ""
    ],
    "src": "data/js/programs_all/fholm/IronJS/Src/Tests/ietestcenter/chapter15/15.2/15.2.3/15.2.3.7/15.2.3.7-2-13.js : 43 - 43",
    "filename": "data/js/programs_all/fholm/IronJS/Src/Tests/ietestcenter/chapter15/15.2/15.2.3/15.2.3.7/15.2.3.7-2-13.js"
  },
  {
    "base": "ID:Object",
    "callee": "ID:defineProperties",
    "calleeLocation": "334390022420016",
    "arguments": [
      "ID:obj",
      "ID:props"
    ],
    "argumentLocations": [
      "334390022590003",
      "334390022640005"
    ],
    "argumentTypes": [
      "unknown",
      "unknown"
    ],
    "parameters": [
      "",
      ""
    ],
    "src": "data/js/programs_all/fholm/IronJS/Src/Tests/ietestcenter/chapter15/15.2/15.2.3/15.2.3.7/15.2.3.7-2-16.js : 47 - 47",
    "filename": "data/js/programs_all/fholm/IronJS/Src/Tests/ietestcenter/chapter15/15.2/15.2.3/15.2.3.7/15.2.3.7-2-16.js"
  },
  {
    "base": "ID:Object",
    "callee": "ID:defineProperties",
    "calleeLocation": "334400018950016",
    "arguments": [
      "ID:obj",
      "LIT:"
    ],
    "argumentLocations": [
      "334400019120003",
      "334400019170002"
    ],
    "argumentTypes": [
      "unknown",
      "string"
    ],
    "parameters": [
      "",
      ""
    ],
    "src": "data/js/programs_all/fholm/IronJS/Src/Tests/ietestcenter/chapter15/15.2/15.2.3/15.2.3.7/15.2.3.7-2-7.js : 32 - 32",
    "filename": "data/js/programs_all/fholm/IronJS/Src/Tests/ietestcenter/chapter15/15.2/15.2.3/15.2.3.7/15.2.3.7-2-7.js"
  },
  {
    "base": "ID:Object",
    "callee": "ID:defineProperties",
    "calleeLocation": "334410021660016",
    "arguments": [
      "ID:obj",
      "ID:props"
    ],
    "argumentLocations": [
      "334410021830003",
      "334410021880005"
    ],
    "argumentTypes": [
      "unknown",
      "unknown"
    ],
    "parameters": [
      "",
      ""
    ],
    "src": "data/js/programs_all/fholm/IronJS/Src/Tests/ietestcenter/chapter15/15.2/15.2.3/15.2.3.7/15.2.3.7-2-8.js : 43 - 43",
    "filename": "data/js/programs_all/fholm/IronJS/Src/Tests/ietestcenter/chapter15/15.2/15.2.3/15.2.3.7/15.2.3.7-2-8.js"
  },
  {
    "base": "ID:Object",
    "callee": "ID:defineProperties",
    "calleeLocation": "334420021100016",
    "arguments": [
      "ID:obj",
      "ID:child"
    ],
    "argumentLocations": [
      "334420021270003",
      "334420021320005"
    ],
    "argumentTypes": [
      "unknown",
      "unknown"
    ],
    "parameters": [
      "",
      ""
    ],
    "src": "data/js/programs_all/fholm/IronJS/Src/Tests/ietestcenter/chapter15/15.2/15.2.3/15.2.3.7/15.2.3.7-3-3.js : 44 - 44",
    "filename": "data/js/programs_all/fholm/IronJS/Src/Tests/ietestcenter/chapter15/15.2/15.2.3/15.2.3.7/15.2.3.7-3-3.js"
  },
  {
    "base": "ID:Object",
    "callee": "ID:defineProperties",
    "calleeLocation": "334430020900016",
    "arguments": [
      "ID:obj",
      "ID:props"
    ],
    "argumentLocations": [
      "334430021070003",
      "334430021120005"
    ],
    "argumentTypes": [
      "unknown",
      "unknown"
    ],
    "parameters": [
      "",
      ""
    ],
    "src": "data/js/programs_all/fholm/IronJS/Src/Tests/ietestcenter/chapter15/15.2/15.2.3/15.2.3.7/15.2.3.7-5-a-13.js : 40 - 40",
    "filename": "data/js/programs_all/fholm/IronJS/Src/Tests/ietestcenter/chapter15/15.2/15.2.3/15.2.3.7/15.2.3.7-5-a-13.js"
  },
  {
    "base": "ID:Object",
    "callee": "ID:defineProperties",
    "calleeLocation": "334440019940016",
    "arguments": [
      "ID:obj",
      "ID:JSON"
    ],
    "argumentLocations": [
      "334440020110003",
      "334440020160004"
    ],
    "argumentTypes": [
      "unknown",
      "unknown"
    ],
    "parameters": [
      "",
      ""
    ],
    "src": "data/js/programs_all/fholm/IronJS/Src/Tests/ietestcenter/chapter15/15.2/15.2.3/15.2.3.7/15.2.3.7-5-a-15.js : 36 - 36",
    "filename": "data/js/programs_all/fholm/IronJS/Src/Tests/ietestcenter/chapter15/15.2/15.2.3/15.2.3.7/15.2.3.7-5-a-15.js"
  },
  {
    "base": "ID:Object",
    "callee": "ID:getOwnPropertyDescriptor",
    "calleeLocation": "334640022060024",
    "arguments": [
      "ID:obj",
      "LIT:prop"
    ],
    "argumentLocations": [
      "334640022310003",
      "334640022360006"
    ],
    "argumentTypes": [
      "unknown",
      "string"
    ],
    "parameters": [
      "",
      ""
    ],
    "src": "data/js/programs_all/fholm/IronJS/Src/Tests/ietestcenter/chapter15/15.2/15.2.3/15.2.3.7/15.2.3.7-5-b-236.js : 46 - 46",
    "filename": "data/js/programs_all/fholm/IronJS/Src/Tests/ietestcenter/chapter15/15.2/15.2.3/15.2.3.7/15.2.3.7-5-b-236.js"
  },
  {
    "base": "ID:Object",
    "callee": "ID:defineProperties",
    "calleeLocation": "334660021140016",
    "arguments": [
      "ID:obj",
      "ID:descObj"
    ],
    "argumentLocations": [
      "334660021310003",
      "334660021360007"
    ],
    "argumentTypes": [
      "unknown",
      "unknown"
    ],
    "parameters": [
      "",
      ""
    ],
    "src": "data/js/programs_all/fholm/IronJS/Src/Tests/ietestcenter/chapter15/15.2/15.2.3/15.2.3.7/15.2.3.7-5-b-245.js : 41 - 41",
    "filename": "data/js/programs_all/fholm/IronJS/Src/Tests/ietestcenter/chapter15/15.2/15.2.3/15.2.3.7/15.2.3.7-5-b-245.js"
  },
  {
    "base": "ID:Object",
    "callee": "ID:defineProperties",
    "calleeLocation": "334670021180016",
    "arguments": [
      "ID:obj",
      "ID:descObj"
    ],
    "argumentLocations": [
      "334670021350003",
      "334670021400007"
    ],
    "argumentTypes": [
      "unknown",
      "unknown"
    ],
    "parameters": [
      "",
      ""
    ],
    "src": "data/js/programs_all/fholm/IronJS/Src/Tests/ietestcenter/chapter15/15.2/15.2.3/15.2.3.7/15.2.3.7-5-b-246.js : 41 - 41",
    "filename": "data/js/programs_all/fholm/IronJS/Src/Tests/ietestcenter/chapter15/15.2/15.2.3/15.2.3.7/15.2.3.7-5-b-246.js"
  },
  {
    "base": "",
    "callee": "ID:dataPropertyAttributesAreCorrect",
    "calleeLocation": "334970022920032",
    "arguments": [
      "ID:obj",
      "LIT:prop",
      "LIT:11",
      "LIT:false",
      "LIT:false",
      "LIT:false"
    ],
    "argumentLocations": [
      "334970023250003",
      "334970023300006",
      "334970023380002",
      "334970023420005",
      "334970023490005",
      "334970023560005"
    ],
    "argumentTypes": [
      "unknown",
      "string",
      "number",
      "boolean",
      "boolean",
      "boolean"
    ],
    "parameters": [
      "",
      "",
      "",
      "",
      "",
      ""
    ],
    "src": "data/js/programs_all/fholm/IronJS/Src/Tests/ietestcenter/chapter15/15.2/15.2.3/15.2.3.7/15.2.3.7-6-a-18.js : 47 - 47",
    "filename": "data/js/programs_all/fholm/IronJS/Src/Tests/ietestcenter/chapter15/15.2/15.2.3/15.2.3.7/15.2.3.7-6-a-18.js"
  },
  {
    "base": "",
    "callee": "ID:dataPropertyAttributesAreCorrect",
    "calleeLocation": "335010022190032",
    "arguments": [
      "ID:arr",
      "LIT:0",
      "ID:undefined",
      "LIT:false",
      "LIT:false",
      "LIT:false"
    ],
    "argumentLocations": [
      "335010022520003",
      "335010022570003",
      "335010022620009",
      "335010022730005",
      "335010022800005",
      "335010022870005"
    ],
    "argumentTypes": [
      "unknown",
      "string",
      "undefined",
      "boolean",
      "boolean",
      "boolean"
    ],
    "parameters": [
      "",
      "",
      "",
      "",
      "",
      ""
    ],
    "src": "data/js/programs_all/fholm/IronJS/Src/Tests/ietestcenter/chapter15/15.2/15.2.3/15.2.3.7/15.2.3.7-6-a-226.js : 41 - 41",
    "filename": "data/js/programs_all/fholm/IronJS/Src/Tests/ietestcenter/chapter15/15.2/15.2.3/15.2.3.7/15.2.3.7-6-a-226.js"
  },
  {
    "base": "",
    "callee": "ID:accessorPropertyAttributesAreCorrect",
    "calleeLocation": "335030023400036",
    "arguments": [
      "ID:arr",
      "LIT:1",
      "ID:undefined",
      "ID:undefined",
      "ID:undefined",
      "LIT:false",
      "LIT:false"
    ],
    "argumentLocations": [
      "335030023770003",
      "335030023820003",
      "335030023870009",
      "335030023980009",
      "335030024090009",
      "335030024200005",
      "335030024270005"
    ],
    "argumentTypes": [
      "unknown",
      "string",
      "undefined",
      "undefined",
      "undefined",
      "boolean",
      "boolean"
    ],
    "parameters": [
      "",
      "",
      "",
      "",
      "",
      "",
      ""
    ],
    "src": "data/js/programs_all/fholm/IronJS/Src/Tests/ietestcenter/chapter15/15.2/15.2.3/15.2.3.7/15.2.3.7-6-a-243.js : 41 - 41",
    "filename": "data/js/programs_all/fholm/IronJS/Src/Tests/ietestcenter/chapter15/15.2/15.2.3/15.2.3.7/15.2.3.7-6-a-243.js"
  },
  {
    "base": "",
    "callee": "ID:accessorPropertyAttributesAreCorrect",
    "calleeLocation": "335040026120036",
    "arguments": [
      "ID:arr",
      "LIT:1",
      "ID:get_fun",
      "ID:undefined",
      "ID:undefined",
      "LIT:false",
      "LIT:false"
    ],
    "argumentLocations": [
      "335040026490003",
      "335040026540003",
      "335040026590007",
      "335040026680009",
      "335040026790009",
      "335040026900005",
      "335040026970005"
    ],
    "argumentTypes": [
      "unknown",
      "string",
      "unknown",
      "undefined",
      "undefined",
      "boolean",
      "boolean"
    ],
    "parameters": [
      "",
      "",
      "",
      "",
      "",
      "",
      ""
    ],
    "src": "data/js/programs_all/fholm/IronJS/Src/Tests/ietestcenter/chapter15/15.2/15.2.3/15.2.3.7/15.2.3.7-6-a-244.js : 49 - 49",
    "filename": "data/js/programs_all/fholm/IronJS/Src/Tests/ietestcenter/chapter15/15.2/15.2.3/15.2.3.7/15.2.3.7-6-a-244.js"
  },
  {
    "base": "",
    "callee": "ID:accessorPropertyAttributesAreCorrect",
    "calleeLocation": "335050023790036",
    "arguments": [
      "ID:arr",
      "LIT:0",
      "ID:get_fun",
      "ID:undefined",
      "ID:undefined",
      "LIT:false",
      "LIT:true"
    ],
    "argumentLocations": [
      "335050024160003",
      "335050024210003",
      "335050024260007",
      "335050024350009",
      "335050024460009",
      "335050024570005",
      "335050024640004"
    ],
    "argumentTypes": [
      "unknown",
      "string",
      "unknown",
      "undefined",
      "undefined",
      "boolean",
      "boolean"
    ],
    "parameters": [
      "",
      "",
      "",
      "",
      "",
      "",
      ""
    ],
    "src": "data/js/programs_all/fholm/IronJS/Src/Tests/ietestcenter/chapter15/15.2/15.2.3/15.2.3.7/15.2.3.7-6-a-254.js : 48 - 48",
    "filename": "data/js/programs_all/fholm/IronJS/Src/Tests/ietestcenter/chapter15/15.2/15.2.3/15.2.3.7/15.2.3.7-6-a-254.js"
  },
  {
    "base": "",
    "callee": "ID:accessorPropertyAttributesAreCorrect",
    "calleeLocation": "335060023300036",
    "arguments": [
      "ID:arr",
      "LIT:0",
      "ID:get_fun",
      "ID:undefined",
      "ID:undefined",
      "LIT:false",
      "LIT:true"
    ],
    "argumentLocations": [
      "335060023670003",
      "335060023720003",
      "335060023770007",
      "335060023860009",
      "335060023970009",
      "335060024080005",
      "335060024150004"
    ],
    "argumentTypes": [
      "unknown",
      "string",
      "unknown",
      "undefined",
      "undefined",
      "boolean",
      "boolean"
    ],
    "parameters": [
      "",
      "",
      "",
      "",
      "",
      "",
      ""
    ],
    "src": "data/js/programs_all/fholm/IronJS/Src/Tests/ietestcenter/chapter15/15.2/15.2.3/15.2.3.7/15.2.3.7-6-a-256.js : 46 - 46",
    "filename": "data/js/programs_all/fholm/IronJS/Src/Tests/ietestcenter/chapter15/15.2/15.2.3/15.2.3.7/15.2.3.7-6-a-256.js"
  },
  {
    "base": "",
    "callee": "ID:dataPropertyAttributesAreCorrect",
    "calleeLocation": "335080022020032",
    "arguments": [
      "ID:arr",
      "LIT:property",
      "LIT:12",
      "LIT:true",
      "LIT:true",
      "LIT:true"
    ],
    "argumentLocations": [
      "335080022350003",
      "335080022400010",
      "335080022520002",
      "335080022560004",
      "335080022620004",
      "335080022680004"
    ],
    "argumentTypes": [
      "unknown",
      "string",
      "number",
      "boolean",
      "boolean",
      "boolean"
    ],
    "parameters": [
      "",
      "",
      "",
      "",
      "",
      ""
    ],
    "src": "data/js/programs_all/fholm/IronJS/Src/Tests/ietestcenter/chapter15/15.2/15.2.3/15.2.3.7/15.2.3.7-6-a-266.js : 40 - 40",
    "filename": "data/js/programs_all/fholm/IronJS/Src/Tests/ietestcenter/chapter15/15.2/15.2.3/15.2.3.7/15.2.3.7-6-a-266.js"
  },
  {
    "base": "",
    "callee": "ID:dataPropertyAttributesAreCorrect",
    "calleeLocation": "335090023280032",
    "arguments": [
      "ID:arr",
      "LIT:property",
      "LIT:12",
      "LIT:false",
      "LIT:false",
      "LIT:false"
    ],
    "argumentLocations": [
      "335090023610003",
      "335090023660010",
      "335090023780002",
      "335090023820005",
      "335090023890005",
      "335090023960005"
    ],
    "argumentTypes": [
      "unknown",
      "string",
      "number",
      "boolean",
      "boolean",
      "boolean"
    ],
    "parameters": [
      "",
      "",
      "",
      "",
      "",
      ""
    ],
    "src": "data/js/programs_all/fholm/IronJS/Src/Tests/ietestcenter/chapter15/15.2/15.2.3/15.2.3.7/15.2.3.7-6-a-270.js : 44 - 44",
    "filename": "data/js/programs_all/fholm/IronJS/Src/Tests/ietestcenter/chapter15/15.2/15.2.3/15.2.3.7/15.2.3.7-6-a-270.js"
  },
  {
    "base": "",
    "callee": "ID:dataPropertyAttributesAreCorrect",
    "calleeLocation": "335100025250032",
    "arguments": [
      "ID:arg",
      "LIT:0",
      "LIT:0",
      "LIT:false",
      "LIT:true",
      "LIT:false"
    ],
    "argumentLocations": [
      "335100025580003",
      "335100025630003",
      "335100025680001",
      "335100025710005",
      "335100025780004",
      "335100025840005"
    ],
    "argumentTypes": [
      "unknown",
      "string",
      "number",
      "boolean",
      "boolean",
      "boolean"
    ],
    "parameters": [
      "",
      "",
      "",
      "",
      "",
      ""
    ],
    "src": "data/js/programs_all/fholm/IronJS/Src/Tests/ietestcenter/chapter15/15.2/15.2.3/15.2.3.7/15.2.3.7-6-a-282.js : 52 - 52",
    "filename": "data/js/programs_all/fholm/IronJS/Src/Tests/ietestcenter/chapter15/15.2/15.2.3/15.2.3.7/15.2.3.7-6-a-282.js"
  },
  {
    "base": "",
    "callee": "ID:accessorPropertyAttributesAreCorrect",
    "calleeLocation": "335110025850036",
    "arguments": [
      "ID:arg",
      "LIT:0",
      "ID:get_func2",
      "ID:undefined",
      "ID:undefined",
      "LIT:false",
      "LIT:false"
    ],
    "argumentLocations": [
      "335110026220003",
      "335110026270003",
      "335110026320009",
      "335110026430009",
      "335110026540009",
      "335110026650005",
      "335110026720005"
    ],
    "argumentTypes": [
      "unknown",
      "string",
      "unknown",
      "undefined",
      "undefined",
      "boolean",
      "boolean"
    ],
    "parameters": [
      "",
      "",
      "",
      "",
      "",
      "",
      ""
    ],
    "src": "data/js/programs_all/fholm/IronJS/Src/Tests/ietestcenter/chapter15/15.2/15.2.3/15.2.3.7/15.2.3.7-6-a-292.js : 59 - 59",
    "filename": "data/js/programs_all/fholm/IronJS/Src/Tests/ietestcenter/chapter15/15.2/15.2.3/15.2.3.7/15.2.3.7-6-a-292.js"
  },
  {
    "base": "",
    "callee": "ID:dataPropertyAttributesAreCorrect",
    "calleeLocation": "335120025340032",
    "arguments": [
      "ID:arg",
      "LIT:0",
      "LIT:0",
      "LIT:false",
      "LIT:false",
      "LIT:false"
    ],
    "argumentLocations": [
      "335120025670003",
      "335120025720003",
      "335120025770001",
      "335120025800005",
      "335120025870005",
      "335120025940005"
    ],
    "argumentTypes": [
      "unknown",
      "string",
      "number",
      "boolean",
      "boolean",
      "boolean"
    ],
    "parameters": [
      "",
      "",
      "",
      "",
      "",
      ""
    ],
    "src": "data/js/programs_all/fholm/IronJS/Src/Tests/ietestcenter/chapter15/15.2/15.2.3/15.2.3.7/15.2.3.7-6-a-295.js : 53 - 53",
    "filename": "data/js/programs_all/fholm/IronJS/Src/Tests/ietestcenter/chapter15/15.2/15.2.3/15.2.3.7/15.2.3.7-6-a-295.js"
  },
  {
    "base": "ID:Object",
    "callee": "ID:defineProperty",
    "calleeLocation": "335140021940014",
    "arguments": [
      "ID:obj",
      "LIT:foo",
      "ID:desc"
    ],
    "argumentLocations": [
      "335140022090003",
      "335140022140005",
      "335140022210004"
    ],
    "argumentTypes": [
      "unknown",
      "string",
      "unknown"
    ],
    "parameters": [
      "",
      "",
      ""
    ],
    "src": "data/js/programs_all/fholm/IronJS/Src/Tests/ietestcenter/chapter15/15.2/15.2.3/15.2.3.7/15.2.3.7-6-a-40.js : 45 - 45",
    "filename": "data/js/programs_all/fholm/IronJS/Src/Tests/ietestcenter/chapter15/15.2/15.2.3/15.2.3.7/15.2.3.7-6-a-40.js"
  },
  {
    "base": "",
    "callee": "ID:accessorPropertyAttributesAreCorrect",
    "calleeLocation": "335140024590036",
    "arguments": [
      "ID:obj",
      "LIT:foo",
      "ID:get_func",
      "ID:set_func",
      "LIT:setVerifyHelpProp",
      "LIT:true",
      "LIT:true"
    ],
    "argumentLocations": [
      "335140024960003",
      "335140025010005",
      "335140025080008",
      "335140025180008",
      "335140025280019",
      "335140025490004",
      "335140025550004"
    ],
    "argumentTypes": [
      "unknown",
      "string",
      "unknown",
      "unknown",
      "string",
      "boolean",
      "boolean"
    ],
    "parameters": [
      "",
      "",
      "",
      "",
      "",
      "",
      ""
    ],
    "src": "data/js/programs_all/fholm/IronJS/Src/Tests/ietestcenter/chapter15/15.2/15.2.3/15.2.3.7/15.2.3.7-6-a-40.js : 55 - 55",
    "filename": "data/js/programs_all/fholm/IronJS/Src/Tests/ietestcenter/chapter15/15.2/15.2.3/15.2.3.7/15.2.3.7-6-a-40.js"
  },
  {
    "base": "ID:Object",
    "callee": "ID:defineProperty",
    "calleeLocation": "335150018940014",
    "arguments": [
      "ID:obj",
      "LIT:foo",
      "ID:desc"
    ],
    "argumentLocations": [
      "335150019090003",
      "335150019140005",
      "335150019210004"
    ],
    "argumentTypes": [
      "unknown",
      "string",
      "unknown"
    ],
    "parameters": [
      "",
      "",
      ""
    ],
    "src": "data/js/programs_all/fholm/IronJS/Src/Tests/ietestcenter/chapter15/15.2/15.2.3/15.2.3.7/15.2.3.7-6-a-43.js : 33 - 33",
    "filename": "data/js/programs_all/fholm/IronJS/Src/Tests/ietestcenter/chapter15/15.2/15.2.3/15.2.3.7/15.2.3.7-6-a-43.js"
  },
  {
    "base": "",
    "callee": "ID:dataPropertyAttributesAreCorrect",
    "calleeLocation": "335150020560032",
    "arguments": [
      "ID:obj",
      "LIT:foo",
      "LIT:null",
      "LIT:false",
      "LIT:false",
      "LIT:false"
    ],
    "argumentLocations": [
      "335150020890003",
      "335150020940005",
      "335150021010004",
      "335150021070005",
      "335150021140005",
      "335150021210005"
    ],
    "argumentTypes": [
      "unknown",
      "string",
      "null",
      "boolean",
      "boolean",
      "boolean"
    ],
    "parameters": [
      "",
      "",
      "",
      "",
      "",
      ""
    ],
    "src": "data/js/programs_all/fholm/IronJS/Src/Tests/ietestcenter/chapter15/15.2/15.2.3/15.2.3.7/15.2.3.7-6-a-43.js : 40 - 40",
    "filename": "data/js/programs_all/fholm/IronJS/Src/Tests/ietestcenter/chapter15/15.2/15.2.3/15.2.3.7/15.2.3.7-6-a-43.js"
  },
  {
    "base": "",
    "callee": "ID:accessorPropertyAttributesAreCorrect",
    "calleeLocation": "335160022910036",
    "arguments": [
      "ID:obj",
      "LIT:prop",
      "ID:getFunc",
      "ID:undefined",
      "ID:undefined",
      "LIT:false",
      "LIT:false"
    ],
    "argumentLocations": [
      "335160023280003",
      "335160023330006",
      "335160023410007",
      "335160023500009",
      "335160023610009",
      "335160023720005",
      "335160023790005"
    ],
    "argumentTypes": [
      "unknown",
      "string",
      "unknown",
      "undefined",
      "undefined",
      "boolean",
      "boolean"
    ],
    "parameters": [
      "",
      "",
      "",
      "",
      "",
      "",
      ""
    ],
    "src": "data/js/programs_all/fholm/IronJS/Src/Tests/ietestcenter/chapter15/15.2/15.2.3/15.2.3.7/15.2.3.7-6-a-5.js : 49 - 49",
    "filename": "data/js/programs_all/fholm/IronJS/Src/Tests/ietestcenter/chapter15/15.2/15.2.3/15.2.3.7/15.2.3.7-6-a-5.js"
  },
  {
    "base": "",
    "callee": "ID:dataPropertyAttributesAreCorrect",
    "calleeLocation": "335170021090032",
    "arguments": [
      "ID:obj",
      "LIT:foo",
      "LIT:fghj",
      "LIT:true",
      "LIT:true",
      "LIT:true"
    ],
    "argumentLocations": [
      "335170021420003",
      "335170021470005",
      "335170021540006",
      "335170021620004",
      "335170021680004",
      "335170021740004"
    ],
    "argumentTypes": [
      "unknown",
      "string",
      "string",
      "boolean",
      "boolean",
      "boolean"
    ],
    "parameters": [
      "",
      "",
      "",
      "",
      "",
      ""
    ],
    "src": "data/js/programs_all/fholm/IronJS/Src/Tests/ietestcenter/chapter15/15.2/15.2.3/15.2.3.7/15.2.3.7-6-a-50.js : 39 - 39",
    "filename": "data/js/programs_all/fholm/IronJS/Src/Tests/ietestcenter/chapter15/15.2/15.2.3/15.2.3.7/15.2.3.7-6-a-50.js"
  },
  {
    "base": "ID:Object",
    "callee": "ID:defineProperty",
    "calleeLocation": "335180019550014",
    "arguments": [
      "ID:obj",
      "LIT:foo",
      "ID:desc"
    ],
    "argumentLocations": [
      "335180019700003",
      "335180019750005",
      "335180019820004"
    ],
    "argumentTypes": [
      "unknown",
      "string",
      "unknown"
    ],
    "parameters": [
      "",
      "",
      ""
    ],
    "src": "data/js/programs_all/fholm/IronJS/Src/Tests/ietestcenter/chapter15/15.2/15.2.3/15.2.3.7/15.2.3.7-6-a-56.js : 33 - 33",
    "filename": "data/js/programs_all/fholm/IronJS/Src/Tests/ietestcenter/chapter15/15.2/15.2.3/15.2.3.7/15.2.3.7-6-a-56.js"
  },
  {
    "base": "",
    "callee": "ID:dataPropertyAttributesAreCorrect",
    "calleeLocation": "335180021560032",
    "arguments": [
      "ID:obj",
      "LIT:foo",
      "ID:undefined",
      "LIT:true",
      "LIT:false",
      "LIT:true"
    ],
    "argumentLocations": [
      "335180021890003",
      "335180021940005",
      "335180022010009",
      "335180022120004",
      "335180022180005",
      "335180022250004"
    ],
    "argumentTypes": [
      "unknown",
      "string",
      "undefined",
      "boolean",
      "boolean",
      "boolean"
    ],
    "parameters": [
      "",
      "",
      "",
      "",
      "",
      ""
    ],
    "src": "data/js/programs_all/fholm/IronJS/Src/Tests/ietestcenter/chapter15/15.2/15.2.3/15.2.3.7/15.2.3.7-6-a-56.js : 41 - 41",
    "filename": "data/js/programs_all/fholm/IronJS/Src/Tests/ietestcenter/chapter15/15.2/15.2.3/15.2.3.7/15.2.3.7-6-a-56.js"
  },
  {
    "base": "ID:Object",
    "callee": "ID:getOwnPropertyDescriptor",
    "calleeLocation": "335190025320024",
    "arguments": [
      "ID:obj",
      "LIT:foo"
    ],
    "argumentLocations": [
      "335190025570003",
      "335190025620005"
    ],
    "argumentTypes": [
      "unknown",
      "string"
    ],
    "parameters": [
      "",
      ""
    ],
    "src": "data/js/programs_all/fholm/IronJS/Src/Tests/ietestcenter/chapter15/15.2/15.2.3/15.2.3.7/15.2.3.7-6-a-57.js : 60 - 60",
    "filename": "data/js/programs_all/fholm/IronJS/Src/Tests/ietestcenter/chapter15/15.2/15.2.3/15.2.3.7/15.2.3.7-6-a-57.js"
  },
  {
    "base": "",
    "callee": "ID:accessorPropertyAttributesAreCorrect",
    "calleeLocation": "335200021860036",
    "arguments": [
      "ID:obj",
      "LIT:foo",
      "ID:undefined",
      "ID:set_func",
      "LIT:setVerifyHelpProp",
      "LIT:false",
      "LIT:false"
    ],
    "argumentLocations": [
      "335200022230003",
      "335200022280005",
      "335200022350009",
      "335200022460008",
      "335200022560019",
      "335200022770005",
      "335200022840005"
    ],
    "argumentTypes": [
      "unknown",
      "string",
      "undefined",
      "unknown",
      "string",
      "boolean",
      "boolean"
    ],
    "parameters": [
      "",
      "",
      "",
      "",
      "",
      "",
      ""
    ],
    "src": "data/js/programs_all/fholm/IronJS/Src/Tests/ietestcenter/chapter15/15.2/15.2.3/15.2.3.7/15.2.3.7-6-a-59.js : 45 - 45",
    "filename": "data/js/programs_all/fholm/IronJS/Src/Tests/ietestcenter/chapter15/15.2/15.2.3/15.2.3.7/15.2.3.7-6-a-59.js"
  },
  {
    "base": "",
    "callee": "ID:accessorPropertyAttributesAreCorrect",
    "calleeLocation": "335210022550036",
    "arguments": [
      "ID:obj",
      "LIT:foo",
      "ID:undefined",
      "ID:set_func2",
      "LIT:setVerifyHelpProp",
      "LIT:false",
      "LIT:true"
    ],
    "argumentLocations": [
      "335210022920003",
      "335210022970005",
      "335210023040009",
      "335210023150009",
      "335210023260019",
      "335210023470005",
      "335210023540004"
    ],
    "argumentTypes": [
      "unknown",
      "string",
      "undefined",
      "unknown",
      "string",
      "boolean",
      "boolean"
    ],
    "parameters": [
      "",
      "",
      "",
      "",
      "",
      "",
      ""
    ],
    "src": "data/js/programs_all/fholm/IronJS/Src/Tests/ietestcenter/chapter15/15.2/15.2.3/15.2.3.7/15.2.3.7-6-a-60.js : 48 - 48",
    "filename": "data/js/programs_all/fholm/IronJS/Src/Tests/ietestcenter/chapter15/15.2/15.2.3/15.2.3.7/15.2.3.7-6-a-60.js"
  },
  {
    "base": "",
    "callee": "ID:dataPropertyAttributesAreCorrect",
    "calleeLocation": "335220021370032",
    "arguments": [
      "ID:obj",
      "LIT:foo",
      "LIT:10",
      "LIT:false",
      "LIT:false",
      "LIT:false"
    ],
    "argumentLocations": [
      "335220021700003",
      "335220021750005",
      "335220021820002",
      "335220021860005",
      "335220021930005",
      "335220022000005"
    ],
    "argumentTypes": [
      "unknown",
      "string",
      "number",
      "boolean",
      "boolean",
      "boolean"
    ],
    "parameters": [
      "",
      "",
      "",
      "",
      "",
      ""
    ],
    "src": "data/js/programs_all/fholm/IronJS/Src/Tests/ietestcenter/chapter15/15.2/15.2.3/15.2.3.7/15.2.3.7-6-a-63.js : 42 - 42",
    "filename": "data/js/programs_all/fholm/IronJS/Src/Tests/ietestcenter/chapter15/15.2/15.2.3/15.2.3.7/15.2.3.7-6-a-63.js"
  },
  {
    "base": "",
    "callee": "ID:dataPropertyAttributesAreCorrect",
    "calleeLocation": "335230021350032",
    "arguments": [
      "ID:obj",
      "LIT:foo",
      "LIT:10",
      "LIT:false",
      "LIT:false",
      "LIT:false"
    ],
    "argumentLocations": [
      "335230021680003",
      "335230021730005",
      "335230021800002",
      "335230021840005",
      "335230021910005",
      "335230021980005"
    ],
    "argumentTypes": [
      "unknown",
      "string",
      "number",
      "boolean",
      "boolean",
      "boolean"
    ],
    "parameters": [
      "",
      "",
      "",
      "",
      "",
      ""
    ],
    "src": "data/js/programs_all/fholm/IronJS/Src/Tests/ietestcenter/chapter15/15.2/15.2.3/15.2.3.7/15.2.3.7-6-a-64.js : 42 - 42",
    "filename": "data/js/programs_all/fholm/IronJS/Src/Tests/ietestcenter/chapter15/15.2/15.2.3/15.2.3.7/15.2.3.7-6-a-64.js"
  },
  {
    "base": "ID:Object",
    "callee": "ID:getOwnPropertyDescriptor",
    "calleeLocation": "335240025750024",
    "arguments": [
      "ID:obj",
      "LIT:foo"
    ],
    "argumentLocations": [
      "335240026000003",
      "335240026050005"
    ],
    "argumentTypes": [
      "unknown",
      "string"
    ],
    "parameters": [
      "",
      ""
    ],
    "src": "data/js/programs_all/fholm/IronJS/Src/Tests/ietestcenter/chapter15/15.2/15.2.3/15.2.3.7/15.2.3.7-6-a-67.js : 59 - 59",
    "filename": "data/js/programs_all/fholm/IronJS/Src/Tests/ietestcenter/chapter15/15.2/15.2.3/15.2.3.7/15.2.3.7-6-a-67.js"
  },
  {
    "base": "",
    "callee": "ID:dataPropertyAttributesAreCorrect",
    "calleeLocation": "335260022280032",
    "arguments": [
      "ID:obj",
      "LIT:foo",
      "LIT:abcd",
      "LIT:false",
      "LIT:false",
      "LIT:false"
    ],
    "argumentLocations": [
      "335260022610003",
      "335260022660005",
      "335260022730006",
      "335260022810005",
      "335260022880005",
      "335260022950005"
    ],
    "argumentTypes": [
      "unknown",
      "string",
      "string",
      "boolean",
      "boolean",
      "boolean"
    ],
    "parameters": [
      "",
      "",
      "",
      "",
      "",
      ""
    ],
    "src": "data/js/programs_all/fholm/IronJS/Src/Tests/ietestcenter/chapter15/15.2/15.2.3/15.2.3.7/15.2.3.7-6-a-80.js : 43 - 43",
    "filename": "data/js/programs_all/fholm/IronJS/Src/Tests/ietestcenter/chapter15/15.2/15.2.3/15.2.3.7/15.2.3.7-6-a-80.js"
  },
  {
    "base": "",
    "callee": "ID:dataPropertyAttributesAreCorrect",
    "calleeLocation": "335270023340032",
    "arguments": [
      "ID:obj",
      "LIT:foo",
      "LIT:false",
      "LIT:false",
      "LIT:false",
      "LIT:false"
    ],
    "argumentLocations": [
      "335270023670003",
      "335270023720005",
      "335270023790005",
      "335270023860005",
      "335270023930005",
      "335270024000005"
    ],
    "argumentTypes": [
      "unknown",
      "string",
      "boolean",
      "boolean",
      "boolean",
      "boolean"
    ],
    "parameters": [
      "",
      "",
      "",
      "",
      "",
      ""
    ],
    "src": "data/js/programs_all/fholm/IronJS/Src/Tests/ietestcenter/chapter15/15.2/15.2.3/15.2.3.7/15.2.3.7-6-a-83.js : 46 - 46",
    "filename": "data/js/programs_all/fholm/IronJS/Src/Tests/ietestcenter/chapter15/15.2/15.2.3/15.2.3.7/15.2.3.7-6-a-83.js"
  },
  {
    "base": "ID:Object",
    "callee": "ID:getOwnPropertyDescriptor",
    "calleeLocation": "335280026040024",
    "arguments": [
      "ID:obj",
      "LIT:foo"
    ],
    "argumentLocations": [
      "335280026290003",
      "335280026340005"
    ],
    "argumentTypes": [
      "unknown",
      "string"
    ],
    "parameters": [
      "",
      ""
    ],
    "src": "data/js/programs_all/fholm/IronJS/Src/Tests/ietestcenter/chapter15/15.2/15.2.3/15.2.3.7/15.2.3.7-6-a-88.js : 60 - 60",
    "filename": "data/js/programs_all/fholm/IronJS/Src/Tests/ietestcenter/chapter15/15.2/15.2.3/15.2.3.7/15.2.3.7-6-a-88.js"
  },
  {
    "base": "",
    "callee": "ID:accessorPropertyAttributesAreCorrect",
    "calleeLocation": "335290025820036",
    "arguments": [
      "ID:obj",
      "LIT:foo",
      "ID:get_func1",
      "ID:set_func",
      "LIT:setVerifyHelpProp",
      "LIT:false",
      "LIT:false"
    ],
    "argumentLocations": [
      "335290026190003",
      "335290026240005",
      "335290026310009",
      "335290026420008",
      "335290026520019",
      "335290026730005",
      "335290026800005"
    ],
    "argumentTypes": [
      "unknown",
      "string",
      "unknown",
      "unknown",
      "string",
      "boolean",
      "boolean"
    ],
    "parameters": [
      "",
      "",
      "",
      "",
      "",
      "",
      ""
    ],
    "src": "data/js/programs_all/fholm/IronJS/Src/Tests/ietestcenter/chapter15/15.2/15.2.3/15.2.3.7/15.2.3.7-6-a-91.js : 58 - 58",
    "filename": "data/js/programs_all/fholm/IronJS/Src/Tests/ietestcenter/chapter15/15.2/15.2.3/15.2.3.7/15.2.3.7-6-a-91.js"
  },
  {
    "base": "",
    "callee": "ID:accessorPropertyAttributesAreCorrect",
    "calleeLocation": "335300024900036",
    "arguments": [
      "ID:obj",
      "LIT:foo",
      "ID:undefined",
      "ID:set_func",
      "LIT:setVerifyHelpProp",
      "LIT:false",
      "LIT:false"
    ],
    "argumentLocations": [
      "335300025270003",
      "335300025320005",
      "335300025390009",
      "335300025500008",
      "335300025600019",
      "335300025810005",
      "335300025880005"
    ],
    "argumentTypes": [
      "unknown",
      "string",
      "undefined",
      "unknown",
      "string",
      "boolean",
      "boolean"
    ],
    "parameters": [
      "",
      "",
      "",
      "",
      "",
      "",
      ""
    ],
    "src": "data/js/programs_all/fholm/IronJS/Src/Tests/ietestcenter/chapter15/15.2/15.2.3/15.2.3.7/15.2.3.7-6-a-92.js : 55 - 55",
    "filename": "data/js/programs_all/fholm/IronJS/Src/Tests/ietestcenter/chapter15/15.2/15.2.3/15.2.3.7/15.2.3.7-6-a-92.js"
  },
  {
    "base": "ID:Object",
    "callee": "ID:getOwnPropertyDescriptor",
    "calleeLocation": "335360020070024",
    "arguments": [
      "ID:arrObj",
      "LIT:foo"
    ],
    "argumentLocations": [
      "335360020320006",
      "335360020400005"
    ],
    "argumentTypes": [
      "unknown",
      "string"
    ],
    "parameters": [
      "",
      ""
    ],
    "src": "data/js/programs_all/fholm/IronJS/Src/Tests/ietestcenter/chapter15/15.2/15.2.3/15.2.3.9/15.2.3.9-2-a-10.js : 36 - 36",
    "filename": "data/js/programs_all/fholm/IronJS/Src/Tests/ietestcenter/chapter15/15.2/15.2.3/15.2.3.9/15.2.3.9-2-a-10.js"
  },
  {
    "base": "ID:Object",
    "callee": "ID:getOwnPropertyDescriptor",
    "calleeLocation": "335370019630024",
    "arguments": [
      "ID:obj",
      "LIT:0"
    ],
    "argumentLocations": [
      "335370019880003",
      "335370019930003"
    ],
    "argumentTypes": [
      "unknown",
      "string"
    ],
    "parameters": [
      "",
      ""
    ],
    "src": "data/js/programs_all/fholm/IronJS/Src/Tests/ietestcenter/chapter15/15.2/15.2.3/15.2.3.9/15.2.3.9-2-a-13.js : 36 - 36",
    "filename": "data/js/programs_all/fholm/IronJS/Src/Tests/ietestcenter/chapter15/15.2/15.2.3/15.2.3.9/15.2.3.9-2-a-13.js"
  },
  {
    "base": "ID:Object",
    "callee": "ID:getOwnPropertyDescriptor",
    "calleeLocation": "335380021520024",
    "arguments": [
      "ID:child",
      "LIT:foo"
    ],
    "argumentLocations": [
      "335380021770005",
      "335380021840005"
    ],
    "argumentTypes": [
      "unknown",
      "string"
    ],
    "parameters": [
      "",
      ""
    ],
    "src": "data/js/programs_all/fholm/IronJS/Src/Tests/ietestcenter/chapter15/15.2/15.2.3/15.2.3.9/15.2.3.9-2-a-2.js : 42 - 42",
    "filename": "data/js/programs_all/fholm/IronJS/Src/Tests/ietestcenter/chapter15/15.2/15.2.3/15.2.3.9/15.2.3.9-2-a-2.js"
  },
  {
    "base": "ID:Object",
    "callee": "ID:getOwnPropertyDescriptor",
    "calleeLocation": "335390028780024",
    "arguments": [
      "ID:obj",
      "LIT:foo1"
    ],
    "argumentLocations": [
      "335390029030003",
      "335390029080006"
    ],
    "argumentTypes": [
      "unknown",
      "string"
    ],
    "parameters": [
      "",
      ""
    ],
    "src": "data/js/programs_all/fholm/IronJS/Src/Tests/ietestcenter/chapter15/15.2/15.2.3/15.2.3.9/15.2.3.9-2-c-3.js : 73 - 73",
    "filename": "data/js/programs_all/fholm/IronJS/Src/Tests/ietestcenter/chapter15/15.2/15.2.3/15.2.3.9/15.2.3.9-2-c-3.js"
  },
  {
    "base": "ID:Object",
    "callee": "ID:getOwnPropertyDescriptor",
    "calleeLocation": "335390029440024",
    "arguments": [
      "ID:obj",
      "LIT:foo2"
    ],
    "argumentLocations": [
      "335390029690003",
      "335390029740006"
    ],
    "argumentTypes": [
      "unknown",
      "string"
    ],
    "parameters": [
      "",
      ""
    ],
    "src": "data/js/programs_all/fholm/IronJS/Src/Tests/ietestcenter/chapter15/15.2/15.2.3/15.2.3.9/15.2.3.9-2-c-3.js : 74 - 74",
    "filename": "data/js/programs_all/fholm/IronJS/Src/Tests/ietestcenter/chapter15/15.2/15.2.3/15.2.3.9/15.2.3.9-2-c-3.js"
  },
  {
    "base": "",
    "callee": "ID:dataPropertyAttributesAreCorrect",
    "calleeLocation": "335390030930032",
    "arguments": [
      "ID:obj",
      "LIT:foo1",
      "LIT:10",
      "LIT:false",
      "LIT:true",
      "LIT:false"
    ],
    "argumentLocations": [
      "335390031260003",
      "335390031310006",
      "335390031390002",
      "335390031430005",
      "335390031500004",
      "335390031560005"
    ],
    "argumentTypes": [
      "unknown",
      "string",
      "number",
      "boolean",
      "boolean",
      "boolean"
    ],
    "parameters": [
      "",
      "",
      "",
      "",
      "",
      ""
    ],
    "src": "data/js/programs_all/fholm/IronJS/Src/Tests/ietestcenter/chapter15/15.2/15.2.3/15.2.3.9/15.2.3.9-2-c-3.js : 78 - 78",
    "filename": "data/js/programs_all/fholm/IronJS/Src/Tests/ietestcenter/chapter15/15.2/15.2.3/15.2.3.9/15.2.3.9-2-c-3.js"
  },
  {
    "base": "",
    "callee": "ID:Function",
    "calleeLocation": "335420018150008",
    "arguments": [
      "LIT:a",
      "LIT:a",
      "LIT:return;"
    ],
    "argumentLocations": [
      "335420018240003",
      "335420018280003",
      "335420018320009"
    ],
    "argumentTypes": [
      "string",
      "string",
      "string"
    ],
    "parameters": [
      "",
      "",
      ""
    ],
    "src": "data/js/programs_all/fholm/IronJS/Src/Tests/ietestcenter/chapter15/15.3/15.3.2/15.3.2.1/15.3.2.1-11-1.js : 31 - 31",
    "filename": "data/js/programs_all/fholm/IronJS/Src/Tests/ietestcenter/chapter15/15.3/15.3.2/15.3.2.1/15.3.2.1-11-1.js"
  },
  {
    "base": "ID:bind",
    "callee": "ID:call",
    "calleeLocation": "335430021130004",
    "arguments": [
      "ID:func",
      "ID:obj"
    ],
    "argumentLocations": [
      "335430021180004",
      "335430021240003"
    ],
    "argumentTypes": [
      "unknown",
      "unknown"
    ],
    "parameters": [
      "",
      ""
    ],
    "src": "data/js/programs_all/fholm/IronJS/Src/Tests/ietestcenter/chapter15/15.3/15.3.4/15.3.4.5.1/15.3.4.5.1-4-11.js : 36 - 36",
    "filename": "data/js/programs_all/fholm/IronJS/Src/Tests/ietestcenter/chapter15/15.3/15.3.4/15.3.4.5.1/15.3.4.5.1-4-11.js"
  },
  {
    "base": "ID:bind",
    "callee": "ID:call",
    "calleeLocation": "335440021290004",
    "arguments": [
      "ID:func",
      "ID:obj",
      "LIT:1"
    ],
    "argumentLocations": [
      "335440021340004",
      "335440021400003",
      "335440021450001"
    ],
    "argumentTypes": [
      "unknown",
      "unknown",
      "number"
    ],
    "parameters": [
      "",
      "",
      ""
    ],
    "src": "data/js/programs_all/fholm/IronJS/Src/Tests/ietestcenter/chapter15/15.3/15.3.4/15.3.4.5.1/15.3.4.5.1-4-13.js : 37 - 37",
    "filename": "data/js/programs_all/fholm/IronJS/Src/Tests/ietestcenter/chapter15/15.3/15.3.4/15.3.4.5.1/15.3.4.5.1-4-13.js"
  },
  {
    "base": "ID:bind",
    "callee": "ID:call",
    "calleeLocation": "335470020720004",
    "arguments": [
      "ID:func",
      "ID:obj",
      "LIT:1"
    ],
    "argumentLocations": [
      "335470020770004",
      "335470020830003",
      "335470020880001"
    ],
    "argumentTypes": [
      "unknown",
      "unknown",
      "number"
    ],
    "parameters": [
      "",
      "",
      ""
    ],
    "src": "data/js/programs_all/fholm/IronJS/Src/Tests/ietestcenter/chapter15/15.3/15.3.4/15.3.4.5.1/15.3.4.5.1-4-9.js : 36 - 36",
    "filename": "data/js/programs_all/fholm/IronJS/Src/Tests/ietestcenter/chapter15/15.3/15.3.4/15.3.4.5.1/15.3.4.5.1-4-9.js"
  },
  {
    "base": "ID:foo",
    "callee": "ID:bind",
    "calleeLocation": "335490018630004",
    "arguments": [
      "ID:o",
      "LIT:42"
    ],
    "argumentLocations": [
      "335490018680001",
      "335490018710002"
    ],
    "argumentTypes": [
      "unknown",
      "number"
    ],
    "parameters": [
      "",
      ""
    ],
    "src": "data/js/programs_all/fholm/IronJS/Src/Tests/ietestcenter/chapter15/15.3/15.3.4/15.3.4.5/15.3.4.5-13.b-6.js : 33 - 33",
    "filename": "data/js/programs_all/fholm/IronJS/Src/Tests/ietestcenter/chapter15/15.3/15.3.4/15.3.4.5/15.3.4.5-13.b-6.js"
  },
  {
    "base": "ID:Object",
    "callee": "ID:getOwnPropertyDescriptor",
    "calleeLocation": "335500018690024",
    "arguments": [
      "ID:bf",
      "LIT:length"
    ],
    "argumentLocations": [
      "335500018940002",
      "335500018980008"
    ],
    "argumentTypes": [
      "unknown",
      "string"
    ],
    "parameters": [
      "",
      ""
    ],
    "src": "data/js/programs_all/fholm/IronJS/Src/Tests/ietestcenter/chapter15/15.3/15.3.4/15.3.4.5/15.3.4.5-15-1.js : 34 - 34",
    "filename": "data/js/programs_all/fholm/IronJS/Src/Tests/ietestcenter/chapter15/15.3/15.3.4/15.3.4.5/15.3.4.5-15-1.js"
  },
  {
    "base": "ID:indexOf",
    "callee": "ID:call",
    "calleeLocation": "335620019130004",
    "arguments": [
      "ID:obj",
      "LIT:true"
    ],
    "argumentLocations": [
      "335620019180003",
      "335620019230004"
    ],
    "argumentTypes": [
      "unknown",
      "boolean"
    ],
    "parameters": [
      "",
      ""
    ],
    "src": "data/js/programs_all/fholm/IronJS/Src/Tests/ietestcenter/chapter15/15.4/15.4.4/15.4.4.14/15.4.4.14-1-6.js : 37 - 37",
    "filename": "data/js/programs_all/fholm/IronJS/Src/Tests/ietestcenter/chapter15/15.4/15.4.4/15.4.4.14/15.4.4.14-1-6.js"
  },
  {
    "base": "ID:indexOf",
    "callee": "ID:call",
    "calleeLocation": "335630018340004",
    "arguments": [
      "LIT:abc",
      "LIT:b"
    ],
    "argumentLocations": [
      "335630018390005",
      "335630018460003"
    ],
    "argumentTypes": [
      "string",
      "string"
    ],
    "parameters": [
      "",
      ""
    ],
    "src": "data/js/programs_all/fholm/IronJS/Src/Tests/ietestcenter/chapter15/15.4/15.4.4/15.4.4.14/15.4.4.14-1-7.js : 33 - 33",
    "filename": "data/js/programs_all/fholm/IronJS/Src/Tests/ietestcenter/chapter15/15.4/15.4.4/15.4.4.14/15.4.4.14-1-7.js"
  },
  {
    "base": "ID:indexOf",
    "callee": "ID:call",
    "calleeLocation": "335640019850004",
    "arguments": [
      "ID:f",
      "LIT:1"
    ],
    "argumentLocations": [
      "335640019900001",
      "335640019920001"
    ],
    "argumentTypes": [
      "unknown",
      "number"
    ],
    "parameters": [
      "",
      ""
    ],
    "src": "data/js/programs_all/fholm/IronJS/Src/Tests/ietestcenter/chapter15/15.4/15.4.4/15.4.4.14/15.4.4.14-10-2.js : 36 - 36",
    "filename": "data/js/programs_all/fholm/IronJS/Src/Tests/ietestcenter/chapter15/15.4/15.4.4/15.4.4.14/15.4.4.14-10-2.js"
  },
  {
    "base": "ID:indexOf",
    "callee": "ID:call",
    "calleeLocation": "335650019480004",
    "arguments": [
      "ID:objOne",
      "LIT:true"
    ],
    "argumentLocations": [
      "335650019530006",
      "335650019610004"
    ],
    "argumentTypes": [
      "unknown",
      "boolean"
    ],
    "parameters": [
      "",
      ""
    ],
    "src": "data/js/programs_all/fholm/IronJS/Src/Tests/ietestcenter/chapter15/15.4/15.4.4/15.4.4.14/15.4.4.14-2-1.js : 33 - 33",
    "filename": "data/js/programs_all/fholm/IronJS/Src/Tests/ietestcenter/chapter15/15.4/15.4.4/15.4.4.14/15.4.4.14-2-1.js"
  },
  {
    "base": "ID:indexOf",
    "callee": "ID:call",
    "calleeLocation": "335650020120004",
    "arguments": [
      "ID:objTwo",
      "LIT:true"
    ],
    "argumentLocations": [
      "335650020170006",
      "335650020250004"
    ],
    "argumentTypes": [
      "unknown",
      "boolean"
    ],
    "parameters": [
      "",
      ""
    ],
    "src": "data/js/programs_all/fholm/IronJS/Src/Tests/ietestcenter/chapter15/15.4/15.4.4/15.4.4.14/15.4.4.14-2-1.js : 34 - 34",
    "filename": "data/js/programs_all/fholm/IronJS/Src/Tests/ietestcenter/chapter15/15.4/15.4.4/15.4.4.14/15.4.4.14-2-1.js"
  },
  {
    "base": "ID:indexOf",
    "callee": "ID:call",
    "calleeLocation": "335660020860004",
    "arguments": [
      "ID:child",
      "LIT:true"
    ],
    "argumentLocations": [
      "335660020910005",
      "335660020980004"
    ],
    "argumentTypes": [
      "unknown",
      "boolean"
    ],
    "parameters": [
      "",
      ""
    ],
    "src": "data/js/programs_all/fholm/IronJS/Src/Tests/ietestcenter/chapter15/15.4/15.4.4/15.4.4.14/15.4.4.14-2-3.js : 41 - 41",
    "filename": "data/js/programs_all/fholm/IronJS/Src/Tests/ietestcenter/chapter15/15.4/15.4.4/15.4.4.14/15.4.4.14-2-3.js"
  },
  {
    "base": "ID:indexOf",
    "callee": "ID:call",
    "calleeLocation": "335670019260004",
    "arguments": [
      "ID:obj",
      "LIT:true"
    ],
    "argumentLocations": [
      "335670019310003",
      "335670019360004"
    ],
    "argumentTypes": [
      "unknown",
      "boolean"
    ],
    "parameters": [
      "",
      ""
    ],
    "src": "data/js/programs_all/fholm/IronJS/Src/Tests/ietestcenter/chapter15/15.4/15.4.4/15.4.4.14/15.4.4.14-3-18.js : 34 - 34",
    "filename": "data/js/programs_all/fholm/IronJS/Src/Tests/ietestcenter/chapter15/15.4/15.4.4/15.4.4.14/15.4.4.14-3-18.js"
  },
  {
    "base": "ID:indexOf",
    "callee": "ID:call",
    "calleeLocation": "335690020360004",
    "arguments": [
      "ID:obj",
      "ID:targetObj"
    ],
    "argumentLocations": [
      "335690020410003",
      "335690020460009"
    ],
    "argumentTypes": [
      "unknown",
      "unknown"
    ],
    "parameters": [
      "",
      ""
    ],
    "src": "data/js/programs_all/fholm/IronJS/Src/Tests/ietestcenter/chapter15/15.4/15.4.4/15.4.4.14/15.4.4.14-3-28.js : 39 - 39",
    "filename": "data/js/programs_all/fholm/IronJS/Src/Tests/ietestcenter/chapter15/15.4/15.4.4/15.4.4.14/15.4.4.14-3-28.js"
  },
  {
    "base": "ID:a",
    "callee": "ID:indexOf",
    "calleeLocation": "335720018060007",
    "arguments": [
      "LIT:2",
      "LIT:2"
    ],
    "argumentLocations": [
      "335720018140001",
      "335720018160003"
    ],
    "argumentTypes": [
      "number",
      "string"
    ],
    "parameters": [
      "",
      ""
    ],
    "src": "data/js/programs_all/fholm/IronJS/Src/Tests/ietestcenter/chapter15/15.4/15.4.4/15.4.4.14/15.4.4.14-5-1.js : 31 - 31",
    "filename": "data/js/programs_all/fholm/IronJS/Src/Tests/ietestcenter/chapter15/15.4/15.4.4/15.4.4.14/15.4.4.14-5-1.js"
  },
  {
    "base": "ID:a",
    "callee": "ID:indexOf",
    "calleeLocation": "335720018700007",
    "arguments": [
      "LIT:2",
      "LIT:one"
    ],
    "argumentLocations": [
      "335720018780001",
      "335720018800005"
    ],
    "argumentTypes": [
      "number",
      "string"
    ],
    "parameters": [
      "",
      ""
    ],
    "src": "data/js/programs_all/fholm/IronJS/Src/Tests/ietestcenter/chapter15/15.4/15.4.4/15.4.4.14/15.4.4.14-5-1.js : 32 - 32",
    "filename": "data/js/programs_all/fholm/IronJS/Src/Tests/ietestcenter/chapter15/15.4/15.4.4/15.4.4.14/15.4.4.14-5-1.js"
  },
  {
    "base": "ID:Math",
    "callee": "ID:pow",
    "calleeLocation": "335740018590003",
    "arguments": [
      "LIT:2",
      "LIT:32"
    ],
    "argumentLocations": [
      "335740018630001",
      "335740018660002"
    ],
    "argumentTypes": [
      "number",
      "number"
    ],
    "parameters": [
      "",
      ""
    ],
    "src": "data/js/programs_all/fholm/IronJS/Src/Tests/ietestcenter/chapter15/15.4/15.4.4/15.4.4.14/15.4.4.14-5-12.js : 32 - 32",
    "filename": "data/js/programs_all/fholm/IronJS/Src/Tests/ietestcenter/chapter15/15.4/15.4.4/15.4.4.14/15.4.4.14-5-12.js"
  },
  {
    "base": "ID:arr",
    "callee": "ID:indexOf",
    "calleeLocation": "335740019410007",
    "arguments": [
      "LIT:true",
      "ID:Infinity"
    ],
    "argumentLocations": [
      "335740019490004",
      "335740019550008"
    ],
    "argumentTypes": [
      "boolean",
      "unknown"
    ],
    "parameters": [
      "",
      ""
    ],
    "src": "data/js/programs_all/fholm/IronJS/Src/Tests/ietestcenter/chapter15/15.4/15.4.4/15.4.4.14/15.4.4.14-5-12.js : 33 - 33",
    "filename": "data/js/programs_all/fholm/IronJS/Src/Tests/ietestcenter/chapter15/15.4/15.4.4/15.4.4.14/15.4.4.14-5-12.js"
  },
  {
    "base": "ID:indexOf",
    "callee": "ID:call",
    "calleeLocation": "335770022830004",
    "arguments": [
      "ID:obj",
      "ID:undefined",
      "ID:fromIndex"
    ],
    "argumentLocations": [
      "335770022880003",
      "335770022930009",
      "335770023040009"
    ],
    "argumentTypes": [
      "unknown",
      "undefined",
      "unknown"
    ],
    "parameters": [
      "",
      "",
      ""
    ],
    "src": "data/js/programs_all/fholm/IronJS/Src/Tests/ietestcenter/chapter15/15.4/15.4.4/15.4.4.14/15.4.4.14-5-29.js : 50 - 50",
    "filename": "data/js/programs_all/fholm/IronJS/Src/Tests/ietestcenter/chapter15/15.4/15.4.4/15.4.4.14/15.4.4.14-5-29.js"
  },
  {
    "base": "ID:indexOf",
    "callee": "ID:call",
    "calleeLocation": "335810020810004",
    "arguments": [
      "ID:arr",
      "LIT:length"
    ],
    "argumentLocations": [
      "335810020860003",
      "335810020910008"
    ],
    "argumentTypes": [
      "unknown",
      "string"
    ],
    "parameters": [
      "",
      ""
    ],
    "src": "data/js/programs_all/fholm/IronJS/Src/Tests/ietestcenter/chapter15/15.4/15.4.4/15.4.4.14/15.4.4.14-9-a-1.js : 42 - 42",
    "filename": "data/js/programs_all/fholm/IronJS/Src/Tests/ietestcenter/chapter15/15.4/15.4.4/15.4.4.14/15.4.4.14-9-a-1.js"
  },
  {
    "base": "ID:indexOf",
    "callee": "ID:call",
    "calleeLocation": "335830024010004",
    "arguments": [
      "ID:obj",
      "LIT:0"
    ],
    "argumentLocations": [
      "335830024060003",
      "335830024110001"
    ],
    "argumentTypes": [
      "unknown",
      "number"
    ],
    "parameters": [
      "",
      ""
    ],
    "src": "data/js/programs_all/fholm/IronJS/Src/Tests/ietestcenter/chapter15/15.4/15.4.4/15.4.4.14/15.4.4.14-9-b-i-10.js : 54 - 54",
    "filename": "data/js/programs_all/fholm/IronJS/Src/Tests/ietestcenter/chapter15/15.4/15.4.4/15.4.4.14/15.4.4.14-9-b-i-10.js"
  },
  {
    "base": "ID:indexOf",
    "callee": "ID:call",
    "calleeLocation": "335830024590004",
    "arguments": [
      "ID:obj",
      "LIT:1"
    ],
    "argumentLocations": [
      "335830024640003",
      "335830024690001"
    ],
    "argumentTypes": [
      "unknown",
      "number"
    ],
    "parameters": [
      "",
      ""
    ],
    "src": "data/js/programs_all/fholm/IronJS/Src/Tests/ietestcenter/chapter15/15.4/15.4.4/15.4.4.14/15.4.4.14-9-b-i-10.js : 55 - 55",
    "filename": "data/js/programs_all/fholm/IronJS/Src/Tests/ietestcenter/chapter15/15.4/15.4.4/15.4.4.14/15.4.4.14-9-b-i-10.js"
  },
  {
    "base": "ID:indexOf",
    "callee": "ID:call",
    "calleeLocation": "335830025170004",
    "arguments": [
      "ID:obj",
      "LIT:2"
    ],
    "argumentLocations": [
      "335830025220003",
      "335830025270001"
    ],
    "argumentTypes": [
      "unknown",
      "number"
    ],
    "parameters": [
      "",
      ""
    ],
    "src": "data/js/programs_all/fholm/IronJS/Src/Tests/ietestcenter/chapter15/15.4/15.4.4/15.4.4.14/15.4.4.14-9-b-i-10.js : 56 - 56",
    "filename": "data/js/programs_all/fholm/IronJS/Src/Tests/ietestcenter/chapter15/15.4/15.4.4/15.4.4.14/15.4.4.14-9-b-i-10.js"
  },
  {
    "base": "ID:lastIndexOf",
    "callee": "ID:call",
    "calleeLocation": "335930018830004",
    "arguments": [
      "ID:obj",
      "LIT:f"
    ],
    "argumentLocations": [
      "335930018880003",
      "335930018930003"
    ],
    "argumentTypes": [
      "unknown",
      "string"
    ],
    "parameters": [
      "",
      ""
    ],
    "src": "data/js/programs_all/fholm/IronJS/Src/Tests/ietestcenter/chapter15/15.4/15.4.4/15.4.4.15/15.4.4.15-1-8.js : 35 - 35",
    "filename": "data/js/programs_all/fholm/IronJS/Src/Tests/ietestcenter/chapter15/15.4/15.4.4/15.4.4.15/15.4.4.15-1-8.js"
  },
  {
    "base": "ID:lastIndexOf",
    "callee": "ID:call",
    "calleeLocation": "335940019230004",
    "arguments": [
      "ID:obj",
      "LIT:null"
    ],
    "argumentLocations": [
      "335940019280003",
      "335940019330004"
    ],
    "argumentTypes": [
      "unknown",
      "null"
    ],
    "parameters": [
      "",
      ""
    ],
    "src": "data/js/programs_all/fholm/IronJS/Src/Tests/ietestcenter/chapter15/15.4/15.4.4/15.4.4.15/15.4.4.15-2-1.js : 33 - 33",
    "filename": "data/js/programs_all/fholm/IronJS/Src/Tests/ietestcenter/chapter15/15.4/15.4.4/15.4.4.15/15.4.4.15-2-1.js"
  },
  {
    "base": "ID:lastIndexOf",
    "callee": "ID:call",
    "calleeLocation": "335940019880004",
    "arguments": [
      "ID:obj",
      "ID:undefined"
    ],
    "argumentLocations": [
      "335940019930003",
      "335940019980009"
    ],
    "argumentTypes": [
      "unknown",
      "undefined"
    ],
    "parameters": [
      "",
      ""
    ],
    "src": "data/js/programs_all/fholm/IronJS/Src/Tests/ietestcenter/chapter15/15.4/15.4.4/15.4.4.15/15.4.4.15-2-1.js : 34 - 34",
    "filename": "data/js/programs_all/fholm/IronJS/Src/Tests/ietestcenter/chapter15/15.4/15.4.4/15.4.4.15/15.4.4.15-2-1.js"
  },
  {
    "base": "ID:lastIndexOf",
    "callee": "ID:call",
    "calleeLocation": "335950022100004",
    "arguments": [
      "ID:child",
      "LIT:1"
    ],
    "argumentLocations": [
      "335950022150005",
      "335950022220001"
    ],
    "argumentTypes": [
      "unknown",
      "number"
    ],
    "parameters": [
      "",
      ""
    ],
    "src": "data/js/programs_all/fholm/IronJS/Src/Tests/ietestcenter/chapter15/15.4/15.4.4/15.4.4.15/15.4.4.15-2-10.js : 47 - 47",
    "filename": "data/js/programs_all/fholm/IronJS/Src/Tests/ietestcenter/chapter15/15.4/15.4.4/15.4.4.15/15.4.4.15-2-10.js"
  },
  {
    "base": "ID:lastIndexOf",
    "callee": "ID:call",
    "calleeLocation": "335950022740004",
    "arguments": [
      "ID:child",
      "LIT:2"
    ],
    "argumentLocations": [
      "335950022790005",
      "335950022860001"
    ],
    "argumentTypes": [
      "unknown",
      "number"
    ],
    "parameters": [
      "",
      ""
    ],
    "src": "data/js/programs_all/fholm/IronJS/Src/Tests/ietestcenter/chapter15/15.4/15.4.4/15.4.4.15/15.4.4.15-2-10.js : 48 - 48",
    "filename": "data/js/programs_all/fholm/IronJS/Src/Tests/ietestcenter/chapter15/15.4/15.4.4/15.4.4.15/15.4.4.15-2-10.js"
  },
  {
    "base": "ID:lastIndexOf",
    "callee": "ID:call",
    "calleeLocation": "335960020490004",
    "arguments": [
      "ID:obj",
      "LIT:1"
    ],
    "argumentLocations": [
      "335960020540003",
      "335960020590001"
    ],
    "argumentTypes": [
      "unknown",
      "number"
    ],
    "parameters": [
      "",
      ""
    ],
    "src": "data/js/programs_all/fholm/IronJS/Src/Tests/ietestcenter/chapter15/15.4/15.4.4/15.4.4.15/15.4.4.15-2-11.js : 38 - 38",
    "filename": "data/js/programs_all/fholm/IronJS/Src/Tests/ietestcenter/chapter15/15.4/15.4.4/15.4.4.15/15.4.4.15-2-11.js"
  },
  {
    "base": "ID:lastIndexOf",
    "callee": "ID:call",
    "calleeLocation": "335970019780004",
    "arguments": [
      "ID:str",
      "LIT:2"
    ],
    "argumentLocations": [
      "335970019830003",
      "335970019880003"
    ],
    "argumentTypes": [
      "unknown",
      "string"
    ],
    "parameters": [
      "",
      ""
    ],
    "src": "data/js/programs_all/fholm/IronJS/Src/Tests/ietestcenter/chapter15/15.4/15.4.4/15.4.4.15/15.4.4.15-2-18.js : 36 - 36",
    "filename": "data/js/programs_all/fholm/IronJS/Src/Tests/ietestcenter/chapter15/15.4/15.4.4/15.4.4.15/15.4.4.15-2-18.js"
  },
  {
    "base": "ID:lastIndexOf",
    "callee": "ID:call",
    "calleeLocation": "335970020460004",
    "arguments": [
      "ID:str",
      "LIT:3"
    ],
    "argumentLocations": [
      "335970020510003",
      "335970020560003"
    ],
    "argumentTypes": [
      "unknown",
      "string"
    ],
    "parameters": [
      "",
      ""
    ],
    "src": "data/js/programs_all/fholm/IronJS/Src/Tests/ietestcenter/chapter15/15.4/15.4.4/15.4.4.15/15.4.4.15-2-18.js : 37 - 37",
    "filename": "data/js/programs_all/fholm/IronJS/Src/Tests/ietestcenter/chapter15/15.4/15.4.4/15.4.4.15/15.4.4.15-2-18.js"
  },
  {
    "base": "ID:lastIndexOf",
    "callee": "ID:call",
    "calleeLocation": "335980019410004",
    "arguments": [
      "ID:obj",
      "LIT:null"
    ],
    "argumentLocations": [
      "335980019460003",
      "335980019510004"
    ],
    "argumentTypes": [
      "unknown",
      "null"
    ],
    "parameters": [
      "",
      ""
    ],
    "src": "data/js/programs_all/fholm/IronJS/Src/Tests/ietestcenter/chapter15/15.4/15.4.4/15.4.4.15/15.4.4.15-3-12.js : 34 - 34",
    "filename": "data/js/programs_all/fholm/IronJS/Src/Tests/ietestcenter/chapter15/15.4/15.4.4/15.4.4.15/15.4.4.15-3-12.js"
  },
  {
    "base": "ID:lastIndexOf",
    "callee": "ID:call",
    "calleeLocation": "335980020060004",
    "arguments": [
      "ID:obj",
      "ID:undefined"
    ],
    "argumentLocations": [
      "335980020110003",
      "335980020160009"
    ],
    "argumentTypes": [
      "unknown",
      "undefined"
    ],
    "parameters": [
      "",
      ""
    ],
    "src": "data/js/programs_all/fholm/IronJS/Src/Tests/ietestcenter/chapter15/15.4/15.4.4/15.4.4.15/15.4.4.15-3-12.js : 35 - 35",
    "filename": "data/js/programs_all/fholm/IronJS/Src/Tests/ietestcenter/chapter15/15.4/15.4.4/15.4.4.15/15.4.4.15-3-12.js"
  },
  {
    "base": "ID:lastIndexOf",
    "callee": "ID:call",
    "calleeLocation": "336000020850004",
    "arguments": [
      "ID:undefined",
      "ID:undefined",
      "ID:fromIndex"
    ],
    "argumentLocations": [
      "336000020900009",
      "336000021010009",
      "336000021120009"
    ],
    "argumentTypes": [
      "undefined",
      "undefined",
      "unknown"
    ],
    "parameters": [
      "",
      "",
      ""
    ],
    "src": "data/js/programs_all/fholm/IronJS/Src/Tests/ietestcenter/chapter15/15.4/15.4.4/15.4.4.15/15.4.4.15-5-28.js : 41 - 41",
    "filename": "data/js/programs_all/fholm/IronJS/Src/Tests/ietestcenter/chapter15/15.4/15.4.4/15.4.4.15/15.4.4.15-5-28.js"
  }
]