[
  {
    "base": "",
    "callee": "ID:foo",
    "calleeLocation": "702080003630003",
    "arguments": [
      "LIT:10",
      "LIT:sss",
      "LIT:1"
    ],
    "argumentLocations": [
      "702080003670002",
      "702080003700005",
      "702080003760001"
    ],
    "argumentTypes": [
      "number",
      "string",
      "number"
    ],
    "parameters": [
      "ID:a",
      "ID:b",
      "ID:c"
    ],
    "src": "data/js/programs_all/sebastienros/jint/Jint.Tests.Ecma/TestCases/ch10/10.6/10.6-10-c-ii-1.js : 15 - 15",
    "filename": "data/js/programs_all/sebastienros/jint/Jint.Tests.Ecma/TestCases/ch10/10.6/10.6-10-c-ii-1.js"
  },
  {
    "base": "",
    "callee": "ID:foo",
    "calleeLocation": "702090004040003",
    "arguments": [
      "LIT:10",
      "LIT:sss",
      "LIT:1"
    ],
    "argumentLocations": [
      "702090004080002",
      "702090004110005",
      "702090004170001"
    ],
    "argumentTypes": [
      "number",
      "string",
      "number"
    ],
    "parameters": [
      "ID:a",
      "ID:b",
      "ID:c"
    ],
    "src": "data/js/programs_all/sebastienros/jint/Jint.Tests.Ecma/TestCases/ch10/10.6/10.6-10-c-ii-2-s.js : 17 - 17",
    "filename": "data/js/programs_all/sebastienros/jint/Jint.Tests.Ecma/TestCases/ch10/10.6/10.6-10-c-ii-2-s.js"
  },
  {
    "base": "ID:Object",
    "callee": "ID:getOwnPropertyDescriptor",
    "calleeLocation": "702100002090024",
    "arguments": [
      "ID:arguments",
      "LIT:callee"
    ],
    "argumentLocations": [
      "702100002340009",
      "702100002440008"
    ],
    "argumentTypes": [
      "unknown",
      "string"
    ],
    "parameters": [
      "",
      ""
    ],
    "src": "data/js/programs_all/sebastienros/jint/Jint.Tests.Ecma/TestCases/ch10/10.6/10.6-12-2.js : 10 - 10",
    "filename": "data/js/programs_all/sebastienros/jint/Jint.Tests.Ecma/TestCases/ch10/10.6/10.6-12-2.js"
  },
  {
    "base": "ID:Object",
    "callee": "ID:getOwnPropertyDescriptor",
    "calleeLocation": "702110002610024",
    "arguments": [
      "ID:arguments",
      "LIT:caller"
    ],
    "argumentLocations": [
      "702110002860009",
      "702110002960008"
    ],
    "argumentTypes": [
      "unknown",
      "string"
    ],
    "parameters": [
      "",
      ""
    ],
    "src": "data/js/programs_all/sebastienros/jint/Jint.Tests.Ecma/TestCases/ch10/10.6/10.6-13-b-3-s.js : 12 - 12",
    "filename": "data/js/programs_all/sebastienros/jint/Jint.Tests.Ecma/TestCases/ch10/10.6/10.6-13-b-3-s.js"
  },
  {
    "base": "ID:Object",
    "callee": "ID:getOwnPropertyDescriptor",
    "calleeLocation": "702130002600024",
    "arguments": [
      "ID:arguments",
      "LIT:callee"
    ],
    "argumentLocations": [
      "702130002850009",
      "702130002950008"
    ],
    "argumentTypes": [
      "unknown",
      "string"
    ],
    "parameters": [
      "",
      ""
    ],
    "src": "data/js/programs_all/sebastienros/jint/Jint.Tests.Ecma/TestCases/ch10/10.6/10.6-13-c-3-s.js : 12 - 12",
    "filename": "data/js/programs_all/sebastienros/jint/Jint.Tests.Ecma/TestCases/ch10/10.6/10.6-13-c-3-s.js"
  },
  {
    "base": "ID:Object",
    "callee": "ID:getOwnPropertyDescriptor",
    "calleeLocation": "702150002120024",
    "arguments": [
      "ID:arguments",
      "LIT:length"
    ],
    "argumentLocations": [
      "702150002370009",
      "702150002470008"
    ],
    "argumentTypes": [
      "unknown",
      "string"
    ],
    "parameters": [
      "",
      ""
    ],
    "src": "data/js/programs_all/sebastienros/jint/Jint.Tests.Ecma/TestCases/ch10/10.6/10.6-6-1.js : 10 - 10",
    "filename": "data/js/programs_all/sebastienros/jint/Jint.Tests.Ecma/TestCases/ch10/10.6/10.6-6-1.js"
  },
  {
    "base": "",
    "callee": "ID:f_arg",
    "calleeLocation": "702950002710005",
    "arguments": [
      "LIT:1",
      "LIT:2",
      "LIT:3"
    ],
    "argumentLocations": [
      "702950002770001",
      "702950002790001",
      "702950002810001"
    ],
    "argumentTypes": [
      "number",
      "number",
      "number"
    ],
    "parameters": [
      "",
      "",
      ""
    ],
    "src": "data/js/programs_all/sebastienros/jint/Jint.Tests.Ecma/TestCases/ch11/11.2/11.2.4/S11.2.4_A1.2_T1.js : 14 - 14",
    "filename": "data/js/programs_all/sebastienros/jint/Jint.Tests.Ecma/TestCases/ch11/11.2/11.2.4/S11.2.4_A1.2_T1.js"
  },
  {
    "base": "",
    "callee": "ID:f_arg",
    "calleeLocation": "702950003950005",
    "arguments": [
      "LIT:1",
      "LIT:2",
      "LIT:3"
    ],
    "argumentLocations": [
      "702950004010001",
      "702950004030001",
      "702950004050001"
    ],
    "argumentTypes": [
      "number",
      "number",
      "number"
    ],
    "parameters": [
      "",
      "",
      ""
    ],
    "src": "data/js/programs_all/sebastienros/jint/Jint.Tests.Ecma/TestCases/ch11/11.2/11.2.4/S11.2.4_A1.2_T1.js : 15 - 15",
    "filename": "data/js/programs_all/sebastienros/jint/Jint.Tests.Ecma/TestCases/ch11/11.2/11.2.4/S11.2.4_A1.2_T1.js"
  },
  {
    "base": "",
    "callee": "ID:f_arg",
    "calleeLocation": "702950004350005",
    "arguments": [
      "LIT:1",
      "LIT:2",
      "LIT:3"
    ],
    "argumentLocations": [
      "702950004410001",
      "702950004430001",
      "702950004450001"
    ],
    "argumentTypes": [
      "number",
      "number",
      "number"
    ],
    "parameters": [
      "",
      "",
      ""
    ],
    "src": "data/js/programs_all/sebastienros/jint/Jint.Tests.Ecma/TestCases/ch11/11.2/11.2.4/S11.2.4_A1.2_T1.js : 19 - 19",
    "filename": "data/js/programs_all/sebastienros/jint/Jint.Tests.Ecma/TestCases/ch11/11.2/11.2.4/S11.2.4_A1.2_T1.js"
  },
  {
    "base": "",
    "callee": "ID:f_arg",
    "calleeLocation": "702950005510005",
    "arguments": [
      "LIT:1",
      "LIT:2",
      "LIT:3"
    ],
    "argumentLocations": [
      "702950005570001",
      "702950005590001",
      "702950005610001"
    ],
    "argumentTypes": [
      "number",
      "number",
      "number"
    ],
    "parameters": [
      "",
      "",
      ""
    ],
    "src": "data/js/programs_all/sebastienros/jint/Jint.Tests.Ecma/TestCases/ch11/11.2/11.2.4/S11.2.4_A1.2_T1.js : 20 - 20",
    "filename": "data/js/programs_all/sebastienros/jint/Jint.Tests.Ecma/TestCases/ch11/11.2/11.2.4/S11.2.4_A1.2_T1.js"
  },
  {
    "base": "",
    "callee": "ID:f_arg",
    "calleeLocation": "702950005870005",
    "arguments": [
      "LIT:1",
      "LIT:2",
      "LIT:3"
    ],
    "argumentLocations": [
      "702950005930001",
      "702950005950001",
      "702950005970001"
    ],
    "argumentTypes": [
      "number",
      "number",
      "number"
    ],
    "parameters": [
      "",
      "",
      ""
    ],
    "src": "data/js/programs_all/sebastienros/jint/Jint.Tests.Ecma/TestCases/ch11/11.2/11.2.4/S11.2.4_A1.2_T1.js : 24 - 24",
    "filename": "data/js/programs_all/sebastienros/jint/Jint.Tests.Ecma/TestCases/ch11/11.2/11.2.4/S11.2.4_A1.2_T1.js"
  },
  {
    "base": "",
    "callee": "ID:f_arg",
    "calleeLocation": "702950007030005",
    "arguments": [
      "LIT:1",
      "LIT:2",
      "LIT:3"
    ],
    "argumentLocations": [
      "702950007090001",
      "702950007110001",
      "702950007130001"
    ],
    "argumentTypes": [
      "number",
      "number",
      "number"
    ],
    "parameters": [
      "",
      "",
      ""
    ],
    "src": "data/js/programs_all/sebastienros/jint/Jint.Tests.Ecma/TestCases/ch11/11.2/11.2.4/S11.2.4_A1.2_T1.js : 25 - 25",
    "filename": "data/js/programs_all/sebastienros/jint/Jint.Tests.Ecma/TestCases/ch11/11.2/11.2.4/S11.2.4_A1.2_T1.js"
  },
  {
    "base": "",
    "callee": "ID:f_arg",
    "calleeLocation": "702950007390005",
    "arguments": [
      "LIT:1",
      "LIT:2",
      "LIT:3"
    ],
    "argumentLocations": [
      "702950007450001",
      "702950007470001",
      "702950007490001"
    ],
    "argumentTypes": [
      "number",
      "number",
      "number"
    ],
    "parameters": [
      "",
      "",
      ""
    ],
    "src": "data/js/programs_all/sebastienros/jint/Jint.Tests.Ecma/TestCases/ch11/11.2/11.2.4/S11.2.4_A1.2_T1.js : 29 - 29",
    "filename": "data/js/programs_all/sebastienros/jint/Jint.Tests.Ecma/TestCases/ch11/11.2/11.2.4/S11.2.4_A1.2_T1.js"
  },
  {
    "base": "",
    "callee": "ID:f_arg",
    "calleeLocation": "702950008550005",
    "arguments": [
      "LIT:1",
      "LIT:2",
      "LIT:3"
    ],
    "argumentLocations": [
      "702950008610001",
      "702950008630001",
      "702950008650001"
    ],
    "argumentTypes": [
      "number",
      "number",
      "number"
    ],
    "parameters": [
      "",
      "",
      ""
    ],
    "src": "data/js/programs_all/sebastienros/jint/Jint.Tests.Ecma/TestCases/ch11/11.2/11.2.4/S11.2.4_A1.2_T1.js : 30 - 30",
    "filename": "data/js/programs_all/sebastienros/jint/Jint.Tests.Ecma/TestCases/ch11/11.2/11.2.4/S11.2.4_A1.2_T1.js"
  },
  {
    "base": "",
    "callee": "ID:f_arg",
    "calleeLocation": "702950008910005",
    "arguments": [
      "LIT:1",
      "LIT:2",
      "LIT:3"
    ],
    "argumentLocations": [
      "702950008970001",
      "702950008990001",
      "702950009010001"
    ],
    "argumentTypes": [
      "number",
      "number",
      "number"
    ],
    "parameters": [
      "",
      "",
      ""
    ],
    "src": "data/js/programs_all/sebastienros/jint/Jint.Tests.Ecma/TestCases/ch11/11.2/11.2.4/S11.2.4_A1.2_T1.js : 34 - 34",
    "filename": "data/js/programs_all/sebastienros/jint/Jint.Tests.Ecma/TestCases/ch11/11.2/11.2.4/S11.2.4_A1.2_T1.js"
  },
  {
    "base": "",
    "callee": "ID:f_arg",
    "calleeLocation": "702950010230005",
    "arguments": [
      "LIT:1",
      "LIT:2",
      "LIT:3"
    ],
    "argumentLocations": [
      "702950010290001",
      "702950010310001",
      "702950010330001"
    ],
    "argumentTypes": [
      "number",
      "number",
      "number"
    ],
    "parameters": [
      "",
      "",
      ""
    ],
    "src": "data/js/programs_all/sebastienros/jint/Jint.Tests.Ecma/TestCases/ch11/11.2/11.2.4/S11.2.4_A1.2_T1.js : 35 - 35",
    "filename": "data/js/programs_all/sebastienros/jint/Jint.Tests.Ecma/TestCases/ch11/11.2/11.2.4/S11.2.4_A1.2_T1.js"
  },
  {
    "base": "",
    "callee": "ID:foo",
    "calleeLocation": "703110005170003",
    "arguments": [
      "LIT:1",
      "LIT:2"
    ],
    "argumentLocations": [
      "703110005210001",
      "703110005230001"
    ],
    "argumentTypes": [
      "number",
      "number"
    ],
    "parameters": [
      "ID:a",
      "ID:b"
    ],
    "src": "data/js/programs_all/sebastienros/jint/Jint.Tests.Ecma/TestCases/ch11/11.4/11.4.1/11.4.1-4.a-17.js : 18 - 18",
    "filename": "data/js/programs_all/sebastienros/jint/Jint.Tests.Ecma/TestCases/ch11/11.4/11.4.1/11.4.1-4.a-17.js"
  },
  {
    "base": "ID:Object",
    "callee": "ID:defineProperty",
    "calleeLocation": "703120005640014",
    "arguments": [
      "ID:o",
      "LIT:foo",
      "ID:desc"
    ],
    "argumentLocations": [
      "703120005790001",
      "703120005820005",
      "703120005890004"
    ],
    "argumentTypes": [
      "unknown",
      "string",
      "unknown"
    ],
    "parameters": [
      "",
      "",
      ""
    ],
    "src": "data/js/programs_all/sebastienros/jint/Jint.Tests.Ecma/TestCases/ch11/11.4/11.4.1/11.4.1-4.a-2.js : 18 - 18",
    "filename": "data/js/programs_all/sebastienros/jint/Jint.Tests.Ecma/TestCases/ch11/11.4/11.4.1/11.4.1-4.a-2.js"
  }
]