[
  {
    "base": "",
    "callee": "ID:check",
    "calleeLocation": "808020029870005",
    "arguments": [
      "LIT:number",
      "ID:number"
    ],
    "argumentLocations": [
      "808020029930008",
      "808020030030006"
    ],
    "argumentTypes": [
      "string",
      "unknown"
    ],
    "parameters": [
      "ID:name",
      "ID:trigger"
    ],
    "src": "data/js/programs_all/unitjs/unit.js/test/src/asserters/error.js : 124 - 124",
    "filename": "data/js/programs_all/unitjs/unit.js/test/src/asserters/error.js"
  },
  {
    "base": "",
    "callee": "ID:check",
    "calleeLocation": "808020030470005",
    "arguments": [
      "LIT:string",
      "ID:string"
    ],
    "argumentLocations": [
      "808020030530008",
      "808020030630006"
    ],
    "argumentTypes": [
      "string",
      "unknown"
    ],
    "parameters": [
      "ID:name",
      "ID:trigger"
    ],
    "src": "data/js/programs_all/unitjs/unit.js/test/src/asserters/error.js : 125 - 125",
    "filename": "data/js/programs_all/unitjs/unit.js/test/src/asserters/error.js"
  },
  {
    "base": "",
    "callee": "ID:check",
    "calleeLocation": "808020031070005",
    "arguments": [
      "LIT:object",
      "ID:object"
    ],
    "argumentLocations": [
      "808020031130008",
      "808020031230006"
    ],
    "argumentTypes": [
      "string",
      "unknown"
    ],
    "parameters": [
      "ID:name",
      "ID:trigger"
    ],
    "src": "data/js/programs_all/unitjs/unit.js/test/src/asserters/error.js : 126 - 126",
    "filename": "data/js/programs_all/unitjs/unit.js/test/src/asserters/error.js"
  },
  {
    "base": "",
    "callee": "ID:check",
    "calleeLocation": "808020031670005",
    "arguments": [
      "LIT:array",
      "ID:array"
    ],
    "argumentLocations": [
      "808020031730007",
      "808020031820005"
    ],
    "argumentTypes": [
      "string",
      "unknown"
    ],
    "parameters": [
      "ID:name",
      "ID:trigger"
    ],
    "src": "data/js/programs_all/unitjs/unit.js/test/src/asserters/error.js : 127 - 127",
    "filename": "data/js/programs_all/unitjs/unit.js/test/src/asserters/error.js"
  },
  {
    "base": "",
    "callee": "ID:check",
    "calleeLocation": "808020037620005",
    "arguments": [
      "LIT:number",
      "ID:number"
    ],
    "argumentLocations": [
      "808020037680008",
      "808020037780006"
    ],
    "argumentTypes": [
      "string",
      "unknown"
    ],
    "parameters": [
      "ID:name",
      "ID:trigger"
    ],
    "src": "data/js/programs_all/unitjs/unit.js/test/src/asserters/error.js : 153 - 153",
    "filename": "data/js/programs_all/unitjs/unit.js/test/src/asserters/error.js"
  },
  {
    "base": "",
    "callee": "ID:check",
    "calleeLocation": "808020038120005",
    "arguments": [
      "LIT:string",
      "ID:string"
    ],
    "argumentLocations": [
      "808020038180008",
      "808020038280006"
    ],
    "argumentTypes": [
      "string",
      "unknown"
    ],
    "parameters": [
      "ID:name",
      "ID:trigger"
    ],
    "src": "data/js/programs_all/unitjs/unit.js/test/src/asserters/error.js : 154 - 154",
    "filename": "data/js/programs_all/unitjs/unit.js/test/src/asserters/error.js"
  },
  {
    "base": "",
    "callee": "ID:check",
    "calleeLocation": "808020038620005",
    "arguments": [
      "LIT:object",
      "ID:object"
    ],
    "argumentLocations": [
      "808020038680008",
      "808020038780006"
    ],
    "argumentTypes": [
      "string",
      "unknown"
    ],
    "parameters": [
      "ID:name",
      "ID:trigger"
    ],
    "src": "data/js/programs_all/unitjs/unit.js/test/src/asserters/error.js : 155 - 155",
    "filename": "data/js/programs_all/unitjs/unit.js/test/src/asserters/error.js"
  },
  {
    "base": "",
    "callee": "ID:check",
    "calleeLocation": "808020039120005",
    "arguments": [
      "LIT:array",
      "ID:array"
    ],
    "argumentLocations": [
      "808020039180007",
      "808020039270005"
    ],
    "argumentTypes": [
      "string",
      "unknown"
    ],
    "parameters": [
      "ID:name",
      "ID:trigger"
    ],
    "src": "data/js/programs_all/unitjs/unit.js/test/src/asserters/error.js : 156 - 156",
    "filename": "data/js/programs_all/unitjs/unit.js/test/src/asserters/error.js"
  },
  {
    "base": "ID:$di",
    "callee": "ID:set",
    "calleeLocation": "808020041950003",
    "arguments": [
      "LIT:spyException",
      "ID:spy"
    ],
    "argumentLocations": [
      "808020041990014",
      "808020042150003"
    ],
    "argumentTypes": [
      "string",
      "unknown"
    ],
    "parameters": [
      "",
      ""
    ],
    "src": "data/js/programs_all/unitjs/unit.js/test/src/asserters/error.js : 168 - 168",
    "filename": "data/js/programs_all/unitjs/unit.js/test/src/asserters/error.js"
  },
  {
    "base": "LIT:this",
    "callee": "ID:spyException",
    "calleeLocation": "808020042770012",
    "arguments": [
      "LIT:arg1",
      "LIT:arg2"
    ],
    "argumentLocations": [
      "808020042900006",
      "808020042980006"
    ],
    "argumentTypes": [
      "string",
      "string"
    ],
    "parameters": [
      "",
      ""
    ],
    "src": "data/js/programs_all/unitjs/unit.js/test/src/asserters/error.js : 173 - 173",
    "filename": "data/js/programs_all/unitjs/unit.js/test/src/asserters/error.js"
  },
  {
    "base": "ID:spy",
    "callee": "ID:calledWithExactly",
    "calleeLocation": "808020043930017",
    "arguments": [
      "LIT:arg1",
      "LIT:arg2"
    ],
    "argumentLocations": [
      "808020044110006",
      "808020044190006"
    ],
    "argumentTypes": [
      "string",
      "string"
    ],
    "parameters": [
      "",
      ""
    ],
    "src": "data/js/programs_all/unitjs/unit.js/test/src/asserters/error.js : 177 - 177",
    "filename": "data/js/programs_all/unitjs/unit.js/test/src/asserters/error.js"
  },
  {
    "base": "ID:indicator",
    "callee": "ID:set",
    "calleeLocation": "808020072470003",
    "arguments": [
      "LIT:error trigger called",
      "LIT:true"
    ],
    "argumentLocations": [
      "808020072510022",
      "808020072750004"
    ],
    "argumentTypes": [
      "string",
      "boolean"
    ],
    "parameters": [
      "",
      ""
    ],
    "src": "data/js/programs_all/unitjs/unit.js/test/src/asserters/error.js : 321 - 321",
    "filename": "data/js/programs_all/unitjs/unit.js/test/src/asserters/error.js"
  },
  {
    "base": "ID:indicator",
    "callee": "ID:set",
    "calleeLocation": "808020074900003",
    "arguments": [
      "LIT:custom error validation called",
      "LIT:true"
    ],
    "argumentLocations": [
      "808020074940032",
      "808020075280004"
    ],
    "argumentTypes": [
      "string",
      "boolean"
    ],
    "parameters": [
      "",
      ""
    ],
    "src": "data/js/programs_all/unitjs/unit.js/test/src/asserters/error.js : 332 - 332",
    "filename": "data/js/programs_all/unitjs/unit.js/test/src/asserters/error.js"
  },
  {
    "base": "ID:indicator",
    "callee": "ID:set",
    "calleeLocation": "808020085750003",
    "arguments": [
      "LIT:error trigger called",
      "LIT:true"
    ],
    "argumentLocations": [
      "808020085790022",
      "808020086030004"
    ],
    "argumentTypes": [
      "string",
      "boolean"
    ],
    "parameters": [
      "",
      ""
    ],
    "src": "data/js/programs_all/unitjs/unit.js/test/src/asserters/error.js : 372 - 372",
    "filename": "data/js/programs_all/unitjs/unit.js/test/src/asserters/error.js"
  },
  {
    "base": "ID:indicator",
    "callee": "ID:set",
    "calleeLocation": "808020088310003",
    "arguments": [
      "LIT:custom error validation called",
      "LIT:true"
    ],
    "argumentLocations": [
      "808020088350032",
      "808020088690004"
    ],
    "argumentTypes": [
      "string",
      "boolean"
    ],
    "parameters": [
      "",
      ""
    ],
    "src": "data/js/programs_all/unitjs/unit.js/test/src/asserters/error.js : 383 - 383",
    "filename": "data/js/programs_all/unitjs/unit.js/test/src/asserters/error.js"
  },
  {
    "base": "ID:indicator",
    "callee": "ID:set",
    "calleeLocation": "808020097020003",
    "arguments": [
      "LIT:error trigger called",
      "LIT:true"
    ],
    "argumentLocations": [
      "808020097060022",
      "808020097300004"
    ],
    "argumentTypes": [
      "string",
      "boolean"
    ],
    "parameters": [
      "",
      ""
    ],
    "src": "data/js/programs_all/unitjs/unit.js/test/src/asserters/error.js : 417 - 417",
    "filename": "data/js/programs_all/unitjs/unit.js/test/src/asserters/error.js"
  },
  {
    "base": "ID:indicator",
    "callee": "ID:set",
    "calleeLocation": "808020099510003",
    "arguments": [
      "LIT:custom error validation called",
      "LIT:true"
    ],
    "argumentLocations": [
      "808020099550032",
      "808020099890004"
    ],
    "argumentTypes": [
      "string",
      "boolean"
    ],
    "parameters": [
      "",
      ""
    ],
    "src": "data/js/programs_all/unitjs/unit.js/test/src/asserters/error.js : 428 - 428",
    "filename": "data/js/programs_all/unitjs/unit.js/test/src/asserters/error.js"
  },
  {
    "base": "ID:indicator",
    "callee": "ID:set",
    "calleeLocation": "808020110440003",
    "arguments": [
      "LIT:error trigger called",
      "LIT:true"
    ],
    "argumentLocations": [
      "808020110480022",
      "808020110720004"
    ],
    "argumentTypes": [
      "string",
      "boolean"
    ],
    "parameters": [
      "",
      ""
    ],
    "src": "data/js/programs_all/unitjs/unit.js/test/src/asserters/error.js : 468 - 468",
    "filename": "data/js/programs_all/unitjs/unit.js/test/src/asserters/error.js"
  },
  {
    "base": "ID:indicator",
    "callee": "ID:set",
    "calleeLocation": "808020113060003",
    "arguments": [
      "LIT:custom error validation called",
      "LIT:true"
    ],
    "argumentLocations": [
      "808020113100032",
      "808020113440004"
    ],
    "argumentTypes": [
      "string",
      "boolean"
    ],
    "parameters": [
      "",
      ""
    ],
    "src": "data/js/programs_all/unitjs/unit.js/test/src/asserters/error.js : 479 - 479",
    "filename": "data/js/programs_all/unitjs/unit.js/test/src/asserters/error.js"
  },
  {
    "base": "ID:hasProperty",
    "callee": "ID:hasProperty",
    "calleeLocation": "808020149790011",
    "arguments": [
      "LIT:message",
      "LIT:Whoops !"
    ],
    "argumentLocations": [
      "808020149910009",
      "808020150020010"
    ],
    "argumentTypes": [
      "string",
      "string"
    ],
    "parameters": [
      "",
      ""
    ],
    "src": "data/js/programs_all/unitjs/unit.js/test/src/asserters/error.js : 675 - 680",
    "filename": "data/js/programs_all/unitjs/unit.js/test/src/asserters/error.js"
  },
  {
    "base": "ID:error",
    "callee": "ID:hasProperty",
    "calleeLocation": "808020155210011",
    "arguments": [
      "LIT:message",
      "LIT:whoops"
    ],
    "argumentLocations": [
      "808020155330009",
      "808020155440008"
    ],
    "argumentTypes": [
      "string",
      "string"
    ],
    "parameters": [
      "",
      ""
    ],
    "src": "data/js/programs_all/unitjs/unit.js/test/src/asserters/error.js : 700 - 704",
    "filename": "data/js/programs_all/unitjs/unit.js/test/src/asserters/error.js"
  },
  {
    "base": "ID:hasNotProperty",
    "callee": "ID:hasNotProperty",
    "calleeLocation": "808020158560014",
    "arguments": [
      "LIT:message",
      "LIT:whoops"
    ],
    "argumentLocations": [
      "808020158710009",
      "808020158820008"
    ],
    "argumentTypes": [
      "string",
      "string"
    ],
    "parameters": [
      "",
      ""
    ],
    "src": "data/js/programs_all/unitjs/unit.js/test/src/asserters/error.js : 717 - 722",
    "filename": "data/js/programs_all/unitjs/unit.js/test/src/asserters/error.js"
  },
  {
    "base": "ID:error",
    "callee": "ID:hasNotProperty",
    "calleeLocation": "808020163700014",
    "arguments": [
      "LIT:message",
      "LIT:Whoops !"
    ],
    "argumentLocations": [
      "808020163850009",
      "808020163960010"
    ],
    "argumentTypes": [
      "string",
      "string"
    ],
    "parameters": [
      "",
      ""
    ],
    "src": "data/js/programs_all/unitjs/unit.js/test/src/asserters/error.js : 741 - 745",
    "filename": "data/js/programs_all/unitjs/unit.js/test/src/asserters/error.js"
  },
  {
    "base": "ID:hasOwnProperty",
    "callee": "ID:hasOwnProperty",
    "calleeLocation": "808020169680014",
    "arguments": [
      "LIT:message",
      "LIT:Whoops !"
    ],
    "argumentLocations": [
      "808020169830009",
      "808020169940010"
    ],
    "argumentTypes": [
      "string",
      "string"
    ],
    "parameters": [
      "",
      ""
    ],
    "src": "data/js/programs_all/unitjs/unit.js/test/src/asserters/error.js : 770 - 775",
    "filename": "data/js/programs_all/unitjs/unit.js/test/src/asserters/error.js"
  },
  {
    "base": "ID:error",
    "callee": "ID:hasOwnProperty",
    "calleeLocation": "808020174800014",
    "arguments": [
      "LIT:message",
      "LIT:Grrrr !"
    ],
    "argumentLocations": [
      "808020174950009",
      "808020175060009"
    ],
    "argumentTypes": [
      "string",
      "string"
    ],
    "parameters": [
      "",
      ""
    ],
    "src": "data/js/programs_all/unitjs/unit.js/test/src/asserters/error.js : 794 - 798",
    "filename": "data/js/programs_all/unitjs/unit.js/test/src/asserters/error.js"
  },
  {
    "base": "ID:hasNotOwnProperty",
    "callee": "ID:hasNotOwnProperty",
    "calleeLocation": "808020180790017",
    "arguments": [
      "LIT:message",
      "LIT:Grrrr !"
    ],
    "argumentLocations": [
      "808020180970009",
      "808020181080009"
    ],
    "argumentTypes": [
      "string",
      "string"
    ],
    "parameters": [
      "",
      ""
    ],
    "src": "data/js/programs_all/unitjs/unit.js/test/src/asserters/error.js : 823 - 828",
    "filename": "data/js/programs_all/unitjs/unit.js/test/src/asserters/error.js"
  },
  {
    "base": "ID:error",
    "callee": "ID:hasNotOwnProperty",
    "calleeLocation": "808020186420017",
    "arguments": [
      "LIT:message",
      "LIT:Whoops !"
    ],
    "argumentLocations": [
      "808020186600009",
      "808020186710010"
    ],
    "argumentTypes": [
      "string",
      "string"
    ],
    "parameters": [
      "",
      ""
    ],
    "src": "data/js/programs_all/unitjs/unit.js/test/src/asserters/error.js : 848 - 852",
    "filename": "data/js/programs_all/unitjs/unit.js/test/src/asserters/error.js"
  },
  {
    "base": "ID:hasKey",
    "callee": "ID:hasKey",
    "calleeLocation": "808020189680006",
    "arguments": [
      "LIT:message",
      "LIT:Whoops !"
    ],
    "argumentLocations": [
      "808020189750009",
      "808020189860010"
    ],
    "argumentTypes": [
      "string",
      "string"
    ],
    "parameters": [
      "",
      ""
    ],
    "src": "data/js/programs_all/unitjs/unit.js/test/src/asserters/error.js : 865 - 870",
    "filename": "data/js/programs_all/unitjs/unit.js/test/src/asserters/error.js"
  },
  {
    "base": "ID:error",
    "callee": "ID:hasKey",
    "calleeLocation": "808020194950006",
    "arguments": [
      "LIT:message",
      "LIT:whoops"
    ],
    "argumentLocations": [
      "808020195020009",
      "808020195130008"
    ],
    "argumentTypes": [
      "string",
      "string"
    ],
    "parameters": [
      "",
      ""
    ],
    "src": "data/js/programs_all/unitjs/unit.js/test/src/asserters/error.js : 890 - 894",
    "filename": "data/js/programs_all/unitjs/unit.js/test/src/asserters/error.js"
  },
  {
    "base": "ID:notHasKey",
    "callee": "ID:notHasKey",
    "calleeLocation": "808020198100009",
    "arguments": [
      "LIT:message",
      "LIT:whoops"
    ],
    "argumentLocations": [
      "808020198200009",
      "808020198310008"
    ],
    "argumentTypes": [
      "string",
      "string"
    ],
    "parameters": [
      "",
      ""
    ],
    "src": "data/js/programs_all/unitjs/unit.js/test/src/asserters/error.js : 907 - 912",
    "filename": "data/js/programs_all/unitjs/unit.js/test/src/asserters/error.js"
  },
  {
    "base": "ID:error",
    "callee": "ID:notHasKey",
    "calleeLocation": "808020203140009",
    "arguments": [
      "LIT:message",
      "LIT:Whoops !"
    ],
    "argumentLocations": [
      "808020203240009",
      "808020203350010"
    ],
    "argumentTypes": [
      "string",
      "string"
    ],
    "parameters": [
      "",
      ""
    ],
    "src": "data/js/programs_all/unitjs/unit.js/test/src/asserters/error.js : 931 - 935",
    "filename": "data/js/programs_all/unitjs/unit.js/test/src/asserters/error.js"
  },
  {
    "base": "ID:indicator",
    "callee": "ID:set",
    "calleeLocation": "808020209970003",
    "arguments": [
      "LIT:error constructor called",
      "LIT:true"
    ],
    "argumentLocations": [
      "808020210010026",
      "808020210290004"
    ],
    "argumentTypes": [
      "string",
      "boolean"
    ],
    "parameters": [
      "",
      ""
    ],
    "src": "data/js/programs_all/unitjs/unit.js/test/src/asserters/error.js : 971 - 971",
    "filename": "data/js/programs_all/unitjs/unit.js/test/src/asserters/error.js"
  },
  {
    "base": "ID:indicator",
    "callee": "ID:set",
    "calleeLocation": "808020220550003",
    "arguments": [
      "LIT:ninjaa is not in error message",
      "LIT:true"
    ],
    "argumentLocations": [
      "808020220590032",
      "808020220930004"
    ],
    "argumentTypes": [
      "string",
      "boolean"
    ],
    "parameters": [
      "",
      ""
    ],
    "src": "data/js/programs_all/unitjs/unit.js/test/src/asserters/error.js : 1009 - 1009",
    "filename": "data/js/programs_all/unitjs/unit.js/test/src/asserters/error.js"
  },
  {
    "base": "ID:indicator",
    "callee": "ID:set",
    "calleeLocation": "808020225390003",
    "arguments": [
      "LIT:ninjaa is not in error message",
      "LIT:true"
    ],
    "argumentLocations": [
      "808020225430032",
      "808020225770004"
    ],
    "argumentTypes": [
      "string",
      "boolean"
    ],
    "parameters": [
      "",
      ""
    ],
    "src": "data/js/programs_all/unitjs/unit.js/test/src/asserters/error.js : 1024 - 1024",
    "filename": "data/js/programs_all/unitjs/unit.js/test/src/asserters/error.js"
  },
  {
    "base": "ID:throws",
    "callee": "ID:throws",
    "calleeLocation": "808030084790006",
    "arguments": [
      "ID:Error",
      "LIT:/whoops/i"
    ],
    "argumentLocations": [
      "808030084860005",
      "808030084930009"
    ],
    "argumentTypes": [
      "unknown",
      "regex"
    ],
    "parameters": [
      "",
      ""
    ],
    "src": "data/js/programs_all/unitjs/unit.js/test/src/asserters/function.js : 419 - 425",
    "filename": "data/js/programs_all/unitjs/unit.js/test/src/asserters/function.js"
  },
  {
    "base": "ID:function",
    "callee": "ID:throws",
    "calleeLocation": "808030091150006",
    "arguments": [
      "ID:TypeError",
      "LIT:gloops"
    ],
    "argumentLocations": [
      "808030091220009",
      "808030091330008"
    ],
    "argumentTypes": [
      "unknown",
      "string"
    ],
    "parameters": [
      "",
      ""
    ],
    "src": "data/js/programs_all/unitjs/unit.js/test/src/asserters/function.js : 451 - 451",
    "filename": "data/js/programs_all/unitjs/unit.js/test/src/asserters/function.js"
  },
  {
    "base": "ID:function",
    "callee": "ID:throws",
    "calleeLocation": "808030092500006",
    "arguments": [
      "ID:Error",
      "LIT:whoops"
    ],
    "argumentLocations": [
      "808030092570005",
      "808030092640008"
    ],
    "argumentTypes": [
      "unknown",
      "string"
    ],
    "parameters": [
      "",
      ""
    ],
    "src": "data/js/programs_all/unitjs/unit.js/test/src/asserters/function.js : 456 - 456",
    "filename": "data/js/programs_all/unitjs/unit.js/test/src/asserters/function.js"
  },
  {
    "base": "ID:$di",
    "callee": "ID:set",
    "calleeLocation": "808040004640003",
    "arguments": [
      "LIT:spy",
      "ID:spy"
    ],
    "argumentLocations": [
      "808040004680005",
      "808040004750010"
    ],
    "argumentTypes": [
      "string",
      "unknown"
    ],
    "parameters": [
      "",
      ""
    ],
    "src": "data/js/programs_all/unitjs/unit.js/test/src/helpers.js : 22 - 23",
    "filename": "data/js/programs_all/unitjs/unit.js/test/src/helpers.js"
  },
  {
    "base": "ID:test",
    "callee": "ID:wait",
    "calleeLocation": "808040037340004",
    "arguments": [
      "LIT:20",
      "ID:spy"
    ],
    "argumentLocations": [
      "808040037390002",
      "808040037430003"
    ],
    "argumentTypes": [
      "number",
      "unknown"
    ],
    "parameters": [
      "",
      ""
    ],
    "src": "data/js/programs_all/unitjs/unit.js/test/src/helpers.js : 214 - 214",
    "filename": "data/js/programs_all/unitjs/unit.js/test/src/helpers.js"
  }
]