[
  {
    "base": "",
    "callee": "ID:URIError",
    "calleeLocation": "705210018870008",
    "arguments": [
      "LIT:message",
      "LIT:fileName",
      "LIT:1"
    ],
    "argumentLocations": [
      "705210018960009",
      "705210019070010",
      "705210019190003"
    ],
    "argumentTypes": [
      "string",
      "string",
      "string"
    ],
    "parameters": [
      "",
      "",
      ""
    ],
    "src": "data/js/programs_all/sebastienros/jint/Jint.Tests.Ecma/TestCases/ch12/12.14/S12.14_A19_T2.js : 91 - 91",
    "filename": "data/js/programs_all/sebastienros/jint/Jint.Tests.Ecma/TestCases/ch12/12.14/S12.14_A19_T2.js"
  },
  {
    "base": "",
    "callee": "ID:erasator_T_1000",
    "calleeLocation": "705730003460015",
    "arguments": [
      "ID:__obj",
      "LIT:b"
    ],
    "argumentLocations": [
      "705730003620005",
      "705730003680003"
    ],
    "argumentTypes": [
      "unknown",
      "string"
    ],
    "parameters": [
      "ID:hash_map",
      "ID:charactr"
    ],
    "src": "data/js/programs_all/sebastienros/jint/Jint.Tests.Ecma/TestCases/ch12/12.6/12.6.4/S12.6.4_A7_T1.js : 15 - 15",
    "filename": "data/js/programs_all/sebastienros/jint/Jint.Tests.Ecma/TestCases/ch12/12.6/12.6.4/S12.6.4_A7_T1.js"
  },
  {
    "base": "",
    "callee": "ID:erasator_T_1000",
    "calleeLocation": "705740003550015",
    "arguments": [
      "ID:__obj",
      "LIT:b"
    ],
    "argumentLocations": [
      "705740003710005",
      "705740003770003"
    ],
    "argumentTypes": [
      "unknown",
      "string"
    ],
    "parameters": [
      "ID:hash_map",
      "ID:charactr"
    ],
    "src": "data/js/programs_all/sebastienros/jint/Jint.Tests.Ecma/TestCases/ch12/12.6/12.6.4/S12.6.4_A7_T2.js : 15 - 15",
    "filename": "data/js/programs_all/sebastienros/jint/Jint.Tests.Ecma/TestCases/ch12/12.6/12.6.4/S12.6.4_A7_T2.js"
  },
  {
    "base": "",
    "callee": "ID:__func",
    "calleeLocation": "705810005170006",
    "arguments": [
      "LIT:A",
      "LIT:B",
      "LIT:1",
      "LIT:2"
    ],
    "argumentLocations": [
      "705810005240003",
      "705810005280003",
      "705810005320001",
      "705810005340001"
    ],
    "argumentTypes": [
      "string",
      "string",
      "number",
      "number"
    ],
    "parameters": [
      "",
      "",
      "",
      ""
    ],
    "src": "data/js/programs_all/sebastienros/jint/Jint.Tests.Ecma/TestCases/ch13/13.0/S13_A11_T3.js : 18 - 18",
    "filename": "data/js/programs_all/sebastienros/jint/Jint.Tests.Ecma/TestCases/ch13/13.0/S13_A11_T3.js"
  },
  {
    "base": "",
    "callee": "ID:__func",
    "calleeLocation": "705820005890006",
    "arguments": [
      "LIT:A",
      "LIT:B",
      "LIT:1",
      "LIT:2"
    ],
    "argumentLocations": [
      "705820005960003",
      "705820006000003",
      "705820006040001",
      "705820006060001"
    ],
    "argumentTypes": [
      "string",
      "string",
      "number",
      "number"
    ],
    "parameters": [
      "",
      "",
      "",
      ""
    ],
    "src": "data/js/programs_all/sebastienros/jint/Jint.Tests.Ecma/TestCases/ch13/13.0/S13_A11_T4.js : 21 - 21",
    "filename": "data/js/programs_all/sebastienros/jint/Jint.Tests.Ecma/TestCases/ch13/13.0/S13_A11_T4.js"
  },
  {
    "base": "",
    "callee": "ID:__func",
    "calleeLocation": "705870004580006",
    "arguments": [
      "LIT:42",
      "LIT:42",
      "LIT:42"
    ],
    "argumentLocations": [
      "705870004650002",
      "705870004680002",
      "705870004710002"
    ],
    "argumentTypes": [
      "number",
      "number",
      "number"
    ],
    "parameters": [
      "",
      "",
      ""
    ],
    "src": "data/js/programs_all/sebastienros/jint/Jint.Tests.Ecma/TestCases/ch13/13.0/S13_A15_T2.js : 18 - 18",
    "filename": "data/js/programs_all/sebastienros/jint/Jint.Tests.Ecma/TestCases/ch13/13.0/S13_A15_T2.js"
  },
  {
    "base": "",
    "callee": "ID:__func",
    "calleeLocation": "705910008040006",
    "arguments": [
      "LIT:10",
      "LIT:20",
      "LIT:30"
    ],
    "argumentLocations": [
      "705910008110002",
      "705910008150002",
      "705910008190002"
    ],
    "argumentTypes": [
      "number",
      "number",
      "number"
    ],
    "parameters": [
      "ID:arg1",
      "ID:arg2",
      "ID:arg3"
    ],
    "src": "data/js/programs_all/sebastienros/jint/Jint.Tests.Ecma/TestCases/ch13/13.0/S13_A4_T3.js : 21 - 21",
    "filename": "data/js/programs_all/sebastienros/jint/Jint.Tests.Ecma/TestCases/ch13/13.0/S13_A4_T3.js"
  },
  {
    "base": "",
    "callee": "ID:__func",
    "calleeLocation": "705910009030006",
    "arguments": [
      "LIT:10",
      "LIT:20",
      "LIT:30"
    ],
    "argumentLocations": [
      "705910009100002",
      "705910009130002",
      "705910009160002"
    ],
    "argumentTypes": [
      "number",
      "number",
      "number"
    ],
    "parameters": [
      "ID:arg1",
      "ID:arg2",
      "ID:arg3"
    ],
    "src": "data/js/programs_all/sebastienros/jint/Jint.Tests.Ecma/TestCases/ch13/13.0/S13_A4_T3.js : 22 - 22",
    "filename": "data/js/programs_all/sebastienros/jint/Jint.Tests.Ecma/TestCases/ch13/13.0/S13_A4_T3.js"
  },
  {
    "base": "",
    "callee": "ID:__func",
    "calleeLocation": "705930007230006",
    "arguments": [
      "LIT:A",
      "LIT:B",
      "LIT:1",
      "LIT:2",
      "ID:__func"
    ],
    "argumentLocations": [
      "705930007300003",
      "705930007350003",
      "705930007400001",
      "705930007430001",
      "705930007450006"
    ],
    "argumentTypes": [
      "string",
      "string",
      "number",
      "number",
      "unknown"
    ],
    "parameters": [
      "",
      "",
      "",
      "",
      ""
    ],
    "src": "data/js/programs_all/sebastienros/jint/Jint.Tests.Ecma/TestCases/ch13/13.0/S13_A8_T2.js : 23 - 23",
    "filename": "data/js/programs_all/sebastienros/jint/Jint.Tests.Ecma/TestCases/ch13/13.0/S13_A8_T2.js"
  },
  {
    "base": "",
    "callee": "ID:__func",
    "calleeLocation": "705930008630006",
    "arguments": [
      "LIT:A",
      "LIT:B",
      "LIT:1",
      "LIT:2",
      "ID:__func"
    ],
    "argumentLocations": [
      "705930008700003",
      "705930008750003",
      "705930008800001",
      "705930008830001",
      "705930008850006"
    ],
    "argumentTypes": [
      "string",
      "string",
      "number",
      "number",
      "unknown"
    ],
    "parameters": [
      "",
      "",
      "",
      "",
      ""
    ],
    "src": "data/js/programs_all/sebastienros/jint/Jint.Tests.Ecma/TestCases/ch13/13.0/S13_A8_T2.js : 24 - 24",
    "filename": "data/js/programs_all/sebastienros/jint/Jint.Tests.Ecma/TestCases/ch13/13.0/S13_A8_T2.js"
  }
]