[
  {
    "base": "ID:reduce",
    "callee": "ID:call",
    "calleeLocation": "716020007410004",
    "arguments": [
      "ID:obj",
      "ID:callbackfn"
    ],
    "argumentLocations": [
      "716020007460003",
      "716020007510010"
    ],
    "argumentTypes": [
      "unknown",
      "unknown"
    ],
    "parameters": [
      "",
      ""
    ],
    "src": "data/js/programs_all/sebastienros/jint/Jint.Tests.Ecma/TestCases/ch15/15.4/15.4.4/15.4.4.21/15.4.4.21-5-13.js : 29 - 29",
    "filename": "data/js/programs_all/sebastienros/jint/Jint.Tests.Ecma/TestCases/ch15/15.4/15.4.4/15.4.4.21/15.4.4.21-5-13.js"
  },
  {
    "base": "ID:f",
    "callee": "ID:reduce",
    "calleeLocation": "716090004560006",
    "arguments": [
      "ID:cb",
      "LIT:1"
    ],
    "argumentLocations": [
      "716090004630002",
      "716090004660001"
    ],
    "argumentTypes": [
      "unknown",
      "number"
    ],
    "parameters": [
      "",
      ""
    ],
    "src": "data/js/programs_all/sebastienros/jint/Jint.Tests.Ecma/TestCases/ch15/15.4/15.4.4/15.4.4.21/15.4.4.21-7-2.js : 16 - 16",
    "filename": "data/js/programs_all/sebastienros/jint/Jint.Tests.Ecma/TestCases/ch15/15.4/15.4.4/15.4.4.21/15.4.4.21-7-2.js"
  },
  {
    "base": "ID:f",
    "callee": "ID:reduce",
    "calleeLocation": "716100013010006",
    "arguments": [
      "ID:cb",
      "LIT:1"
    ],
    "argumentLocations": [
      "716100013080002",
      "716100013110001"
    ],
    "argumentTypes": [
      "unknown",
      "number"
    ],
    "parameters": [
      "",
      ""
    ],
    "src": "data/js/programs_all/sebastienros/jint/Jint.Tests.Ecma/TestCases/ch15/15.4/15.4.4/15.4.4.21/15.4.4.21-7-9.js : 31 - 31",
    "filename": "data/js/programs_all/sebastienros/jint/Jint.Tests.Ecma/TestCases/ch15/15.4/15.4.4/15.4.4.21/15.4.4.21-7-9.js"
  },
  {
    "base": "ID:reduce",
    "callee": "ID:call",
    "calleeLocation": "716130010260004",
    "arguments": [
      "ID:child",
      "ID:callbackfn"
    ],
    "argumentLocations": [
      "716130010310005",
      "716130010380010"
    ],
    "argumentTypes": [
      "unknown",
      "unknown"
    ],
    "parameters": [
      "",
      ""
    ],
    "src": "data/js/programs_all/sebastienros/jint/Jint.Tests.Ecma/TestCases/ch15/15.4/15.4.4/15.4.4.21/15.4.4.21-8-b-iii-1-13.js : 39 - 39",
    "filename": "data/js/programs_all/sebastienros/jint/Jint.Tests.Ecma/TestCases/ch15/15.4/15.4.4/15.4.4.21/15.4.4.21-8-b-iii-1-13.js"
  },
  {
    "base": "ID:reduce",
    "callee": "ID:call",
    "calleeLocation": "716140005320004",
    "arguments": [
      "ID:str",
      "ID:callbackfn"
    ],
    "argumentLocations": [
      "716140005370003",
      "716140005420010"
    ],
    "argumentTypes": [
      "unknown",
      "unknown"
    ],
    "parameters": [
      "",
      ""
    ],
    "src": "data/js/programs_all/sebastienros/jint/Jint.Tests.Ecma/TestCases/ch15/15.4/15.4.4/15.4.4.21/15.4.4.21-8-b-iii-1-28.js : 18 - 18",
    "filename": "data/js/programs_all/sebastienros/jint/Jint.Tests.Ecma/TestCases/ch15/15.4/15.4.4/15.4.4.21/15.4.4.21-8-b-iii-1-28.js"
  },
  {
    "base": "ID:reduce",
    "callee": "ID:call",
    "calleeLocation": "716150008230004",
    "arguments": [
      "ID:obj",
      "ID:callbackfn"
    ],
    "argumentLocations": [
      "716150008280003",
      "716150008330010"
    ],
    "argumentTypes": [
      "unknown",
      "unknown"
    ],
    "parameters": [
      "",
      ""
    ],
    "src": "data/js/programs_all/sebastienros/jint/Jint.Tests.Ecma/TestCases/ch15/15.4/15.4.4/15.4.4.21/15.4.4.21-8-b-iii-1-32.js : 28 - 28",
    "filename": "data/js/programs_all/sebastienros/jint/Jint.Tests.Ecma/TestCases/ch15/15.4/15.4.4/15.4.4.21/15.4.4.21-8-b-iii-1-32.js"
  },
  {
    "base": "ID:arr",
    "callee": "ID:reduce",
    "calleeLocation": "716230006760006",
    "arguments": [
      "ID:callbackfn",
      "ID:initialValue"
    ],
    "argumentLocations": [
      "716230006830010",
      "716230006950012"
    ],
    "argumentTypes": [
      "unknown",
      "unknown"
    ],
    "parameters": [
      "",
      ""
    ],
    "src": "data/js/programs_all/sebastienros/jint/Jint.Tests.Ecma/TestCases/ch15/15.4/15.4.4/15.4.4.21/15.4.4.21-9-c-i-10.js : 27 - 27",
    "filename": "data/js/programs_all/sebastienros/jint/Jint.Tests.Ecma/TestCases/ch15/15.4/15.4.4/15.4.4.21/15.4.4.21-9-c-i-10.js"
  },
  {
    "base": "ID:arr",
    "callee": "ID:reduce",
    "calleeLocation": "716240010370006",
    "arguments": [
      "ID:callbackfn",
      "ID:initialValue"
    ],
    "argumentLocations": [
      "716240010440010",
      "716240010560012"
    ],
    "argumentTypes": [
      "unknown",
      "unknown"
    ],
    "parameters": [
      "",
      ""
    ],
    "src": "data/js/programs_all/sebastienros/jint/Jint.Tests.Ecma/TestCases/ch15/15.4/15.4.4/15.4.4.21/15.4.4.21-9-c-i-30.js : 40 - 40",
    "filename": "data/js/programs_all/sebastienros/jint/Jint.Tests.Ecma/TestCases/ch15/15.4/15.4.4/15.4.4.21/15.4.4.21-9-c-i-30.js"
  },
  {
    "base": "ID:reduce",
    "callee": "ID:call",
    "calleeLocation": "716250006990004",
    "arguments": [
      "ID:child",
      "ID:callbackfn",
      "ID:initialValue"
    ],
    "argumentLocations": [
      "716250007040005",
      "716250007110010",
      "716250007230012"
    ],
    "argumentTypes": [
      "unknown",
      "unknown",
      "unknown"
    ],
    "parameters": [
      "",
      "",
      ""
    ],
    "src": "data/js/programs_all/sebastienros/jint/Jint.Tests.Ecma/TestCases/ch15/15.4/15.4.4/15.4.4.21/15.4.4.21-9-c-i-7.js : 25 - 25",
    "filename": "data/js/programs_all/sebastienros/jint/Jint.Tests.Ecma/TestCases/ch15/15.4/15.4.4/15.4.4.21/15.4.4.21-9-c-i-7.js"
  },
  {
    "base": "ID:reduce",
    "callee": "ID:call",
    "calleeLocation": "716270004850004",
    "arguments": [
      "ID:obj",
      "ID:callbackfn",
      "ID:Math"
    ],
    "argumentLocations": [
      "716270004900003",
      "716270004950010",
      "716270005070004"
    ],
    "argumentTypes": [
      "unknown",
      "unknown",
      "unknown"
    ],
    "parameters": [
      "",
      "",
      ""
    ],
    "src": "data/js/programs_all/sebastienros/jint/Jint.Tests.Ecma/TestCases/ch15/15.4/15.4.4/15.4.4.21/15.4.4.21-9-c-ii-30.js : 18 - 18",
    "filename": "data/js/programs_all/sebastienros/jint/Jint.Tests.Ecma/TestCases/ch15/15.4/15.4.4/15.4.4.21/15.4.4.21-9-c-ii-30.js"
  },
  {
    "base": "ID:reduce",
    "callee": "ID:call",
    "calleeLocation": "716280005910004",
    "arguments": [
      "ID:obj",
      "ID:callbackfn",
      "ID:arg"
    ],
    "argumentLocations": [
      "716280005960003",
      "716280006010010",
      "716280006130003"
    ],
    "argumentTypes": [
      "unknown",
      "unknown",
      "unknown"
    ],
    "parameters": [
      "",
      "",
      ""
    ],
    "src": "data/js/programs_all/sebastienros/jint/Jint.Tests.Ecma/TestCases/ch15/15.4/15.4.4/15.4.4.21/15.4.4.21-9-c-ii-35.js : 24 - 24",
    "filename": "data/js/programs_all/sebastienros/jint/Jint.Tests.Ecma/TestCases/ch15/15.4/15.4.4/15.4.4.21/15.4.4.21-9-c-ii-35.js"
  },
  {
    "base": "ID:arr",
    "callee": "ID:reduce",
    "calleeLocation": "716300006060006",
    "arguments": [
      "ID:callbackfn",
      "LIT:11"
    ],
    "argumentLocations": [
      "716300006130010",
      "716300006250002"
    ],
    "argumentTypes": [
      "unknown",
      "number"
    ],
    "parameters": [
      "",
      ""
    ],
    "src": "data/js/programs_all/sebastienros/jint/Jint.Tests.Ecma/TestCases/ch15/15.4/15.4.4/15.4.4.21/15.4.4.21-9-c-ii-4.js : 24 - 24",
    "filename": "data/js/programs_all/sebastienros/jint/Jint.Tests.Ecma/TestCases/ch15/15.4/15.4.4/15.4.4.21/15.4.4.21-9-c-ii-4.js"
  },
  {
    "base": "ID:reduceRight",
    "callee": "ID:call",
    "calleeLocation": "716310004370004",
    "arguments": [
      "LIT:hello\nworld\\!",
      "ID:callbackfn",
      "LIT:h"
    ],
    "argumentLocations": [
      "716310004420017",
      "716310004610010",
      "716310004730003"
    ],
    "argumentTypes": [
      "string",
      "unknown",
      "string"
    ],
    "parameters": [
      "",
      "",
      ""
    ],
    "src": "data/js/programs_all/sebastienros/jint/Jint.Tests.Ecma/TestCases/ch15/15.4/15.4.4/15.4.4.22/15.4.4.22-1-7.js : 17 - 17",
    "filename": "data/js/programs_all/sebastienros/jint/Jint.Tests.Ecma/TestCases/ch15/15.4/15.4.4/15.4.4.22/15.4.4.22-1-7.js"
  },
  {
    "base": "ID:reduceRight",
    "callee": "ID:call",
    "calleeLocation": "716320005480004",
    "arguments": [
      "ID:obj",
      "ID:callbackfn",
      "LIT:11"
    ],
    "argumentLocations": [
      "716320005530003",
      "716320005580010",
      "716320005700002"
    ],
    "argumentTypes": [
      "unknown",
      "unknown",
      "number"
    ],
    "parameters": [
      "",
      "",
      ""
    ],
    "src": "data/js/programs_all/sebastienros/jint/Jint.Tests.Ecma/TestCases/ch15/15.4/15.4.4/15.4.4.22/15.4.4.22-1-9.js : 22 - 22",
    "filename": "data/js/programs_all/sebastienros/jint/Jint.Tests.Ecma/TestCases/ch15/15.4/15.4.4/15.4.4.22/15.4.4.22-1-9.js"
  },
  {
    "base": "ID:reduceRight",
    "callee": "ID:call",
    "calleeLocation": "716340008820004",
    "arguments": [
      "ID:child",
      "ID:callbackfn",
      "LIT:11"
    ],
    "argumentLocations": [
      "716340008870005",
      "716340008940010",
      "716340009060002"
    ],
    "argumentTypes": [
      "unknown",
      "unknown",
      "number"
    ],
    "parameters": [
      "",
      "",
      ""
    ],
    "src": "data/js/programs_all/sebastienros/jint/Jint.Tests.Ecma/TestCases/ch15/15.4/15.4.4/15.4.4.22/15.4.4.22-2-8.js : 35 - 35",
    "filename": "data/js/programs_all/sebastienros/jint/Jint.Tests.Ecma/TestCases/ch15/15.4/15.4.4/15.4.4.22/15.4.4.22-2-8.js"
  },
  {
    "base": "ID:reduceRight",
    "callee": "ID:call",
    "calleeLocation": "716350006730004",
    "arguments": [
      "ID:obj",
      "ID:callbackfn",
      "LIT:1"
    ],
    "argumentLocations": [
      "716350006780003",
      "716350006830010",
      "716350006950001"
    ],
    "argumentTypes": [
      "unknown",
      "unknown",
      "number"
    ],
    "parameters": [
      "",
      "",
      ""
    ],
    "src": "data/js/programs_all/sebastienros/jint/Jint.Tests.Ecma/TestCases/ch15/15.4/15.4.4/15.4.4.22/15.4.4.22-3-15.js : 25 - 25",
    "filename": "data/js/programs_all/sebastienros/jint/Jint.Tests.Ecma/TestCases/ch15/15.4/15.4.4/15.4.4.22/15.4.4.22-3-15.js"
  },
  {
    "base": "ID:reduceRight",
    "callee": "ID:call",
    "calleeLocation": "716360006670004",
    "arguments": [
      "ID:obj",
      "ID:callbackfn",
      "LIT:1"
    ],
    "argumentLocations": [
      "716360006720003",
      "716360006770010",
      "716360006890001"
    ],
    "argumentTypes": [
      "unknown",
      "unknown",
      "number"
    ],
    "parameters": [
      "",
      "",
      ""
    ],
    "src": "data/js/programs_all/sebastienros/jint/Jint.Tests.Ecma/TestCases/ch15/15.4/15.4.4/15.4.4.22/15.4.4.22-3-16.js : 25 - 25",
    "filename": "data/js/programs_all/sebastienros/jint/Jint.Tests.Ecma/TestCases/ch15/15.4/15.4.4/15.4.4.22/15.4.4.22-3-16.js"
  },
  {
    "base": "ID:reduceRight",
    "callee": "ID:call",
    "calleeLocation": "716370012540004",
    "arguments": [
      "ID:obj",
      "ID:callbackfn",
      "LIT:1"
    ],
    "argumentLocations": [
      "716370012590003",
      "716370012640010",
      "716370012760001"
    ],
    "argumentTypes": [
      "unknown",
      "unknown",
      "number"
    ],
    "parameters": [
      "",
      "",
      ""
    ],
    "src": "data/js/programs_all/sebastienros/jint/Jint.Tests.Ecma/TestCases/ch15/15.4/15.4.4/15.4.4.22/15.4.4.22-3-19.js : 42 - 42",
    "filename": "data/js/programs_all/sebastienros/jint/Jint.Tests.Ecma/TestCases/ch15/15.4/15.4.4/15.4.4.22/15.4.4.22-3-19.js"
  },
  {
    "base": "ID:reduceRight",
    "callee": "ID:call",
    "calleeLocation": "716380012060004",
    "arguments": [
      "ID:obj",
      "ID:callbackfn",
      "LIT:1"
    ],
    "argumentLocations": [
      "716380012110003",
      "716380012160010",
      "716380012280001"
    ],
    "argumentTypes": [
      "unknown",
      "unknown",
      "number"
    ],
    "parameters": [
      "",
      "",
      ""
    ],
    "src": "data/js/programs_all/sebastienros/jint/Jint.Tests.Ecma/TestCases/ch15/15.4/15.4.4/15.4.4.22/15.4.4.22-3-23.js : 48 - 48",
    "filename": "data/js/programs_all/sebastienros/jint/Jint.Tests.Ecma/TestCases/ch15/15.4/15.4.4/15.4.4.22/15.4.4.22-3-23.js"
  },
  {
    "base": "ID:reduceRight",
    "callee": "ID:call",
    "calleeLocation": "716390006990004",
    "arguments": [
      "ID:obj",
      "ID:callbackfn",
      "LIT:1"
    ],
    "argumentLocations": [
      "716390007040003",
      "716390007090010",
      "716390007210001"
    ],
    "argumentTypes": [
      "unknown",
      "unknown",
      "number"
    ],
    "parameters": [
      "",
      "",
      ""
    ],
    "src": "data/js/programs_all/sebastienros/jint/Jint.Tests.Ecma/TestCases/ch15/15.4/15.4.4/15.4.4.22/15.4.4.22-3-29.js : 29 - 29",
    "filename": "data/js/programs_all/sebastienros/jint/Jint.Tests.Ecma/TestCases/ch15/15.4/15.4.4/15.4.4.22/15.4.4.22-3-29.js"
  },
  {
    "base": "ID:reduceRight",
    "callee": "ID:call",
    "calleeLocation": "716400008260004",
    "arguments": [
      "ID:obj",
      "ID:undefined"
    ],
    "argumentLocations": [
      "716400008310003",
      "716400008360009"
    ],
    "argumentTypes": [
      "unknown",
      "undefined"
    ],
    "parameters": [
      "",
      ""
    ],
    "src": "data/js/programs_all/sebastienros/jint/Jint.Tests.Ecma/TestCases/ch15/15.4/15.4.4/15.4.4.22/15.4.4.22-4-15.js : 29 - 29",
    "filename": "data/js/programs_all/sebastienros/jint/Jint.Tests.Ecma/TestCases/ch15/15.4/15.4.4/15.4.4.22/15.4.4.22-4-15.js"
  },
  {
    "base": "ID:f",
    "callee": "ID:reduceRight",
    "calleeLocation": "716410004590011",
    "arguments": [
      "ID:cb",
      "LIT:1"
    ],
    "argumentLocations": [
      "716410004710002",
      "716410004740001"
    ],
    "argumentTypes": [
      "unknown",
      "number"
    ],
    "parameters": [
      "",
      ""
    ],
    "src": "data/js/programs_all/sebastienros/jint/Jint.Tests.Ecma/TestCases/ch15/15.4/15.4.4/15.4.4.22/15.4.4.22-7-5.js : 16 - 16",
    "filename": "data/js/programs_all/sebastienros/jint/Jint.Tests.Ecma/TestCases/ch15/15.4/15.4.4/15.4.4.22/15.4.4.22-7-5.js"
  },
  {
    "base": "ID:f",
    "callee": "ID:reduceRight",
    "calleeLocation": "716420005050011",
    "arguments": [
      "ID:cb",
      "LIT:1"
    ],
    "argumentLocations": [
      "716420005170002",
      "716420005200001"
    ],
    "argumentTypes": [
      "unknown",
      "number"
    ],
    "parameters": [
      "",
      ""
    ],
    "src": "data/js/programs_all/sebastienros/jint/Jint.Tests.Ecma/TestCases/ch15/15.4/15.4.4/15.4.4.22/15.4.4.22-7-6.js : 18 - 18",
    "filename": "data/js/programs_all/sebastienros/jint/Jint.Tests.Ecma/TestCases/ch15/15.4/15.4.4/15.4.4.22/15.4.4.22-7-6.js"
  },
  {
    "base": "ID:f",
    "callee": "ID:reduceRight",
    "calleeLocation": "716430008410011",
    "arguments": [
      "ID:cb",
      "LIT:1"
    ],
    "argumentLocations": [
      "716430008530002",
      "716430008560001"
    ],
    "argumentTypes": [
      "unknown",
      "number"
    ],
    "parameters": [
      "",
      ""
    ],
    "src": "data/js/programs_all/sebastienros/jint/Jint.Tests.Ecma/TestCases/ch15/15.4/15.4.4/15.4.4.22/15.4.4.22-7-7.js : 24 - 24",
    "filename": "data/js/programs_all/sebastienros/jint/Jint.Tests.Ecma/TestCases/ch15/15.4/15.4.4/15.4.4.22/15.4.4.22-7-7.js"
  },
  {
    "base": "ID:reduceRight",
    "callee": "ID:call",
    "calleeLocation": "716470010200004",
    "arguments": [
      "ID:child",
      "ID:callbackfn"
    ],
    "argumentLocations": [
      "716470010250005",
      "716470010320010"
    ],
    "argumentTypes": [
      "unknown",
      "unknown"
    ],
    "parameters": [
      "",
      ""
    ],
    "src": "data/js/programs_all/sebastienros/jint/Jint.Tests.Ecma/TestCases/ch15/15.4/15.4.4/15.4.4.22/15.4.4.22-8-b-iii-1-5.js : 38 - 38",
    "filename": "data/js/programs_all/sebastienros/jint/Jint.Tests.Ecma/TestCases/ch15/15.4/15.4.4/15.4.4.22/15.4.4.22-8-b-iii-1-5.js"
  },
  {
    "base": "ID:arr",
    "callee": "ID:reduceRight",
    "calleeLocation": "716490003700011",
    "arguments": [
      "ID:callbackfn",
      "LIT:5"
    ],
    "argumentLocations": [
      "716490003820010",
      "716490003930001"
    ],
    "argumentTypes": [
      "unknown",
      "number"
    ],
    "parameters": [
      "",
      ""
    ],
    "src": "data/js/programs_all/sebastienros/jint/Jint.Tests.Ecma/TestCases/ch15/15.4/15.4.4/15.4.4.22/15.4.4.22-9-b-1.js : 16 - 16",
    "filename": "data/js/programs_all/sebastienros/jint/Jint.Tests.Ecma/TestCases/ch15/15.4/15.4.4/15.4.4.22/15.4.4.22-9-b-1.js"
  },
  {
    "base": "ID:arr",
    "callee": "ID:reduceRight",
    "calleeLocation": "716520009150011",
    "arguments": [
      "ID:callbackfn",
      "LIT:initialValue"
    ],
    "argumentLocations": [
      "716520009270010",
      "716520009390014"
    ],
    "argumentTypes": [
      "unknown",
      "string"
    ],
    "parameters": [
      "",
      ""
    ],
    "src": "data/js/programs_all/sebastienros/jint/Jint.Tests.Ecma/TestCases/ch15/15.4/15.4.4/15.4.4.22/15.4.4.22-9-b-22.js : 37 - 37",
    "filename": "data/js/programs_all/sebastienros/jint/Jint.Tests.Ecma/TestCases/ch15/15.4/15.4.4/15.4.4.22/15.4.4.22-9-b-22.js"
  },
  {
    "base": "ID:reduceRight",
    "callee": "ID:call",
    "calleeLocation": "716530008480004",
    "arguments": [
      "ID:obj",
      "ID:callbackfn",
      "LIT:initialValue"
    ],
    "argumentLocations": [
      "716530008530003",
      "716530008580010",
      "716530008700014"
    ],
    "argumentTypes": [
      "unknown",
      "unknown",
      "string"
    ],
    "parameters": [
      "",
      "",
      ""
    ],
    "src": "data/js/programs_all/sebastienros/jint/Jint.Tests.Ecma/TestCases/ch15/15.4/15.4.4/15.4.4.22/15.4.4.22-9-b-25.js : 30 - 30",
    "filename": "data/js/programs_all/sebastienros/jint/Jint.Tests.Ecma/TestCases/ch15/15.4/15.4.4/15.4.4.22/15.4.4.22-9-b-25.js"
  },
  {
    "base": "ID:arr",
    "callee": "ID:reduceRight",
    "calleeLocation": "716540007830011",
    "arguments": [
      "ID:callbackfn",
      "LIT:initialValue"
    ],
    "argumentLocations": [
      "716540007950010",
      "716540008070014"
    ],
    "argumentTypes": [
      "unknown",
      "string"
    ],
    "parameters": [
      "",
      ""
    ],
    "src": "data/js/programs_all/sebastienros/jint/Jint.Tests.Ecma/TestCases/ch15/15.4/15.4.4/15.4.4.22/15.4.4.22-9-b-26.js : 29 - 29",
    "filename": "data/js/programs_all/sebastienros/jint/Jint.Tests.Ecma/TestCases/ch15/15.4/15.4.4/15.4.4.22/15.4.4.22-9-b-26.js"
  },
  {
    "base": "ID:arr",
    "callee": "ID:reduceRight",
    "calleeLocation": "716560004880011",
    "arguments": [
      "ID:callbackfn",
      "LIT:initialValue"
    ],
    "argumentLocations": [
      "716560005000010",
      "716560005120014"
    ],
    "argumentTypes": [
      "unknown",
      "string"
    ],
    "parameters": [
      "",
      ""
    ],
    "src": "data/js/programs_all/sebastienros/jint/Jint.Tests.Ecma/TestCases/ch15/15.4/15.4.4/15.4.4.22/15.4.4.22-9-c-i-2.js : 18 - 18",
    "filename": "data/js/programs_all/sebastienros/jint/Jint.Tests.Ecma/TestCases/ch15/15.4/15.4.4/15.4.4.22/15.4.4.22-9-c-i-2.js"
  },
  {
    "base": "ID:reduceRight",
    "callee": "ID:call",
    "calleeLocation": "716570007100004",
    "arguments": [
      "ID:fnGlobalObject",
      "ID:callbackfn",
      "LIT:initialValue"
    ],
    "argumentLocations": [
      "716570007150016",
      "716570007330010",
      "716570007450014"
    ],
    "argumentTypes": [
      "unknown",
      "unknown",
      "string"
    ],
    "parameters": [
      "",
      "",
      ""
    ],
    "src": "data/js/programs_all/sebastienros/jint/Jint.Tests.Ecma/TestCases/ch15/15.4/15.4.4/15.4.4.22/15.4.4.22-9-c-i-23.js : 24 - 24",
    "filename": "data/js/programs_all/sebastienros/jint/Jint.Tests.Ecma/TestCases/ch15/15.4/15.4.4/15.4.4.22/15.4.4.22-9-c-i-23.js"
  },
  {
    "base": "ID:arr",
    "callee": "ID:reduceRight",
    "calleeLocation": "716580005830011",
    "arguments": [
      "ID:callbackfn",
      "ID:initVal"
    ],
    "argumentLocations": [
      "716580005950010",
      "716580006070007"
    ],
    "argumentTypes": [
      "unknown",
      "unknown"
    ],
    "parameters": [
      "",
      ""
    ],
    "src": "data/js/programs_all/sebastienros/jint/Jint.Tests.Ecma/TestCases/ch15/15.4/15.4.4/15.4.4.22/15.4.4.22-9-c-ii-12.js : 21 - 21",
    "filename": "data/js/programs_all/sebastienros/jint/Jint.Tests.Ecma/TestCases/ch15/15.4/15.4.4/15.4.4.22/15.4.4.22-9-c-ii-12.js"
  },
  {
    "base": "ID:reduceRight",
    "callee": "ID:call",
    "calleeLocation": "716590004980004",
    "arguments": [
      "ID:obj",
      "ID:callbackfn",
      "LIT:false"
    ],
    "argumentLocations": [
      "716590005030003",
      "716590005080010",
      "716590005200005"
    ],
    "argumentTypes": [
      "unknown",
      "unknown",
      "boolean"
    ],
    "parameters": [
      "",
      "",
      ""
    ],
    "src": "data/js/programs_all/sebastienros/jint/Jint.Tests.Ecma/TestCases/ch15/15.4/15.4.4/15.4.4.22/15.4.4.22-9-c-ii-22.js : 18 - 18",
    "filename": "data/js/programs_all/sebastienros/jint/Jint.Tests.Ecma/TestCases/ch15/15.4/15.4.4/15.4.4.22/15.4.4.22-9-c-ii-22.js"
  },
  {
    "base": "ID:reduceRight",
    "callee": "ID:call",
    "calleeLocation": "716600005400004",
    "arguments": [
      "ID:obj",
      "ID:callbackfn",
      "ID:objBoolean"
    ],
    "argumentLocations": [
      "716600005450003",
      "716600005500010",
      "716600005620010"
    ],
    "argumentTypes": [
      "unknown",
      "unknown",
      "unknown"
    ],
    "parameters": [
      "",
      "",
      ""
    ],
    "src": "data/js/programs_all/sebastienros/jint/Jint.Tests.Ecma/TestCases/ch15/15.4/15.4.4/15.4.4.22/15.4.4.22-9-c-ii-28.js : 19 - 19",
    "filename": "data/js/programs_all/sebastienros/jint/Jint.Tests.Ecma/TestCases/ch15/15.4/15.4.4/15.4.4.22/15.4.4.22-9-c-ii-28.js"
  },
  {
    "base": "ID:reduceRight",
    "callee": "ID:call",
    "calleeLocation": "716610005940004",
    "arguments": [
      "ID:obj",
      "ID:callbackfn",
      "LIT:1"
    ],
    "argumentLocations": [
      "716610005990003",
      "716610006040010",
      "716610006160001"
    ],
    "argumentTypes": [
      "unknown",
      "unknown",
      "number"
    ],
    "parameters": [
      "",
      "",
      ""
    ],
    "src": "data/js/programs_all/sebastienros/jint/Jint.Tests.Ecma/TestCases/ch15/15.4/15.4.4/15.4.4.22/15.4.4.22-9-c-ii-8.js : 20 - 20",
    "filename": "data/js/programs_all/sebastienros/jint/Jint.Tests.Ecma/TestCases/ch15/15.4/15.4.4/15.4.4.22/15.4.4.22-9-c-ii-8.js"
  },
  {
    "base": "ID:x",
    "callee": "ID:concat",
    "calleeLocation": "716620004850006",
    "arguments": [
      "ID:y",
      "ID:z"
    ],
    "argumentLocations": [
      "716620004920001",
      "716620004940001"
    ],
    "argumentTypes": [
      "unknown",
      "unknown"
    ],
    "parameters": [
      "",
      ""
    ],
    "src": "data/js/programs_all/sebastienros/jint/Jint.Tests.Ecma/TestCases/ch15/15.4/15.4.4/15.4.4.4/S15.4.4.4_A1_T1.js : 14 - 14",
    "filename": "data/js/programs_all/sebastienros/jint/Jint.Tests.Ecma/TestCases/ch15/15.4/15.4.4/15.4.4.4/S15.4.4.4_A1_T1.js"
  },
  {
    "base": "",
    "callee": "ID:Array",
    "calleeLocation": "716840005970005",
    "arguments": [
      "LIT:1",
      "LIT:2",
      "LIT:3"
    ],
    "argumentLocations": [
      "716840006030001",
      "716840006050001",
      "716840006070001"
    ],
    "argumentTypes": [
      "number",
      "number",
      "number"
    ],
    "parameters": [
      "",
      "",
      ""
    ],
    "src": "data/js/programs_all/sebastienros/jint/Jint.Tests.Ecma/TestCases/ch15/15.4/15.4.4/15.4.4.9/S15.4.4.9_A1.1_T1.js : 23 - 23",
    "filename": "data/js/programs_all/sebastienros/jint/Jint.Tests.Ecma/TestCases/ch15/15.4/15.4.4/15.4.4.9/S15.4.4.9_A1.1_T1.js"
  },
  {
    "base": "LIT:ABBABABAB1BBAA",
    "callee": "ID:replace",
    "calleeLocation": "717080006970007",
    "arguments": [
      "ID:__obj",
      "ID:__obj2"
    ],
    "argumentLocations": [
      "717080007050005",
      "717080007120006"
    ],
    "argumentTypes": [
      "unknown",
      "unknown"
    ],
    "parameters": [
      "",
      ""
    ],
    "src": "data/js/programs_all/sebastienros/jint/Jint.Tests.Ecma/TestCases/ch15/15.5/15.5.4/15.5.4.11/S15.5.4.11_A1_T13.js : 17 - 17",
    "filename": "data/js/programs_all/sebastienros/jint/Jint.Tests.Ecma/TestCases/ch15/15.5/15.5.4/15.5.4.11/S15.5.4.11_A1_T13.js"
  },
  {
    "base": "ID:__str",
    "callee": "ID:replace",
    "calleeLocation": "717120004130007",
    "arguments": [
      "ID:__pattern",
      "ID:__replFN"
    ],
    "argumentLocations": [
      "717120004210009",
      "717120004320008"
    ],
    "argumentTypes": [
      "unknown",
      "unknown"
    ],
    "parameters": [
      "",
      ""
    ],
    "src": "data/js/programs_all/sebastienros/jint/Jint.Tests.Ecma/TestCases/ch15/15.5/15.5.4/15.5.4.11/S15.5.4.11_A4_T1.js : 14 - 14",
    "filename": "data/js/programs_all/sebastienros/jint/Jint.Tests.Ecma/TestCases/ch15/15.5/15.5.4/15.5.4.11/S15.5.4.11_A4_T1.js"
  },
  {
    "base": "ID:__str",
    "callee": "ID:replace",
    "calleeLocation": "717120006670007",
    "arguments": [
      "ID:__pattern",
      "ID:__replFN"
    ],
    "argumentLocations": [
      "717120006750009",
      "717120006860008"
    ],
    "argumentTypes": [
      "unknown",
      "unknown"
    ],
    "parameters": [
      "",
      ""
    ],
    "src": "data/js/programs_all/sebastienros/jint/Jint.Tests.Ecma/TestCases/ch15/15.5/15.5.4/15.5.4.11/S15.5.4.11_A4_T1.js : 15 - 15",
    "filename": "data/js/programs_all/sebastienros/jint/Jint.Tests.Ecma/TestCases/ch15/15.5/15.5.4/15.5.4.11/S15.5.4.11_A4_T1.js"
  },
  {
    "base": "ID:__str",
    "callee": "ID:replace",
    "calleeLocation": "717130004150007",
    "arguments": [
      "ID:__pattern",
      "ID:__replFN"
    ],
    "argumentLocations": [
      "717130004230009",
      "717130004340008"
    ],
    "argumentTypes": [
      "unknown",
      "unknown"
    ],
    "parameters": [
      "",
      ""
    ],
    "src": "data/js/programs_all/sebastienros/jint/Jint.Tests.Ecma/TestCases/ch15/15.5/15.5.4/15.5.4.11/S15.5.4.11_A4_T2.js : 14 - 14",
    "filename": "data/js/programs_all/sebastienros/jint/Jint.Tests.Ecma/TestCases/ch15/15.5/15.5.4/15.5.4.11/S15.5.4.11_A4_T2.js"
  },
  {
    "base": "ID:__str",
    "callee": "ID:replace",
    "calleeLocation": "717130006700007",
    "arguments": [
      "ID:__pattern",
      "ID:__replFN"
    ],
    "argumentLocations": [
      "717130006780009",
      "717130006890008"
    ],
    "argumentTypes": [
      "unknown",
      "unknown"
    ],
    "parameters": [
      "",
      ""
    ],
    "src": "data/js/programs_all/sebastienros/jint/Jint.Tests.Ecma/TestCases/ch15/15.5/15.5.4/15.5.4.11/S15.5.4.11_A4_T2.js : 15 - 15",
    "filename": "data/js/programs_all/sebastienros/jint/Jint.Tests.Ecma/TestCases/ch15/15.5/15.5.4/15.5.4.11/S15.5.4.11_A4_T2.js"
  },
  {
    "base": "ID:__func",
    "callee": "ID:slice",
    "calleeLocation": "717240005630005",
    "arguments": [
      "LIT:null",
      "ID:length"
    ],
    "argumentLocations": [
      "717240005690004",
      "717240005750033"
    ],
    "argumentTypes": [
      "null",
      "unknown"
    ],
    "parameters": [
      "",
      ""
    ],
    "src": "data/js/programs_all/sebastienros/jint/Jint.Tests.Ecma/TestCases/ch15/15.5/15.5.4/15.5.4.13/S15.5.4.13_A1_T5.js : 17 - 17",
    "filename": "data/js/programs_all/sebastienros/jint/Jint.Tests.Ecma/TestCases/ch15/15.5/15.5.4/15.5.4.13/S15.5.4.13_A1_T5.js"
  },
  {
    "base": "ID:Function",
    "callee": "ID:slice",
    "calleeLocation": "717240005860005",
    "arguments": [
      "ID:__func",
      "LIT:5"
    ],
    "argumentLocations": [
      "717240005920006",
      "717240005990001"
    ],
    "argumentTypes": [
      "unknown",
      "number"
    ],
    "parameters": [
      "",
      ""
    ],
    "src": "data/js/programs_all/sebastienros/jint/Jint.Tests.Ecma/TestCases/ch15/15.5/15.5.4/15.5.4.13/S15.5.4.13_A1_T5.js : 17 - 17",
    "filename": "data/js/programs_all/sebastienros/jint/Jint.Tests.Ecma/TestCases/ch15/15.5/15.5.4/15.5.4.13/S15.5.4.13_A1_T5.js"
  },
  {
    "base": "ID:__func",
    "callee": "ID:slice",
    "calleeLocation": "717240007230005",
    "arguments": [
      "LIT:null",
      "ID:length"
    ],
    "argumentLocations": [
      "717240007290004",
      "717240007350033"
    ],
    "argumentTypes": [
      "null",
      "unknown"
    ],
    "parameters": [
      "",
      ""
    ],
    "src": "data/js/programs_all/sebastienros/jint/Jint.Tests.Ecma/TestCases/ch15/15.5/15.5.4/15.5.4.13/S15.5.4.13_A1_T5.js : 18 - 18",
    "filename": "data/js/programs_all/sebastienros/jint/Jint.Tests.Ecma/TestCases/ch15/15.5/15.5.4/15.5.4.13/S15.5.4.13_A1_T5.js"
  },
  {
    "base": "ID:Function",
    "callee": "ID:slice",
    "calleeLocation": "717240007460005",
    "arguments": [
      "ID:__func",
      "LIT:5"
    ],
    "argumentLocations": [
      "717240007520006",
      "717240007590001"
    ],
    "argumentTypes": [
      "unknown",
      "number"
    ],
    "parameters": [
      "",
      ""
    ],
    "src": "data/js/programs_all/sebastienros/jint/Jint.Tests.Ecma/TestCases/ch15/15.5/15.5.4/15.5.4.13/S15.5.4.13_A1_T5.js : 18 - 18",
    "filename": "data/js/programs_all/sebastienros/jint/Jint.Tests.Ecma/TestCases/ch15/15.5/15.5.4/15.5.4.13/S15.5.4.13_A1_T5.js"
  },
  {
    "base": "ID:String",
    "callee": "ID:slice",
    "calleeLocation": "717250003820005",
    "arguments": [
      "LIT:e",
      "ID:undefined"
    ],
    "argumentLocations": [
      "717250003880003",
      "717250003920009"
    ],
    "argumentTypes": [
      "string",
      "undefined"
    ],
    "parameters": [
      "",
      ""
    ],
    "src": "data/js/programs_all/sebastienros/jint/Jint.Tests.Ecma/TestCases/ch15/15.5/15.5.4/15.5.4.13/S15.5.4.13_A1_T7.js : 12 - 12",
    "filename": "data/js/programs_all/sebastienros/jint/Jint.Tests.Ecma/TestCases/ch15/15.5/15.5.4/15.5.4.13/S15.5.4.13_A1_T7.js"
  },
  {
    "base": "ID:String",
    "callee": "ID:slice",
    "calleeLocation": "717250005140005",
    "arguments": [
      "LIT:e",
      "ID:undefined"
    ],
    "argumentLocations": [
      "717250005200003",
      "717250005240009"
    ],
    "argumentTypes": [
      "string",
      "undefined"
    ],
    "parameters": [
      "",
      ""
    ],
    "src": "data/js/programs_all/sebastienros/jint/Jint.Tests.Ecma/TestCases/ch15/15.5/15.5.4/15.5.4.13/S15.5.4.13_A1_T7.js : 13 - 13",
    "filename": "data/js/programs_all/sebastienros/jint/Jint.Tests.Ecma/TestCases/ch15/15.5/15.5.4/15.5.4.13/S15.5.4.13_A1_T7.js"
  },
  {
    "base": "ID:__string",
    "callee": "ID:slice",
    "calleeLocation": "717260004060005",
    "arguments": [
      "ID:Infinity",
      "ID:NaN"
    ],
    "argumentLocations": [
      "717260004120008",
      "717260004220003"
    ],
    "argumentTypes": [
      "unknown",
      "unknown"
    ],
    "parameters": [
      "",
      ""
    ],
    "src": "data/js/programs_all/sebastienros/jint/Jint.Tests.Ecma/TestCases/ch15/15.5/15.5.4/15.5.4.13/S15.5.4.13_A2_T4.js : 13 - 13",
    "filename": "data/js/programs_all/sebastienros/jint/Jint.Tests.Ecma/TestCases/ch15/15.5/15.5.4/15.5.4.13/S15.5.4.13_A2_T4.js"
  },
  {
    "base": "ID:__string",
    "callee": "ID:slice",
    "calleeLocation": "717260005580005",
    "arguments": [
      "ID:Infinity",
      "ID:NaN"
    ],
    "argumentLocations": [
      "717260005640008",
      "717260005740003"
    ],
    "argumentTypes": [
      "unknown",
      "unknown"
    ],
    "parameters": [
      "",
      ""
    ],
    "src": "data/js/programs_all/sebastienros/jint/Jint.Tests.Ecma/TestCases/ch15/15.5/15.5.4/15.5.4.13/S15.5.4.13_A2_T4.js : 14 - 14",
    "filename": "data/js/programs_all/sebastienros/jint/Jint.Tests.Ecma/TestCases/ch15/15.5/15.5.4/15.5.4.13/S15.5.4.13_A2_T4.js"
  },
  {
    "base": "ID:__instance",
    "callee": "ID:slice",
    "calleeLocation": "717280005130005",
    "arguments": [
      "LIT:0",
      "LIT:100"
    ],
    "argumentLocations": [
      "717280005190001",
      "717280005210003"
    ],
    "argumentTypes": [
      "number",
      "number"
    ],
    "parameters": [
      "",
      ""
    ],
    "src": "data/js/programs_all/sebastienros/jint/Jint.Tests.Ecma/TestCases/ch15/15.5/15.5.4/15.5.4.13/S15.5.4.13_A3_T4.js : 15 - 15",
    "filename": "data/js/programs_all/sebastienros/jint/Jint.Tests.Ecma/TestCases/ch15/15.5/15.5.4/15.5.4.13/S15.5.4.13_A3_T4.js"
  },
  {
    "base": "ID:__instance",
    "callee": "ID:slice",
    "calleeLocation": "717280006210005",
    "arguments": [
      "LIT:0",
      "LIT:100"
    ],
    "argumentLocations": [
      "717280006270001",
      "717280006290003"
    ],
    "argumentTypes": [
      "number",
      "number"
    ],
    "parameters": [
      "",
      ""
    ],
    "src": "data/js/programs_all/sebastienros/jint/Jint.Tests.Ecma/TestCases/ch15/15.5/15.5.4/15.5.4.13/S15.5.4.13_A3_T4.js : 16 - 16",
    "filename": "data/js/programs_all/sebastienros/jint/Jint.Tests.Ecma/TestCases/ch15/15.5/15.5.4/15.5.4.13/S15.5.4.13_A3_T4.js"
  },
  {
    "base": "LIT:ABBABABABBcc^^BBvv%%BBxxx",
    "callee": "ID:split",
    "calleeLocation": "717310007810005",
    "arguments": [
      "ID:__obj",
      "ID:__obj2"
    ],
    "argumentLocations": [
      "717310007870005",
      "717310007940006"
    ],
    "argumentTypes": [
      "unknown",
      "unknown"
    ],
    "parameters": [
      "",
      ""
    ],
    "src": "data/js/programs_all/sebastienros/jint/Jint.Tests.Ecma/TestCases/ch15/15.5/15.5.4/15.5.4.14/S15.5.4.14_A1_T13.js : 18 - 18",
    "filename": "data/js/programs_all/sebastienros/jint/Jint.Tests.Ecma/TestCases/ch15/15.5/15.5.4/15.5.4.14/S15.5.4.14_A1_T13.js"
  },
  {
    "base": "LIT:6776767677.006771",
    "callee": "ID:split",
    "calleeLocation": "717330005640005",
    "arguments": [
      "ID:__re",
      "ID:eval"
    ],
    "argumentLocations": [
      "717330005700004",
      "717330005760013"
    ],
    "argumentTypes": [
      "unknown",
      "unknown"
    ],
    "parameters": [
      "",
      ""
    ],
    "src": "data/js/programs_all/sebastienros/jint/Jint.Tests.Ecma/TestCases/ch15/15.5/15.5.4/15.5.4.14/S15.5.4.14_A1_T18.js : 17 - 17",
    "filename": "data/js/programs_all/sebastienros/jint/Jint.Tests.Ecma/TestCases/ch15/15.5/15.5.4/15.5.4.14/S15.5.4.14_A1_T18.js"
  },
  {
    "base": "ID:__instance",
    "callee": "ID:split",
    "calleeLocation": "717350007630005",
    "arguments": [
      "LIT:1",
      "LIT:2"
    ],
    "argumentLocations": [
      "717350007690001",
      "717350007710001"
    ],
    "argumentTypes": [
      "number",
      "number"
    ],
    "parameters": [
      "",
      ""
    ],
    "src": "data/js/programs_all/sebastienros/jint/Jint.Tests.Ecma/TestCases/ch15/15.5/15.5.4/15.5.4.14/S15.5.4.14_A2_T31.js : 16 - 16",
    "filename": "data/js/programs_all/sebastienros/jint/Jint.Tests.Ecma/TestCases/ch15/15.5/15.5.4/15.5.4.14/S15.5.4.14_A2_T31.js"
  },
  {
    "base": "ID:__instance",
    "callee": "ID:split",
    "calleeLocation": "717360007130005",
    "arguments": [
      "LIT:l",
      "LIT:0"
    ],
    "argumentLocations": [
      "717360007190003",
      "717360007240001"
    ],
    "argumentTypes": [
      "string",
      "number"
    ],
    "parameters": [
      "",
      ""
    ],
    "src": "data/js/programs_all/sebastienros/jint/Jint.Tests.Ecma/TestCases/ch15/15.5/15.5.4/15.5.4.14/S15.5.4.14_A2_T39.js : 14 - 14",
    "filename": "data/js/programs_all/sebastienros/jint/Jint.Tests.Ecma/TestCases/ch15/15.5/15.5.4/15.5.4.14/S15.5.4.14_A2_T39.js"
  },
  {
    "base": "ID:__string",
    "callee": "ID:split",
    "calleeLocation": "717390006050005",
    "arguments": [
      "ID:__re",
      "ID:undefined"
    ],
    "argumentLocations": [
      "717390006110004",
      "717390006170009"
    ],
    "argumentTypes": [
      "unknown",
      "undefined"
    ],
    "parameters": [
      "",
      ""
    ],
    "src": "data/js/programs_all/sebastienros/jint/Jint.Tests.Ecma/TestCases/ch15/15.5/15.5.4/15.5.4.14/S15.5.4.14_A4_T9.js : 15 - 15",
    "filename": "data/js/programs_all/sebastienros/jint/Jint.Tests.Ecma/TestCases/ch15/15.5/15.5.4/15.5.4.14/S15.5.4.14_A4_T9.js"
  },
  {
    "base": "ID:String",
    "callee": "ID:substring",
    "calleeLocation": "717400003550009",
    "arguments": [
      "LIT:e",
      "ID:undefined"
    ],
    "argumentLocations": [
      "717400003650003",
      "717400003690009"
    ],
    "argumentTypes": [
      "string",
      "undefined"
    ],
    "parameters": [
      "",
      ""
    ],
    "src": "data/js/programs_all/sebastienros/jint/Jint.Tests.Ecma/TestCases/ch15/15.5/15.5.4/15.5.4.15/S15.5.4.15_A1_T7.js : 11 - 11",
    "filename": "data/js/programs_all/sebastienros/jint/Jint.Tests.Ecma/TestCases/ch15/15.5/15.5.4/15.5.4.15/S15.5.4.15_A1_T7.js"
  },
  {
    "base": "ID:String",
    "callee": "ID:substring",
    "calleeLocation": "717400004950009",
    "arguments": [
      "LIT:e",
      "ID:undefined"
    ],
    "argumentLocations": [
      "717400005050003",
      "717400005090009"
    ],
    "argumentTypes": [
      "string",
      "undefined"
    ],
    "parameters": [
      "",
      ""
    ],
    "src": "data/js/programs_all/sebastienros/jint/Jint.Tests.Ecma/TestCases/ch15/15.5/15.5.4/15.5.4.15/S15.5.4.15_A1_T7.js : 12 - 12",
    "filename": "data/js/programs_all/sebastienros/jint/Jint.Tests.Ecma/TestCases/ch15/15.5/15.5.4/15.5.4.15/S15.5.4.15_A1_T7.js"
  },
  {
    "base": "ID:__instance",
    "callee": "ID:substring",
    "calleeLocation": "717440005610009",
    "arguments": [
      "LIT:8",
      "ID:length"
    ],
    "argumentLocations": [
      "717440005710001",
      "717440005740028"
    ],
    "argumentTypes": [
      "number",
      "unknown"
    ],
    "parameters": [
      "",
      ""
    ],
    "src": "data/js/programs_all/sebastienros/jint/Jint.Tests.Ecma/TestCases/ch15/15.5/15.5.4/15.5.4.15/S15.5.4.15_A3_T6.js : 15 - 15",
    "filename": "data/js/programs_all/sebastienros/jint/Jint.Tests.Ecma/TestCases/ch15/15.5/15.5.4/15.5.4.15/S15.5.4.15_A3_T6.js"
  },
  {
    "base": "ID:__instance",
    "callee": "ID:substring",
    "calleeLocation": "717440008030009",
    "arguments": [
      "LIT:8",
      "ID:length"
    ],
    "argumentLocations": [
      "717440008130001",
      "717440008160028"
    ],
    "argumentTypes": [
      "number",
      "unknown"
    ],
    "parameters": [
      "",
      ""
    ],
    "src": "data/js/programs_all/sebastienros/jint/Jint.Tests.Ecma/TestCases/ch15/15.5/15.5.4/15.5.4.15/S15.5.4.15_A3_T6.js : 16 - 16",
    "filename": "data/js/programs_all/sebastienros/jint/Jint.Tests.Ecma/TestCases/ch15/15.5/15.5.4/15.5.4.15/S15.5.4.15_A3_T6.js"
  },
  {
    "base": "ID:concat",
    "callee": "ID:call",
    "calleeLocation": "717940006050004",
    "arguments": [
      "ID:__instance",
      "ID:__obj",
      "ID:notexist"
    ],
    "argumentLocations": [
      "717940006100010",
      "717940006210005",
      "717940006280008"
    ],
    "argumentTypes": [
      "unknown",
      "unknown",
      "unknown"
    ],
    "parameters": [
      "",
      "",
      ""
    ],
    "src": "data/js/programs_all/sebastienros/jint/Jint.Tests.Ecma/TestCases/ch15/15.5/15.5.4/15.5.4.6/S15.5.4.6_A4_T2.js : 17 - 17",
    "filename": "data/js/programs_all/sebastienros/jint/Jint.Tests.Ecma/TestCases/ch15/15.5/15.5.4/15.5.4.6/S15.5.4.6_A4_T2.js"
  },
  {
    "base": "ID:__instance",
    "callee": "ID:lastIndexOf",
    "calleeLocation": "718010004480011",
    "arguments": [
      "LIT:true",
      "LIT:false"
    ],
    "argumentLocations": [
      "718010004600004",
      "718010004660005"
    ],
    "argumentTypes": [
      "boolean",
      "boolean"
    ],
    "parameters": [
      "",
      ""
    ],
    "src": "data/js/programs_all/sebastienros/jint/Jint.Tests.Ecma/TestCases/ch15/15.5/15.5.4/15.5.4.8/S15.5.4.8_A1_T1.js : 15 - 15",
    "filename": "data/js/programs_all/sebastienros/jint/Jint.Tests.Ecma/TestCases/ch15/15.5/15.5.4/15.5.4.8/S15.5.4.8_A1_T1.js"
  },
  {
    "base": "ID:__instance",
    "callee": "ID:lastIndexOf",
    "calleeLocation": "718010006470011",
    "arguments": [
      "LIT:true",
      "LIT:false"
    ],
    "argumentLocations": [
      "718010006590004",
      "718010006650005"
    ],
    "argumentTypes": [
      "boolean",
      "boolean"
    ],
    "parameters": [
      "",
      ""
    ],
    "src": "data/js/programs_all/sebastienros/jint/Jint.Tests.Ecma/TestCases/ch15/15.5/15.5.4/15.5.4.8/S15.5.4.8_A1_T1.js : 16 - 16",
    "filename": "data/js/programs_all/sebastienros/jint/Jint.Tests.Ecma/TestCases/ch15/15.5/15.5.4/15.5.4.8/S15.5.4.8_A1_T1.js"
  }
]