[
  {
    "base": "ID:indexOf",
    "callee": "ID:call",
    "calleeLocation": "714020005140004",
    "arguments": [
      "ID:child",
      "LIT:true"
    ],
    "argumentLocations": [
      "714020005190005",
      "714020005260004"
    ],
    "argumentTypes": [
      "unknown",
      "boolean"
    ],
    "parameters": [
      "",
      ""
    ],
    "src": "data/js/programs_all/sebastienros/jint/Jint.Tests.Ecma/TestCases/ch15/15.4/15.4.4/15.4.4.14/15.4.4.14-2-3.js : 19 - 19",
    "filename": "data/js/programs_all/sebastienros/jint/Jint.Tests.Ecma/TestCases/ch15/15.4/15.4.4/15.4.4.14/15.4.4.14-2-3.js"
  },
  {
    "base": "ID:indexOf",
    "callee": "ID:call",
    "calleeLocation": "714030006650004",
    "arguments": [
      "ID:objOne",
      "LIT:true"
    ],
    "argumentLocations": [
      "714030006700006",
      "714030006780004"
    ],
    "argumentTypes": [
      "unknown",
      "boolean"
    ],
    "parameters": [
      "",
      ""
    ],
    "src": "data/js/programs_all/sebastienros/jint/Jint.Tests.Ecma/TestCases/ch15/15.4/15.4.4/15.4.4.14/15.4.4.14-2-7.js : 24 - 24",
    "filename": "data/js/programs_all/sebastienros/jint/Jint.Tests.Ecma/TestCases/ch15/15.4/15.4.4/15.4.4.14/15.4.4.14-2-7.js"
  },
  {
    "base": "ID:indexOf",
    "callee": "ID:call",
    "calleeLocation": "714030007290004",
    "arguments": [
      "ID:objTwo",
      "LIT:true"
    ],
    "argumentLocations": [
      "714030007340006",
      "714030007420004"
    ],
    "argumentTypes": [
      "unknown",
      "boolean"
    ],
    "parameters": [
      "",
      ""
    ],
    "src": "data/js/programs_all/sebastienros/jint/Jint.Tests.Ecma/TestCases/ch15/15.4/15.4.4/15.4.4.14/15.4.4.14-2-7.js : 25 - 25",
    "filename": "data/js/programs_all/sebastienros/jint/Jint.Tests.Ecma/TestCases/ch15/15.4/15.4.4/15.4.4.14/15.4.4.14-2-7.js"
  },
  {
    "base": "ID:indexOf",
    "callee": "ID:call",
    "calleeLocation": "714040006330004",
    "arguments": [
      "ID:child",
      "LIT:true"
    ],
    "argumentLocations": [
      "714040006380005",
      "714040006450004"
    ],
    "argumentTypes": [
      "unknown",
      "boolean"
    ],
    "parameters": [
      "",
      ""
    ],
    "src": "data/js/programs_all/sebastienros/jint/Jint.Tests.Ecma/TestCases/ch15/15.4/15.4.4/15.4.4.14/15.4.4.14-2-8.js : 25 - 25",
    "filename": "data/js/programs_all/sebastienros/jint/Jint.Tests.Ecma/TestCases/ch15/15.4/15.4.4/15.4.4.14/15.4.4.14-2-8.js"
  },
  {
    "base": "ID:indexOf",
    "callee": "ID:call",
    "calleeLocation": "714050003500004",
    "arguments": [
      "ID:obj",
      "LIT:true"
    ],
    "argumentLocations": [
      "714050003550003",
      "714050003600004"
    ],
    "argumentTypes": [
      "unknown",
      "boolean"
    ],
    "parameters": [
      "",
      ""
    ],
    "src": "data/js/programs_all/sebastienros/jint/Jint.Tests.Ecma/TestCases/ch15/15.4/15.4.4/15.4.4.14/15.4.4.14-3-13.js : 12 - 12",
    "filename": "data/js/programs_all/sebastienros/jint/Jint.Tests.Ecma/TestCases/ch15/15.4/15.4.4/15.4.4.14/15.4.4.14-3-13.js"
  },
  {
    "base": "ID:indexOf",
    "callee": "ID:call",
    "calleeLocation": "714050004130004",
    "arguments": [
      "ID:obj",
      "LIT:200.59"
    ],
    "argumentLocations": [
      "714050004180003",
      "714050004230008"
    ],
    "argumentTypes": [
      "unknown",
      "string"
    ],
    "parameters": [
      "",
      ""
    ],
    "src": "data/js/programs_all/sebastienros/jint/Jint.Tests.Ecma/TestCases/ch15/15.4/15.4.4/15.4.4.14/15.4.4.14-3-13.js : 13 - 13",
    "filename": "data/js/programs_all/sebastienros/jint/Jint.Tests.Ecma/TestCases/ch15/15.4/15.4.4/15.4.4.14/15.4.4.14-3-13.js"
  },
  {
    "base": "ID:indexOf",
    "callee": "ID:call",
    "calleeLocation": "714060003450004",
    "arguments": [
      "ID:obj",
      "LIT:true"
    ],
    "argumentLocations": [
      "714060003500003",
      "714060003550004"
    ],
    "argumentTypes": [
      "unknown",
      "boolean"
    ],
    "parameters": [
      "",
      ""
    ],
    "src": "data/js/programs_all/sebastienros/jint/Jint.Tests.Ecma/TestCases/ch15/15.4/15.4.4/15.4.4.14/15.4.4.14-3-15.js : 12 - 12",
    "filename": "data/js/programs_all/sebastienros/jint/Jint.Tests.Ecma/TestCases/ch15/15.4/15.4.4/15.4.4.14/15.4.4.14-3-15.js"
  },
  {
    "base": "ID:indexOf",
    "callee": "ID:call",
    "calleeLocation": "714060004020004",
    "arguments": [
      "ID:obj",
      "LIT:2E0"
    ],
    "argumentLocations": [
      "714060004070003",
      "714060004120005"
    ],
    "argumentTypes": [
      "unknown",
      "string"
    ],
    "parameters": [
      "",
      ""
    ],
    "src": "data/js/programs_all/sebastienros/jint/Jint.Tests.Ecma/TestCases/ch15/15.4/15.4.4/15.4.4.14/15.4.4.14-3-15.js : 13 - 13",
    "filename": "data/js/programs_all/sebastienros/jint/Jint.Tests.Ecma/TestCases/ch15/15.4/15.4.4/15.4.4.14/15.4.4.14-3-15.js"
  },
  {
    "base": "ID:indexOf",
    "callee": "ID:call",
    "calleeLocation": "714070007860004",
    "arguments": [
      "ID:obj",
      "LIT:true"
    ],
    "argumentLocations": [
      "714070007910003",
      "714070007960004"
    ],
    "argumentTypes": [
      "unknown",
      "boolean"
    ],
    "parameters": [
      "",
      ""
    ],
    "src": "data/js/programs_all/sebastienros/jint/Jint.Tests.Ecma/TestCases/ch15/15.4/15.4.4/15.4.4.14/15.4.4.14-3-21.js : 28 - 28",
    "filename": "data/js/programs_all/sebastienros/jint/Jint.Tests.Ecma/TestCases/ch15/15.4/15.4.4/15.4.4.14/15.4.4.14-3-21.js"
  },
  {
    "base": "ID:indexOf",
    "callee": "ID:call",
    "calleeLocation": "714080004240004",
    "arguments": [
      "ID:obj",
      "ID:targetObj"
    ],
    "argumentLocations": [
      "714080004290003",
      "714080004340009"
    ],
    "argumentTypes": [
      "unknown",
      "unknown"
    ],
    "parameters": [
      "",
      ""
    ],
    "src": "data/js/programs_all/sebastienros/jint/Jint.Tests.Ecma/TestCases/ch15/15.4/15.4.4/15.4.4.14/15.4.4.14-3-29.js : 16 - 16",
    "filename": "data/js/programs_all/sebastienros/jint/Jint.Tests.Ecma/TestCases/ch15/15.4/15.4.4/15.4.4.14/15.4.4.14-3-29.js"
  },
  {
    "base": "ID:indexOf",
    "callee": "ID:call",
    "calleeLocation": "714080004900004",
    "arguments": [
      "ID:obj",
      "LIT:4294967297"
    ],
    "argumentLocations": [
      "714080004950003",
      "714080005000010"
    ],
    "argumentTypes": [
      "unknown",
      "number"
    ],
    "parameters": [
      "",
      ""
    ],
    "src": "data/js/programs_all/sebastienros/jint/Jint.Tests.Ecma/TestCases/ch15/15.4/15.4.4/15.4.4.14/15.4.4.14-3-29.js : 17 - 17",
    "filename": "data/js/programs_all/sebastienros/jint/Jint.Tests.Ecma/TestCases/ch15/15.4/15.4.4/15.4.4.14/15.4.4.14-3-29.js"
  },
  {
    "base": "ID:indexOf",
    "callee": "ID:call",
    "calleeLocation": "714090003360004",
    "arguments": [
      "ID:obj",
      "LIT:true"
    ],
    "argumentLocations": [
      "714090003410003",
      "714090003460004"
    ],
    "argumentTypes": [
      "unknown",
      "boolean"
    ],
    "parameters": [
      "",
      ""
    ],
    "src": "data/js/programs_all/sebastienros/jint/Jint.Tests.Ecma/TestCases/ch15/15.4/15.4.4/15.4.4.14/15.4.4.14-3-6.js : 12 - 12",
    "filename": "data/js/programs_all/sebastienros/jint/Jint.Tests.Ecma/TestCases/ch15/15.4/15.4.4/15.4.4.14/15.4.4.14-3-6.js"
  },
  {
    "base": "ID:indexOf",
    "callee": "ID:call",
    "calleeLocation": "714090003970004",
    "arguments": [
      "ID:obj",
      "LIT:false"
    ],
    "argumentLocations": [
      "714090004020003",
      "714090004070005"
    ],
    "argumentTypes": [
      "unknown",
      "boolean"
    ],
    "parameters": [
      "",
      ""
    ],
    "src": "data/js/programs_all/sebastienros/jint/Jint.Tests.Ecma/TestCases/ch15/15.4/15.4.4/15.4.4.14/15.4.4.14-3-6.js : 13 - 13",
    "filename": "data/js/programs_all/sebastienros/jint/Jint.Tests.Ecma/TestCases/ch15/15.4/15.4.4/15.4.4.14/15.4.4.14-3-6.js"
  },
  {
    "base": "ID:indexOf",
    "callee": "ID:call",
    "calleeLocation": "714100003300004",
    "arguments": [
      "ID:obj",
      "LIT:0"
    ],
    "argumentLocations": [
      "714100003350003",
      "714100003400001"
    ],
    "argumentTypes": [
      "unknown",
      "number"
    ],
    "parameters": [
      "",
      ""
    ],
    "src": "data/js/programs_all/sebastienros/jint/Jint.Tests.Ecma/TestCases/ch15/15.4/15.4.4/15.4.4.14/15.4.4.14-3-8.js : 12 - 12",
    "filename": "data/js/programs_all/sebastienros/jint/Jint.Tests.Ecma/TestCases/ch15/15.4/15.4.4/15.4.4.14/15.4.4.14-3-8.js"
  },
  {
    "base": "ID:a",
    "callee": "ID:indexOf",
    "calleeLocation": "714130002670007",
    "arguments": [
      "LIT:3",
      "LIT:0.49"
    ],
    "argumentLocations": [
      "714130002750001",
      "714130002770004"
    ],
    "argumentTypes": [
      "number",
      "number"
    ],
    "parameters": [
      "",
      ""
    ],
    "src": "data/js/programs_all/sebastienros/jint/Jint.Tests.Ecma/TestCases/ch15/15.4/15.4.4/15.4.4.14/15.4.4.14-5-2.js : 10 - 10",
    "filename": "data/js/programs_all/sebastienros/jint/Jint.Tests.Ecma/TestCases/ch15/15.4/15.4.4/15.4.4.14/15.4.4.14-5-2.js"
  },
  {
    "base": "ID:a",
    "callee": "ID:indexOf",
    "calleeLocation": "714130003250007",
    "arguments": [
      "LIT:1",
      "LIT:0.51"
    ],
    "argumentLocations": [
      "714130003330001",
      "714130003350004"
    ],
    "argumentTypes": [
      "number",
      "number"
    ],
    "parameters": [
      "",
      ""
    ],
    "src": "data/js/programs_all/sebastienros/jint/Jint.Tests.Ecma/TestCases/ch15/15.4/15.4.4/15.4.4.14/15.4.4.14-5-2.js : 11 - 11",
    "filename": "data/js/programs_all/sebastienros/jint/Jint.Tests.Ecma/TestCases/ch15/15.4/15.4.4/15.4.4.14/15.4.4.14-5-2.js"
  },
  {
    "base": "ID:a",
    "callee": "ID:indexOf",
    "calleeLocation": "714130003830007",
    "arguments": [
      "LIT:1",
      "LIT:1.51"
    ],
    "argumentLocations": [
      "714130003910001",
      "714130003930004"
    ],
    "argumentTypes": [
      "number",
      "number"
    ],
    "parameters": [
      "",
      ""
    ],
    "src": "data/js/programs_all/sebastienros/jint/Jint.Tests.Ecma/TestCases/ch15/15.4/15.4.4/15.4.4.14/15.4.4.14-5-2.js : 12 - 12",
    "filename": "data/js/programs_all/sebastienros/jint/Jint.Tests.Ecma/TestCases/ch15/15.4/15.4.4/15.4.4.14/15.4.4.14-5-2.js"
  },
  {
    "base": "ID:a",
    "callee": "ID:indexOf",
    "calleeLocation": "714150002560007",
    "arguments": [
      "LIT:1",
      "ID:undefined"
    ],
    "argumentLocations": [
      "714150002640001",
      "714150002660009"
    ],
    "argumentTypes": [
      "number",
      "undefined"
    ],
    "parameters": [
      "",
      ""
    ],
    "src": "data/js/programs_all/sebastienros/jint/Jint.Tests.Ecma/TestCases/ch15/15.4/15.4.4/15.4.4.14/15.4.4.14-5-4.js : 10 - 10",
    "filename": "data/js/programs_all/sebastienros/jint/Jint.Tests.Ecma/TestCases/ch15/15.4/15.4.4/15.4.4.14/15.4.4.14-5-4.js"
  },
  {
    "base": "ID:indexOf",
    "callee": "ID:call",
    "calleeLocation": "714190004930004",
    "arguments": [
      "ID:obj",
      "ID:undefined"
    ],
    "argumentLocations": [
      "714190004980003",
      "714190005030009"
    ],
    "argumentTypes": [
      "unknown",
      "undefined"
    ],
    "parameters": [
      "",
      ""
    ],
    "src": "data/js/programs_all/sebastienros/jint/Jint.Tests.Ecma/TestCases/ch15/15.4/15.4.4/15.4.4.14/15.4.4.14-9-b-i-18.js : 16 - 16",
    "filename": "data/js/programs_all/sebastienros/jint/Jint.Tests.Ecma/TestCases/ch15/15.4/15.4.4/15.4.4.14/15.4.4.14-9-b-i-18.js"
  },
  {
    "base": "ID:lastIndexOf",
    "callee": "ID:call",
    "calleeLocation": "714250003600004",
    "arguments": [
      "ID:obj",
      "LIT:2"
    ],
    "argumentLocations": [
      "714250003650003",
      "714250003700001"
    ],
    "argumentTypes": [
      "unknown",
      "number"
    ],
    "parameters": [
      "",
      ""
    ],
    "src": "data/js/programs_all/sebastienros/jint/Jint.Tests.Ecma/TestCases/ch15/15.4/15.4.4/15.4.4.15/15.4.4.15-1-15.js : 14 - 14",
    "filename": "data/js/programs_all/sebastienros/jint/Jint.Tests.Ecma/TestCases/ch15/15.4/15.4.4/15.4.4.15/15.4.4.15-1-15.js"
  },
  {
    "base": "ID:lastIndexOf",
    "callee": "ID:call",
    "calleeLocation": "714260002670004",
    "arguments": [
      "LIT:abc",
      "LIT:c"
    ],
    "argumentLocations": [
      "714260002720005",
      "714260002790003"
    ],
    "argumentTypes": [
      "string",
      "string"
    ],
    "parameters": [
      "",
      ""
    ],
    "src": "data/js/programs_all/sebastienros/jint/Jint.Tests.Ecma/TestCases/ch15/15.4/15.4.4/15.4.4.15/15.4.4.15-1-7.js : 10 - 10",
    "filename": "data/js/programs_all/sebastienros/jint/Jint.Tests.Ecma/TestCases/ch15/15.4/15.4.4/15.4.4.15/15.4.4.15-1-7.js"
  },
  {
    "base": "ID:lastIndexOf",
    "callee": "ID:call",
    "calleeLocation": "714270003630004",
    "arguments": [
      "ID:obj",
      "LIT:true"
    ],
    "argumentLocations": [
      "714270003680003",
      "714270003730004"
    ],
    "argumentTypes": [
      "unknown",
      "boolean"
    ],
    "parameters": [
      "",
      ""
    ],
    "src": "data/js/programs_all/sebastienros/jint/Jint.Tests.Ecma/TestCases/ch15/15.4/15.4.4/15.4.4.15/15.4.4.15-1-9.js : 15 - 15",
    "filename": "data/js/programs_all/sebastienros/jint/Jint.Tests.Ecma/TestCases/ch15/15.4/15.4.4/15.4.4.15/15.4.4.15-1-9.js"
  },
  {
    "base": "ID:lastIndexOf",
    "callee": "ID:call",
    "calleeLocation": "714290007670004",
    "arguments": [
      "ID:child",
      "LIT:null"
    ],
    "argumentLocations": [
      "714290007720005",
      "714290007790004"
    ],
    "argumentTypes": [
      "unknown",
      "null"
    ],
    "parameters": [
      "",
      ""
    ],
    "src": "data/js/programs_all/sebastienros/jint/Jint.Tests.Ecma/TestCases/ch15/15.4/15.4.4/15.4.4.15/15.4.4.15-2-5.js : 28 - 28",
    "filename": "data/js/programs_all/sebastienros/jint/Jint.Tests.Ecma/TestCases/ch15/15.4/15.4.4/15.4.4.15/15.4.4.15-2-5.js"
  },
  {
    "base": "ID:lastIndexOf",
    "callee": "ID:call",
    "calleeLocation": "714300004890004",
    "arguments": [
      "ID:objOne",
      "LIT:true"
    ],
    "argumentLocations": [
      "714300004940006",
      "714300005020004"
    ],
    "argumentTypes": [
      "unknown",
      "boolean"
    ],
    "parameters": [
      "",
      ""
    ],
    "src": "data/js/programs_all/sebastienros/jint/Jint.Tests.Ecma/TestCases/ch15/15.4/15.4.4/15.4.4.15/15.4.4.15-3-14.js : 14 - 14",
    "filename": "data/js/programs_all/sebastienros/jint/Jint.Tests.Ecma/TestCases/ch15/15.4/15.4.4/15.4.4.15/15.4.4.15-3-14.js"
  },
  {
    "base": "ID:lastIndexOf",
    "callee": "ID:call",
    "calleeLocation": "714300005580004",
    "arguments": [
      "ID:objTwo",
      "LIT:true"
    ],
    "argumentLocations": [
      "714300005630006",
      "714300005710004"
    ],
    "argumentTypes": [
      "unknown",
      "boolean"
    ],
    "parameters": [
      "",
      ""
    ],
    "src": "data/js/programs_all/sebastienros/jint/Jint.Tests.Ecma/TestCases/ch15/15.4/15.4.4/15.4.4.15/15.4.4.15-3-14.js : 15 - 15",
    "filename": "data/js/programs_all/sebastienros/jint/Jint.Tests.Ecma/TestCases/ch15/15.4/15.4.4/15.4.4.15/15.4.4.15-3-14.js"
  },
  {
    "base": "ID:lastIndexOf",
    "callee": "ID:call",
    "calleeLocation": "714300006270004",
    "arguments": [
      "ID:objThree",
      "LIT:true"
    ],
    "argumentLocations": [
      "714300006320008",
      "714300006420004"
    ],
    "argumentTypes": [
      "unknown",
      "boolean"
    ],
    "parameters": [
      "",
      ""
    ],
    "src": "data/js/programs_all/sebastienros/jint/Jint.Tests.Ecma/TestCases/ch15/15.4/15.4.4/15.4.4.15/15.4.4.15-3-14.js : 16 - 16",
    "filename": "data/js/programs_all/sebastienros/jint/Jint.Tests.Ecma/TestCases/ch15/15.4/15.4.4/15.4.4.15/15.4.4.15-3-14.js"
  },
  {
    "base": "ID:lastIndexOf",
    "callee": "ID:call",
    "calleeLocation": "714310003650004",
    "arguments": [
      "ID:obj",
      "LIT:229"
    ],
    "argumentLocations": [
      "714310003700003",
      "714310003750003"
    ],
    "argumentTypes": [
      "unknown",
      "number"
    ],
    "parameters": [
      "",
      ""
    ],
    "src": "data/js/programs_all/sebastienros/jint/Jint.Tests.Ecma/TestCases/ch15/15.4/15.4.4/15.4.4.15/15.4.4.15-3-15.js : 12 - 12",
    "filename": "data/js/programs_all/sebastienros/jint/Jint.Tests.Ecma/TestCases/ch15/15.4/15.4.4/15.4.4.15/15.4.4.15-3-15.js"
  },
  {
    "base": "ID:lastIndexOf",
    "callee": "ID:call",
    "calleeLocation": "714310004310004",
    "arguments": [
      "ID:obj",
      "LIT:230"
    ],
    "argumentLocations": [
      "714310004360003",
      "714310004410005"
    ],
    "argumentTypes": [
      "unknown",
      "number"
    ],
    "parameters": [
      "",
      ""
    ],
    "src": "data/js/programs_all/sebastienros/jint/Jint.Tests.Ecma/TestCases/ch15/15.4/15.4.4/15.4.4.15/15.4.4.15-3-15.js : 13 - 13",
    "filename": "data/js/programs_all/sebastienros/jint/Jint.Tests.Ecma/TestCases/ch15/15.4/15.4.4/15.4.4.15/15.4.4.15-3-15.js"
  },
  {
    "base": "ID:lastIndexOf",
    "callee": "ID:call",
    "calleeLocation": "714320003340004",
    "arguments": [
      "ID:obj",
      "LIT:undefined"
    ],
    "argumentLocations": [
      "714320003390003",
      "714320003440011"
    ],
    "argumentTypes": [
      "unknown",
      "string"
    ],
    "parameters": [
      "",
      ""
    ],
    "src": "data/js/programs_all/sebastienros/jint/Jint.Tests.Ecma/TestCases/ch15/15.4/15.4.4/15.4.4.15/15.4.4.15-3-3.js : 12 - 12",
    "filename": "data/js/programs_all/sebastienros/jint/Jint.Tests.Ecma/TestCases/ch15/15.4/15.4.4/15.4.4.15/15.4.4.15-3-3.js"
  },
  {
    "base": "ID:Math",
    "callee": "ID:pow",
    "calleeLocation": "714330003210003",
    "arguments": [
      "LIT:2",
      "LIT:32"
    ],
    "argumentLocations": [
      "714330003250001",
      "714330003280002"
    ],
    "argumentTypes": [
      "number",
      "number"
    ],
    "parameters": [
      "",
      ""
    ],
    "src": "data/js/programs_all/sebastienros/jint/Jint.Tests.Ecma/TestCases/ch15/15.4/15.4.4/15.4.4.15/15.4.4.15-3-7.js : 10 - 10",
    "filename": "data/js/programs_all/sebastienros/jint/Jint.Tests.Ecma/TestCases/ch15/15.4/15.4.4/15.4.4.15/15.4.4.15-3-7.js"
  },
  {
    "base": "ID:lastIndexOf",
    "callee": "ID:call",
    "calleeLocation": "714330004490004",
    "arguments": [
      "ID:obj",
      "ID:Infinity"
    ],
    "argumentLocations": [
      "714330004540003",
      "714330004590008"
    ],
    "argumentTypes": [
      "unknown",
      "unknown"
    ],
    "parameters": [
      "",
      ""
    ],
    "src": "data/js/programs_all/sebastienros/jint/Jint.Tests.Ecma/TestCases/ch15/15.4/15.4.4/15.4.4.15/15.4.4.15-3-7.js : 13 - 13",
    "filename": "data/js/programs_all/sebastienros/jint/Jint.Tests.Ecma/TestCases/ch15/15.4/15.4.4/15.4.4.15/15.4.4.15-3-7.js"
  },
  {
    "base": "ID:lastIndexOf",
    "callee": "ID:call",
    "calleeLocation": "714350003670004",
    "arguments": [
      "ID:obj",
      "ID:targetObj"
    ],
    "argumentLocations": [
      "714350003720003",
      "714350003770009"
    ],
    "argumentTypes": [
      "unknown",
      "unknown"
    ],
    "parameters": [
      "",
      ""
    ],
    "src": "data/js/programs_all/sebastienros/jint/Jint.Tests.Ecma/TestCases/ch15/15.4/15.4.4/15.4.4.15/15.4.4.15-4-9.js : 11 - 11",
    "filename": "data/js/programs_all/sebastienros/jint/Jint.Tests.Ecma/TestCases/ch15/15.4/15.4.4/15.4.4.15/15.4.4.15-4-9.js"
  },
  {
    "base": "ID:lastIndexOf",
    "callee": "ID:call",
    "calleeLocation": "714380007100004",
    "arguments": [
      "ID:obj",
      "ID:undefined",
      "ID:fromIndex"
    ],
    "argumentLocations": [
      "714380007150003",
      "714380007200009",
      "714380007310009"
    ],
    "argumentTypes": [
      "unknown",
      "undefined",
      "unknown"
    ],
    "parameters": [
      "",
      "",
      ""
    ],
    "src": "data/js/programs_all/sebastienros/jint/Jint.Tests.Ecma/TestCases/ch15/15.4/15.4.4/15.4.4.15/15.4.4.15-5-29.js : 28 - 28",
    "filename": "data/js/programs_all/sebastienros/jint/Jint.Tests.Ecma/TestCases/ch15/15.4/15.4.4/15.4.4.15/15.4.4.15-5-29.js"
  },
  {
    "base": "ID:lastIndexOf",
    "callee": "ID:call",
    "calleeLocation": "714420005150004",
    "arguments": [
      "ID:arr",
      "LIT:length"
    ],
    "argumentLocations": [
      "714420005200003",
      "714420005250008"
    ],
    "argumentTypes": [
      "unknown",
      "string"
    ],
    "parameters": [
      "",
      ""
    ],
    "src": "data/js/programs_all/sebastienros/jint/Jint.Tests.Ecma/TestCases/ch15/15.4/15.4.4/15.4.4.15/15.4.4.15-8-a-1.js : 20 - 20",
    "filename": "data/js/programs_all/sebastienros/jint/Jint.Tests.Ecma/TestCases/ch15/15.4/15.4.4/15.4.4.15/15.4.4.15-8-a-1.js"
  },
  {
    "base": "ID:lastIndexOf",
    "callee": "ID:call",
    "calleeLocation": "714450006440004",
    "arguments": [
      "ID:obj",
      "LIT:true"
    ],
    "argumentLocations": [
      "714450006490003",
      "714450006540004"
    ],
    "argumentTypes": [
      "unknown",
      "boolean"
    ],
    "parameters": [
      "",
      ""
    ],
    "src": "data/js/programs_all/sebastienros/jint/Jint.Tests.Ecma/TestCases/ch15/15.4/15.4.4/15.4.4.15/15.4.4.15-8-b-i-12.js : 20 - 20",
    "filename": "data/js/programs_all/sebastienros/jint/Jint.Tests.Ecma/TestCases/ch15/15.4/15.4.4/15.4.4.15/15.4.4.15-8-b-i-12.js"
  },
  {
    "base": "ID:lastIndexOf",
    "callee": "ID:call",
    "calleeLocation": "714460005010004",
    "arguments": [
      "ID:obj",
      "ID:undefined"
    ],
    "argumentLocations": [
      "714460005060003",
      "714460005110009"
    ],
    "argumentTypes": [
      "unknown",
      "undefined"
    ],
    "parameters": [
      "",
      ""
    ],
    "src": "data/js/programs_all/sebastienros/jint/Jint.Tests.Ecma/TestCases/ch15/15.4/15.4.4/15.4.4.15/15.4.4.15-8-b-i-18.js : 16 - 16",
    "filename": "data/js/programs_all/sebastienros/jint/Jint.Tests.Ecma/TestCases/ch15/15.4/15.4.4/15.4.4.15/15.4.4.15-8-b-i-18.js"
  },
  {
    "base": "ID:lastIndexOf",
    "callee": "ID:call",
    "calleeLocation": "714470004230004",
    "arguments": [
      "ID:arguments",
      "ID:arguments"
    ],
    "argumentLocations": [
      "714470004280009",
      "714470004390012"
    ],
    "argumentTypes": [
      "unknown",
      "unknown"
    ],
    "parameters": [
      "",
      ""
    ],
    "src": "data/js/programs_all/sebastienros/jint/Jint.Tests.Ecma/TestCases/ch15/15.4/15.4.4/15.4.4.15/15.4.4.15-8-b-i-27.js : 11 - 11",
    "filename": "data/js/programs_all/sebastienros/jint/Jint.Tests.Ecma/TestCases/ch15/15.4/15.4.4/15.4.4.15/15.4.4.15-8-b-i-27.js"
  },
  {
    "base": "ID:lastIndexOf",
    "callee": "ID:call",
    "calleeLocation": "714470005060004",
    "arguments": [
      "ID:arguments",
      "ID:arguments"
    ],
    "argumentLocations": [
      "714470005110009",
      "714470005220012"
    ],
    "argumentTypes": [
      "unknown",
      "unknown"
    ],
    "parameters": [
      "",
      ""
    ],
    "src": "data/js/programs_all/sebastienros/jint/Jint.Tests.Ecma/TestCases/ch15/15.4/15.4.4/15.4.4.15/15.4.4.15-8-b-i-27.js : 12 - 12",
    "filename": "data/js/programs_all/sebastienros/jint/Jint.Tests.Ecma/TestCases/ch15/15.4/15.4.4/15.4.4.15/15.4.4.15-8-b-i-27.js"
  },
  {
    "base": "ID:lastIndexOf",
    "callee": "ID:call",
    "calleeLocation": "714470005900004",
    "arguments": [
      "ID:arguments",
      "ID:arguments"
    ],
    "argumentLocations": [
      "714470005950009",
      "714470006060012"
    ],
    "argumentTypes": [
      "unknown",
      "unknown"
    ],
    "parameters": [
      "",
      ""
    ],
    "src": "data/js/programs_all/sebastienros/jint/Jint.Tests.Ecma/TestCases/ch15/15.4/15.4.4/15.4.4.15/15.4.4.15-8-b-i-27.js : 13 - 13",
    "filename": "data/js/programs_all/sebastienros/jint/Jint.Tests.Ecma/TestCases/ch15/15.4/15.4.4/15.4.4.15/15.4.4.15-8-b-i-27.js"
  },
  {
    "base": "",
    "callee": "ID:func",
    "calleeLocation": "714470006480004",
    "arguments": [
      "LIT:0",
      "ID:arguments",
      "LIT:0",
      "ID:prototype"
    ],
    "argumentLocations": [
      "714470006530001",
      "714470006560009",
      "714470006670001",
      "714470006700016"
    ],
    "argumentTypes": [
      "number",
      "unknown",
      "number",
      "unknown"
    ],
    "parameters": [
      "ID:a",
      "ID:b",
      "",
      ""
    ],
    "src": "data/js/programs_all/sebastienros/jint/Jint.Tests.Ecma/TestCases/ch15/15.4/15.4.4/15.4.4.15/15.4.4.15-8-b-i-27.js : 16 - 16",
    "filename": "data/js/programs_all/sebastienros/jint/Jint.Tests.Ecma/TestCases/ch15/15.4/15.4.4/15.4.4.15/15.4.4.15-8-b-i-27.js"
  },
  {
    "base": "ID:lastIndexOf",
    "callee": "ID:call",
    "calleeLocation": "714490007520004",
    "arguments": [
      "ID:obj",
      "LIT:true"
    ],
    "argumentLocations": [
      "714490007570003",
      "714490007620004"
    ],
    "argumentTypes": [
      "unknown",
      "boolean"
    ],
    "parameters": [
      "",
      ""
    ],
    "src": "data/js/programs_all/sebastienros/jint/Jint.Tests.Ecma/TestCases/ch15/15.4/15.4.4/15.4.4.15/15.4.4.15-8-b-i-31.js : 29 - 29",
    "filename": "data/js/programs_all/sebastienros/jint/Jint.Tests.Ecma/TestCases/ch15/15.4/15.4.4/15.4.4.15/15.4.4.15-8-b-i-31.js"
  },
  {
    "base": "ID:lastIndexOf",
    "callee": "ID:call",
    "calleeLocation": "714540004320004",
    "arguments": [
      "ID:f",
      "LIT:1"
    ],
    "argumentLocations": [
      "714540004370001",
      "714540004390001"
    ],
    "argumentTypes": [
      "unknown",
      "number"
    ],
    "parameters": [
      "",
      ""
    ],
    "src": "data/js/programs_all/sebastienros/jint/Jint.Tests.Ecma/TestCases/ch15/15.4/15.4.4/15.4.4.15/15.4.4.15-9-2.js : 13 - 13",
    "filename": "data/js/programs_all/sebastienros/jint/Jint.Tests.Ecma/TestCases/ch15/15.4/15.4.4/15.4.4.15/15.4.4.15-9-2.js"
  },
  {
    "base": "ID:every",
    "callee": "ID:call",
    "calleeLocation": "714550004720004",
    "arguments": [
      "ID:obj",
      "ID:callbackfn"
    ],
    "argumentLocations": [
      "714550004770003",
      "714550004820010"
    ],
    "argumentTypes": [
      "unknown",
      "unknown"
    ],
    "parameters": [
      "",
      ""
    ],
    "src": "data/js/programs_all/sebastienros/jint/Jint.Tests.Ecma/TestCases/ch15/15.4/15.4.4/15.4.4.16/15.4.4.16-1-9.js : 19 - 19",
    "filename": "data/js/programs_all/sebastienros/jint/Jint.Tests.Ecma/TestCases/ch15/15.4/15.4.4/15.4.4.16/15.4.4.16-1-9.js"
  },
  {
    "base": "ID:every",
    "callee": "ID:call",
    "calleeLocation": "714560007680004",
    "arguments": [
      "ID:child",
      "ID:callbackfn"
    ],
    "argumentLocations": [
      "714560007730005",
      "714560007800010"
    ],
    "argumentTypes": [
      "unknown",
      "unknown"
    ],
    "parameters": [
      "",
      ""
    ],
    "src": "data/js/programs_all/sebastienros/jint/Jint.Tests.Ecma/TestCases/ch15/15.4/15.4.4/15.4.4.16/15.4.4.16-2-13.js : 30 - 30",
    "filename": "data/js/programs_all/sebastienros/jint/Jint.Tests.Ecma/TestCases/ch15/15.4/15.4.4/15.4.4.16/15.4.4.16-2-13.js"
  },
  {
    "base": "ID:every",
    "callee": "ID:call",
    "calleeLocation": "714570005130004",
    "arguments": [
      "ID:obj",
      "ID:callbackfn1"
    ],
    "argumentLocations": [
      "714570005180003",
      "714570005230011"
    ],
    "argumentTypes": [
      "unknown",
      "unknown"
    ],
    "parameters": [
      "",
      ""
    ],
    "src": "data/js/programs_all/sebastienros/jint/Jint.Tests.Ecma/TestCases/ch15/15.4/15.4.4/15.4.4.16/15.4.4.16-3-15.js : 19 - 19",
    "filename": "data/js/programs_all/sebastienros/jint/Jint.Tests.Ecma/TestCases/ch15/15.4/15.4.4/15.4.4.16/15.4.4.16-3-15.js"
  },
  {
    "base": "ID:every",
    "callee": "ID:call",
    "calleeLocation": "714570005740004",
    "arguments": [
      "ID:obj",
      "ID:callbackfn2"
    ],
    "argumentLocations": [
      "714570005790003",
      "714570005840011"
    ],
    "argumentTypes": [
      "unknown",
      "unknown"
    ],
    "parameters": [
      "",
      ""
    ],
    "src": "data/js/programs_all/sebastienros/jint/Jint.Tests.Ecma/TestCases/ch15/15.4/15.4.4/15.4.4.16/15.4.4.16-3-15.js : 20 - 20",
    "filename": "data/js/programs_all/sebastienros/jint/Jint.Tests.Ecma/TestCases/ch15/15.4/15.4.4/15.4.4.16/15.4.4.16-3-15.js"
  },
  {
    "base": "ID:every",
    "callee": "ID:call",
    "calleeLocation": "714580005530004",
    "arguments": [
      "ID:obj",
      "ID:callbackfn1"
    ],
    "argumentLocations": [
      "714580005580003",
      "714580005630011"
    ],
    "argumentTypes": [
      "unknown",
      "unknown"
    ],
    "parameters": [
      "",
      ""
    ],
    "src": "data/js/programs_all/sebastienros/jint/Jint.Tests.Ecma/TestCases/ch15/15.4/15.4.4/15.4.4.16/15.4.4.16-3-24.js : 19 - 19",
    "filename": "data/js/programs_all/sebastienros/jint/Jint.Tests.Ecma/TestCases/ch15/15.4/15.4.4/15.4.4.16/15.4.4.16-3-24.js"
  },
  {
    "base": "ID:every",
    "callee": "ID:call",
    "calleeLocation": "714580006140004",
    "arguments": [
      "ID:obj",
      "ID:callbackfn2"
    ],
    "argumentLocations": [
      "714580006190003",
      "714580006240011"
    ],
    "argumentTypes": [
      "unknown",
      "unknown"
    ],
    "parameters": [
      "",
      ""
    ],
    "src": "data/js/programs_all/sebastienros/jint/Jint.Tests.Ecma/TestCases/ch15/15.4/15.4.4/15.4.4.16/15.4.4.16-3-24.js : 20 - 20",
    "filename": "data/js/programs_all/sebastienros/jint/Jint.Tests.Ecma/TestCases/ch15/15.4/15.4.4/15.4.4.16/15.4.4.16-3-24.js"
  },
  {
    "base": "ID:every",
    "callee": "ID:call",
    "calleeLocation": "714590006360004",
    "arguments": [
      "ID:obj",
      "ID:undefined"
    ],
    "argumentLocations": [
      "714590006410003",
      "714590006460009"
    ],
    "argumentTypes": [
      "unknown",
      "undefined"
    ],
    "parameters": [
      "",
      ""
    ],
    "src": "data/js/programs_all/sebastienros/jint/Jint.Tests.Ecma/TestCases/ch15/15.4/15.4.4/15.4.4.16/15.4.4.16-4-11.js : 24 - 24",
    "filename": "data/js/programs_all/sebastienros/jint/Jint.Tests.Ecma/TestCases/ch15/15.4/15.4.4/15.4.4.16/15.4.4.16-4-11.js"
  },
  {
    "base": "ID:every",
    "callee": "ID:call",
    "calleeLocation": "714630005460004",
    "arguments": [
      "ID:arguments",
      "ID:callbackfn"
    ],
    "argumentLocations": [
      "714630005510009",
      "714630005620010"
    ],
    "argumentTypes": [
      "unknown",
      "unknown"
    ],
    "parameters": [
      "",
      ""
    ],
    "src": "data/js/programs_all/sebastienros/jint/Jint.Tests.Ecma/TestCases/ch15/15.4/15.4.4/15.4.4.16/15.4.4.16-7-c-i-25.js : 18 - 18",
    "filename": "data/js/programs_all/sebastienros/jint/Jint.Tests.Ecma/TestCases/ch15/15.4/15.4.4/15.4.4.16/15.4.4.16-7-c-i-25.js"
  },
  {
    "base": "ID:every",
    "callee": "ID:call",
    "calleeLocation": "714650005220004",
    "arguments": [
      "ID:obj",
      "ID:callbackfn",
      "LIT:5"
    ],
    "argumentLocations": [
      "714650005270003",
      "714650005320010",
      "714650005440001"
    ],
    "argumentTypes": [
      "unknown",
      "unknown",
      "number"
    ],
    "parameters": [
      "",
      "",
      ""
    ],
    "src": "data/js/programs_all/sebastienros/jint/Jint.Tests.Ecma/TestCases/ch15/15.4/15.4.4/15.4.4.16/15.4.4.16-7-c-ii-17.js : 19 - 19",
    "filename": "data/js/programs_all/sebastienros/jint/Jint.Tests.Ecma/TestCases/ch15/15.4/15.4.4/15.4.4.16/15.4.4.16-7-c-ii-17.js"
  },
  {
    "base": "ID:every",
    "callee": "ID:call",
    "calleeLocation": "714720004810004",
    "arguments": [
      "ID:obj",
      "ID:callbackfn"
    ],
    "argumentLocations": [
      "714720004860003",
      "714720004910010"
    ],
    "argumentTypes": [
      "unknown",
      "unknown"
    ],
    "parameters": [
      "",
      ""
    ],
    "src": "data/js/programs_all/sebastienros/jint/Jint.Tests.Ecma/TestCases/ch15/15.4/15.4.4/15.4.4.16/15.4.4.16-7-c-iii-4.js : 20 - 20",
    "filename": "data/js/programs_all/sebastienros/jint/Jint.Tests.Ecma/TestCases/ch15/15.4/15.4.4/15.4.4.16/15.4.4.16-7-c-iii-4.js"
  },
  {
    "base": "ID:some",
    "callee": "ID:call",
    "calleeLocation": "714760004560004",
    "arguments": [
      "ID:Math",
      "ID:callbackfn"
    ],
    "argumentLocations": [
      "714760004610004",
      "714760004670010"
    ],
    "argumentTypes": [
      "unknown",
      "unknown"
    ],
    "parameters": [
      "",
      ""
    ],
    "src": "data/js/programs_all/sebastienros/jint/Jint.Tests.Ecma/TestCases/ch15/15.4/15.4.4/15.4.4.17/15.4.4.17-1-10.js : 16 - 16",
    "filename": "data/js/programs_all/sebastienros/jint/Jint.Tests.Ecma/TestCases/ch15/15.4/15.4.4/15.4.4.17/15.4.4.17-1-10.js"
  },
  {
    "base": "ID:some",
    "callee": "ID:call",
    "calleeLocation": "714770007570004",
    "arguments": [
      "ID:child",
      "ID:callbackfn"
    ],
    "argumentLocations": [
      "714770007620005",
      "714770007690010"
    ],
    "argumentTypes": [
      "unknown",
      "unknown"
    ],
    "parameters": [
      "",
      ""
    ],
    "src": "data/js/programs_all/sebastienros/jint/Jint.Tests.Ecma/TestCases/ch15/15.4/15.4.4/15.4.4.17/15.4.4.17-2-13.js : 30 - 30",
    "filename": "data/js/programs_all/sebastienros/jint/Jint.Tests.Ecma/TestCases/ch15/15.4/15.4.4/15.4.4.17/15.4.4.17-2-13.js"
  },
  {
    "base": "ID:some",
    "callee": "ID:call",
    "calleeLocation": "714790007260004",
    "arguments": [
      "ID:child",
      "ID:callbackfn1"
    ],
    "argumentLocations": [
      "714790007310005",
      "714790007380011"
    ],
    "argumentTypes": [
      "unknown",
      "unknown"
    ],
    "parameters": [
      "",
      ""
    ],
    "src": "data/js/programs_all/sebastienros/jint/Jint.Tests.Ecma/TestCases/ch15/15.4/15.4.4/15.4.4.17/15.4.4.17-2-3.js : 28 - 28",
    "filename": "data/js/programs_all/sebastienros/jint/Jint.Tests.Ecma/TestCases/ch15/15.4/15.4.4/15.4.4.17/15.4.4.17-2-3.js"
  },
  {
    "base": "ID:some",
    "callee": "ID:call",
    "calleeLocation": "714790007880004",
    "arguments": [
      "ID:child",
      "ID:callbackfn2"
    ],
    "argumentLocations": [
      "714790007930005",
      "714790008000011"
    ],
    "argumentTypes": [
      "unknown",
      "unknown"
    ],
    "parameters": [
      "",
      ""
    ],
    "src": "data/js/programs_all/sebastienros/jint/Jint.Tests.Ecma/TestCases/ch15/15.4/15.4.4/15.4.4.17/15.4.4.17-2-3.js : 29 - 29",
    "filename": "data/js/programs_all/sebastienros/jint/Jint.Tests.Ecma/TestCases/ch15/15.4/15.4.4/15.4.4.17/15.4.4.17-2-3.js"
  },
  {
    "base": "ID:some",
    "callee": "ID:call",
    "calleeLocation": "714800010280004",
    "arguments": [
      "ID:child",
      "ID:callbackfn1"
    ],
    "argumentLocations": [
      "714800010330005",
      "714800010400011"
    ],
    "argumentTypes": [
      "unknown",
      "unknown"
    ],
    "parameters": [
      "",
      ""
    ],
    "src": "data/js/programs_all/sebastienros/jint/Jint.Tests.Ecma/TestCases/ch15/15.4/15.4.4/15.4.4.17/15.4.4.17-2-9.js : 42 - 42",
    "filename": "data/js/programs_all/sebastienros/jint/Jint.Tests.Ecma/TestCases/ch15/15.4/15.4.4/15.4.4.17/15.4.4.17-2-9.js"
  },
  {
    "base": "ID:some",
    "callee": "ID:call",
    "calleeLocation": "714800010900004",
    "arguments": [
      "ID:child",
      "ID:callbackfn2"
    ],
    "argumentLocations": [
      "714800010950005",
      "714800011020011"
    ],
    "argumentTypes": [
      "unknown",
      "unknown"
    ],
    "parameters": [
      "",
      ""
    ],
    "src": "data/js/programs_all/sebastienros/jint/Jint.Tests.Ecma/TestCases/ch15/15.4/15.4.4/15.4.4.17/15.4.4.17-2-9.js : 43 - 43",
    "filename": "data/js/programs_all/sebastienros/jint/Jint.Tests.Ecma/TestCases/ch15/15.4/15.4.4/15.4.4.17/15.4.4.17-2-9.js"
  },
  {
    "base": "ID:some",
    "callee": "ID:call",
    "calleeLocation": "714810004620004",
    "arguments": [
      "ID:obj",
      "ID:callbackfn"
    ],
    "argumentLocations": [
      "714810004670003",
      "714810004720010"
    ],
    "argumentTypes": [
      "unknown",
      "unknown"
    ],
    "parameters": [
      "",
      ""
    ],
    "src": "data/js/programs_all/sebastienros/jint/Jint.Tests.Ecma/TestCases/ch15/15.4/15.4.4/15.4.4.17/15.4.4.17-3-10.js : 19 - 19",
    "filename": "data/js/programs_all/sebastienros/jint/Jint.Tests.Ecma/TestCases/ch15/15.4/15.4.4/15.4.4.17/15.4.4.17-3-10.js"
  },
  {
    "base": "ID:some",
    "callee": "ID:call",
    "calleeLocation": "714820005210004",
    "arguments": [
      "ID:obj",
      "ID:callbackfn1"
    ],
    "argumentLocations": [
      "714820005260003",
      "714820005310011"
    ],
    "argumentTypes": [
      "unknown",
      "unknown"
    ],
    "parameters": [
      "",
      ""
    ],
    "src": "data/js/programs_all/sebastienros/jint/Jint.Tests.Ecma/TestCases/ch15/15.4/15.4.4/15.4.4.17/15.4.4.17-3-17.js : 19 - 19",
    "filename": "data/js/programs_all/sebastienros/jint/Jint.Tests.Ecma/TestCases/ch15/15.4/15.4.4/15.4.4.17/15.4.4.17-3-17.js"
  },
  {
    "base": "ID:some",
    "callee": "ID:call",
    "calleeLocation": "714820005810004",
    "arguments": [
      "ID:obj",
      "ID:callbackfn2"
    ],
    "argumentLocations": [
      "714820005860003",
      "714820005910011"
    ],
    "argumentTypes": [
      "unknown",
      "unknown"
    ],
    "parameters": [
      "",
      ""
    ],
    "src": "data/js/programs_all/sebastienros/jint/Jint.Tests.Ecma/TestCases/ch15/15.4/15.4.4/15.4.4.17/15.4.4.17-3-17.js : 20 - 20",
    "filename": "data/js/programs_all/sebastienros/jint/Jint.Tests.Ecma/TestCases/ch15/15.4/15.4.4/15.4.4.17/15.4.4.17-3-17.js"
  },
  {
    "base": "ID:some",
    "callee": "ID:call",
    "calleeLocation": "714830005410004",
    "arguments": [
      "ID:obj",
      "ID:callbackfn1"
    ],
    "argumentLocations": [
      "714830005460003",
      "714830005510011"
    ],
    "argumentTypes": [
      "unknown",
      "unknown"
    ],
    "parameters": [
      "",
      ""
    ],
    "src": "data/js/programs_all/sebastienros/jint/Jint.Tests.Ecma/TestCases/ch15/15.4/15.4.4/15.4.4.17/15.4.4.17-3-2.js : 19 - 19",
    "filename": "data/js/programs_all/sebastienros/jint/Jint.Tests.Ecma/TestCases/ch15/15.4/15.4.4/15.4.4.17/15.4.4.17-3-2.js"
  },
  {
    "base": "ID:some",
    "callee": "ID:call",
    "calleeLocation": "714830006010004",
    "arguments": [
      "ID:obj",
      "ID:callbackfn2"
    ],
    "argumentLocations": [
      "714830006060003",
      "714830006110011"
    ],
    "argumentTypes": [
      "unknown",
      "unknown"
    ],
    "parameters": [
      "",
      ""
    ],
    "src": "data/js/programs_all/sebastienros/jint/Jint.Tests.Ecma/TestCases/ch15/15.4/15.4.4/15.4.4.17/15.4.4.17-3-2.js : 20 - 20",
    "filename": "data/js/programs_all/sebastienros/jint/Jint.Tests.Ecma/TestCases/ch15/15.4/15.4.4/15.4.4.17/15.4.4.17-3-2.js"
  },
  {
    "base": "ID:arr",
    "callee": "ID:some",
    "calleeLocation": "714890004250004",
    "arguments": [
      "ID:callbackfn",
      "ID:f"
    ],
    "argumentLocations": [
      "714890004300010",
      "714890004410001"
    ],
    "argumentTypes": [
      "unknown",
      "unknown"
    ],
    "parameters": [
      "",
      ""
    ],
    "src": "data/js/programs_all/sebastienros/jint/Jint.Tests.Ecma/TestCases/ch15/15.4/15.4.4/15.4.4.17/15.4.4.17-5-4.js : 20 - 20",
    "filename": "data/js/programs_all/sebastienros/jint/Jint.Tests.Ecma/TestCases/ch15/15.4/15.4.4/15.4.4.17/15.4.4.17-5-4.js"
  },
  {
    "base": "ID:some",
    "callee": "ID:call",
    "calleeLocation": "714910009490004",
    "arguments": [
      "ID:arr",
      "ID:callbackfn"
    ],
    "argumentLocations": [
      "714910009540003",
      "714910009590010"
    ],
    "argumentTypes": [
      "unknown",
      "unknown"
    ],
    "parameters": [
      "",
      ""
    ],
    "src": "data/js/programs_all/sebastienros/jint/Jint.Tests.Ecma/TestCases/ch15/15.4/15.4.4/15.4.4.17/15.4.4.17-7-b-6.js : 32 - 32",
    "filename": "data/js/programs_all/sebastienros/jint/Jint.Tests.Ecma/TestCases/ch15/15.4/15.4.4/15.4.4.17/15.4.4.17-7-b-6.js"
  },
  {
    "base": "ID:some",
    "callee": "ID:call",
    "calleeLocation": "714940005700004",
    "arguments": [
      "ID:arguments",
      "ID:callbackfn"
    ],
    "argumentLocations": [
      "714940005750009",
      "714940005860010"
    ],
    "argumentTypes": [
      "unknown",
      "unknown"
    ],
    "parameters": [
      "",
      ""
    ],
    "src": "data/js/programs_all/sebastienros/jint/Jint.Tests.Ecma/TestCases/ch15/15.4/15.4.4/15.4.4.17/15.4.4.17-7-c-i-25.js : 18 - 18",
    "filename": "data/js/programs_all/sebastienros/jint/Jint.Tests.Ecma/TestCases/ch15/15.4/15.4.4/15.4.4.17/15.4.4.17-7-c-i-25.js"
  },
  {
    "base": "ID:some",
    "callee": "ID:call",
    "calleeLocation": "714970005060004",
    "arguments": [
      "ID:obj",
      "ID:callbackfn"
    ],
    "argumentLocations": [
      "714970005110003",
      "714970005160010"
    ],
    "argumentTypes": [
      "unknown",
      "unknown"
    ],
    "parameters": [
      "",
      ""
    ],
    "src": "data/js/programs_all/sebastienros/jint/Jint.Tests.Ecma/TestCases/ch15/15.4/15.4.4/15.4.4.17/15.4.4.17-7-c-ii-8.js : 19 - 19",
    "filename": "data/js/programs_all/sebastienros/jint/Jint.Tests.Ecma/TestCases/ch15/15.4/15.4.4/15.4.4.17/15.4.4.17-7-c-ii-8.js"
  },
  {
    "base": "ID:forEach",
    "callee": "ID:call",
    "calleeLocation": "715030005110004",
    "arguments": [
      "ID:obj",
      "ID:callbackfn"
    ],
    "argumentLocations": [
      "715030005160003",
      "715030005210010"
    ],
    "argumentTypes": [
      "unknown",
      "unknown"
    ],
    "parameters": [
      "",
      ""
    ],
    "src": "data/js/programs_all/sebastienros/jint/Jint.Tests.Ecma/TestCases/ch15/15.4/15.4.4/15.4.4.18/15.4.4.18-1-15.js : 18 - 18",
    "filename": "data/js/programs_all/sebastienros/jint/Jint.Tests.Ecma/TestCases/ch15/15.4/15.4.4/15.4.4.18/15.4.4.18-1-15.js"
  },
  {
    "base": "ID:forEach",
    "callee": "ID:call",
    "calleeLocation": "715040007790004",
    "arguments": [
      "ID:child",
      "ID:callbackfn"
    ],
    "argumentLocations": [
      "715040007840005",
      "715040007910010"
    ],
    "argumentTypes": [
      "unknown",
      "unknown"
    ],
    "parameters": [
      "",
      ""
    ],
    "src": "data/js/programs_all/sebastienros/jint/Jint.Tests.Ecma/TestCases/ch15/15.4/15.4.4/15.4.4.18/15.4.4.18-2-10.js : 31 - 31",
    "filename": "data/js/programs_all/sebastienros/jint/Jint.Tests.Ecma/TestCases/ch15/15.4/15.4.4/15.4.4.18/15.4.4.18-2-10.js"
  },
  {
    "base": "ID:forEach",
    "callee": "ID:call",
    "calleeLocation": "715060009280004",
    "arguments": [
      "ID:child",
      "ID:callbackfn"
    ],
    "argumentLocations": [
      "715060009330005",
      "715060009400010"
    ],
    "argumentTypes": [
      "unknown",
      "unknown"
    ],
    "parameters": [
      "",
      ""
    ],
    "src": "data/js/programs_all/sebastienros/jint/Jint.Tests.Ecma/TestCases/ch15/15.4/15.4.4/15.4.4.18/15.4.4.18-2-5.js : 35 - 35",
    "filename": "data/js/programs_all/sebastienros/jint/Jint.Tests.Ecma/TestCases/ch15/15.4/15.4.4/15.4.4.18/15.4.4.18-2-5.js"
  },
  {
    "base": "ID:forEach",
    "callee": "ID:call",
    "calleeLocation": "715070004620004",
    "arguments": [
      "ID:obj",
      "ID:callbackfn"
    ],
    "argumentLocations": [
      "715070004670003",
      "715070004720010"
    ],
    "argumentTypes": [
      "unknown",
      "unknown"
    ],
    "parameters": [
      "",
      ""
    ],
    "src": "data/js/programs_all/sebastienros/jint/Jint.Tests.Ecma/TestCases/ch15/15.4/15.4.4/15.4.4.18/15.4.4.18-3-12.js : 18 - 18",
    "filename": "data/js/programs_all/sebastienros/jint/Jint.Tests.Ecma/TestCases/ch15/15.4/15.4.4/15.4.4.18/15.4.4.18-3-12.js"
  },
  {
    "base": "ID:forEach",
    "callee": "ID:call",
    "calleeLocation": "715080004580004",
    "arguments": [
      "ID:obj",
      "ID:callbackfn"
    ],
    "argumentLocations": [
      "715080004630003",
      "715080004680010"
    ],
    "argumentTypes": [
      "unknown",
      "unknown"
    ],
    "parameters": [
      "",
      ""
    ],
    "src": "data/js/programs_all/sebastienros/jint/Jint.Tests.Ecma/TestCases/ch15/15.4/15.4.4/15.4.4.18/15.4.4.18-3-15.js : 18 - 18",
    "filename": "data/js/programs_all/sebastienros/jint/Jint.Tests.Ecma/TestCases/ch15/15.4/15.4.4/15.4.4.18/15.4.4.18-3-15.js"
  },
  {
    "base": "ID:forEach",
    "callee": "ID:call",
    "calleeLocation": "715090004480004",
    "arguments": [
      "ID:obj",
      "ID:callbackfn"
    ],
    "argumentLocations": [
      "715090004530003",
      "715090004580010"
    ],
    "argumentTypes": [
      "unknown",
      "unknown"
    ],
    "parameters": [
      "",
      ""
    ],
    "src": "data/js/programs_all/sebastienros/jint/Jint.Tests.Ecma/TestCases/ch15/15.4/15.4.4/15.4.4.18/15.4.4.18-3-2.js : 17 - 17",
    "filename": "data/js/programs_all/sebastienros/jint/Jint.Tests.Ecma/TestCases/ch15/15.4/15.4.4/15.4.4.18/15.4.4.18-3-2.js"
  },
  {
    "base": "ID:forEach",
    "callee": "ID:call",
    "calleeLocation": "715100006090004",
    "arguments": [
      "ID:obj",
      "ID:callbackfn"
    ],
    "argumentLocations": [
      "715100006140003",
      "715100006190010"
    ],
    "argumentTypes": [
      "unknown",
      "unknown"
    ],
    "parameters": [
      "",
      ""
    ],
    "src": "data/js/programs_all/sebastienros/jint/Jint.Tests.Ecma/TestCases/ch15/15.4/15.4.4/15.4.4.18/15.4.4.18-3-20.js : 26 - 26",
    "filename": "data/js/programs_all/sebastienros/jint/Jint.Tests.Ecma/TestCases/ch15/15.4/15.4.4/15.4.4.18/15.4.4.18-3-20.js"
  },
  {
    "base": "ID:forEach",
    "callee": "ID:call",
    "calleeLocation": "715110009890004",
    "arguments": [
      "ID:obj",
      "ID:callbackfn"
    ],
    "argumentLocations": [
      "715110009940003",
      "715110009990010"
    ],
    "argumentTypes": [
      "unknown",
      "unknown"
    ],
    "parameters": [
      "",
      ""
    ],
    "src": "data/js/programs_all/sebastienros/jint/Jint.Tests.Ecma/TestCases/ch15/15.4/15.4.4/15.4.4.18/15.4.4.18-3-23.js : 41 - 41",
    "filename": "data/js/programs_all/sebastienros/jint/Jint.Tests.Ecma/TestCases/ch15/15.4/15.4.4/15.4.4.18/15.4.4.18-3-23.js"
  },
  {
    "base": "ID:forEach",
    "callee": "ID:call",
    "calleeLocation": "715120004680004",
    "arguments": [
      "ID:obj",
      "ID:callbackfn"
    ],
    "argumentLocations": [
      "715120004730003",
      "715120004780010"
    ],
    "argumentTypes": [
      "unknown",
      "unknown"
    ],
    "parameters": [
      "",
      ""
    ],
    "src": "data/js/programs_all/sebastienros/jint/Jint.Tests.Ecma/TestCases/ch15/15.4/15.4.4/15.4.4.18/15.4.4.18-3-28.js : 21 - 21",
    "filename": "data/js/programs_all/sebastienros/jint/Jint.Tests.Ecma/TestCases/ch15/15.4/15.4.4/15.4.4.18/15.4.4.18-3-28.js"
  },
  {
    "base": "ID:forEach",
    "callee": "ID:call",
    "calleeLocation": "715130005000004",
    "arguments": [
      "ID:obj",
      "ID:callbackfn"
    ],
    "argumentLocations": [
      "715130005050003",
      "715130005100010"
    ],
    "argumentTypes": [
      "unknown",
      "unknown"
    ],
    "parameters": [
      "",
      ""
    ],
    "src": "data/js/programs_all/sebastienros/jint/Jint.Tests.Ecma/TestCases/ch15/15.4/15.4.4/15.4.4.18/15.4.4.18-3-29.js : 22 - 22",
    "filename": "data/js/programs_all/sebastienros/jint/Jint.Tests.Ecma/TestCases/ch15/15.4/15.4.4/15.4.4.18/15.4.4.18-3-29.js"
  },
  {
    "base": "ID:forEach",
    "callee": "ID:call",
    "calleeLocation": "715140004510004",
    "arguments": [
      "ID:obj",
      "ID:callbackfn"
    ],
    "argumentLocations": [
      "715140004560003",
      "715140004610010"
    ],
    "argumentTypes": [
      "unknown",
      "unknown"
    ],
    "parameters": [
      "",
      ""
    ],
    "src": "data/js/programs_all/sebastienros/jint/Jint.Tests.Ecma/TestCases/ch15/15.4/15.4.4/15.4.4.18/15.4.4.18-3-6.js : 18 - 18",
    "filename": "data/js/programs_all/sebastienros/jint/Jint.Tests.Ecma/TestCases/ch15/15.4/15.4.4/15.4.4.18/15.4.4.18-3-6.js"
  },
  {
    "base": "ID:arr",
    "callee": "ID:forEach",
    "calleeLocation": "715180004380007",
    "arguments": [
      "ID:callbackfn",
      "ID:f"
    ],
    "argumentLocations": [
      "715180004460010",
      "715180004570001"
    ],
    "argumentTypes": [
      "unknown",
      "unknown"
    ],
    "parameters": [
      "",
      ""
    ],
    "src": "data/js/programs_all/sebastienros/jint/Jint.Tests.Ecma/TestCases/ch15/15.4/15.4.4/15.4.4.18/15.4.4.18-5-4.js : 20 - 20",
    "filename": "data/js/programs_all/sebastienros/jint/Jint.Tests.Ecma/TestCases/ch15/15.4/15.4.4/15.4.4.18/15.4.4.18-5-4.js"
  },
  {
    "base": "ID:arr",
    "callee": "ID:forEach",
    "calleeLocation": "715190004160007",
    "arguments": [
      "ID:callbackfn",
      "ID:f"
    ],
    "argumentLocations": [
      "715190004240010",
      "715190004350001"
    ],
    "argumentTypes": [
      "unknown",
      "unknown"
    ],
    "parameters": [
      "",
      ""
    ],
    "src": "data/js/programs_all/sebastienros/jint/Jint.Tests.Ecma/TestCases/ch15/15.4/15.4.4/15.4.4.18/15.4.4.18-5-5.js : 21 - 21",
    "filename": "data/js/programs_all/sebastienros/jint/Jint.Tests.Ecma/TestCases/ch15/15.4/15.4.4/15.4.4.18/15.4.4.18-5-5.js"
  },
  {
    "base": "ID:forEach",
    "callee": "ID:call",
    "calleeLocation": "715210008580004",
    "arguments": [
      "ID:obj",
      "ID:callbackfn"
    ],
    "argumentLocations": [
      "715210008630003",
      "715210008680010"
    ],
    "argumentTypes": [
      "unknown",
      "unknown"
    ],
    "parameters": [
      "",
      ""
    ],
    "src": "data/js/programs_all/sebastienros/jint/Jint.Tests.Ecma/TestCases/ch15/15.4/15.4.4/15.4.4.18/15.4.4.18-7-b-10.js : 32 - 32",
    "filename": "data/js/programs_all/sebastienros/jint/Jint.Tests.Ecma/TestCases/ch15/15.4/15.4.4/15.4.4.18/15.4.4.18-7-b-10.js"
  },
  {
    "base": "ID:forEach",
    "callee": "ID:call",
    "calleeLocation": "715230005510004",
    "arguments": [
      "ID:obj",
      "ID:callbackfn"
    ],
    "argumentLocations": [
      "715230005560003",
      "715230005610010"
    ],
    "argumentTypes": [
      "unknown",
      "unknown"
    ],
    "parameters": [
      "",
      ""
    ],
    "src": "data/js/programs_all/sebastienros/jint/Jint.Tests.Ecma/TestCases/ch15/15.4/15.4.4/15.4.4.18/15.4.4.18-7-c-i-1.js : 21 - 21",
    "filename": "data/js/programs_all/sebastienros/jint/Jint.Tests.Ecma/TestCases/ch15/15.4/15.4.4/15.4.4.18/15.4.4.18-7-c-i-1.js"
  },
  {
    "base": "ID:forEach",
    "callee": "ID:call",
    "calleeLocation": "715240006160004",
    "arguments": [
      "ID:fnGlobalObject",
      "ID:callbackfn"
    ],
    "argumentLocations": [
      "715240006210016",
      "715240006390010"
    ],
    "argumentTypes": [
      "unknown",
      "unknown"
    ],
    "parameters": [
      "",
      ""
    ],
    "src": "data/js/programs_all/sebastienros/jint/Jint.Tests.Ecma/TestCases/ch15/15.4/15.4.4/15.4.4.18/15.4.4.18-7-c-i-23.js : 23 - 23",
    "filename": "data/js/programs_all/sebastienros/jint/Jint.Tests.Ecma/TestCases/ch15/15.4/15.4.4/15.4.4.18/15.4.4.18-7-c-i-23.js"
  },
  {
    "base": "ID:forEach",
    "callee": "ID:call",
    "calleeLocation": "715250004900004",
    "arguments": [
      "ID:obj",
      "ID:callbackfn",
      "LIT:false"
    ],
    "argumentLocations": [
      "715250004950003",
      "715250005000010",
      "715250005120005"
    ],
    "argumentTypes": [
      "unknown",
      "unknown",
      "boolean"
    ],
    "parameters": [
      "",
      "",
      ""
    ],
    "src": "data/js/programs_all/sebastienros/jint/Jint.Tests.Ecma/TestCases/ch15/15.4/15.4.4/15.4.4.18/15.4.4.18-7-c-ii-16.js : 17 - 17",
    "filename": "data/js/programs_all/sebastienros/jint/Jint.Tests.Ecma/TestCases/ch15/15.4/15.4.4/15.4.4.18/15.4.4.18-7-c-ii-16.js"
  },
  {
    "base": "ID:forEach",
    "callee": "ID:call",
    "calleeLocation": "715260004910004",
    "arguments": [
      "ID:obj",
      "ID:callbackfn",
      "LIT:hello"
    ],
    "argumentLocations": [
      "715260004960003",
      "715260005010010",
      "715260005130007"
    ],
    "argumentTypes": [
      "unknown",
      "unknown",
      "string"
    ],
    "parameters": [
      "",
      "",
      ""
    ],
    "src": "data/js/programs_all/sebastienros/jint/Jint.Tests.Ecma/TestCases/ch15/15.4/15.4.4/15.4.4.18/15.4.4.18-7-c-ii-18.js : 17 - 17",
    "filename": "data/js/programs_all/sebastienros/jint/Jint.Tests.Ecma/TestCases/ch15/15.4/15.4.4/15.4.4.18/15.4.4.18-7-c-ii-18.js"
  },
  {
    "base": "ID:forEach",
    "callee": "ID:call",
    "calleeLocation": "715270005710004",
    "arguments": [
      "ID:obj",
      "ID:callbackfn",
      "ID:thisArg"
    ],
    "argumentLocations": [
      "715270005760003",
      "715270005810010",
      "715270005930007"
    ],
    "argumentTypes": [
      "unknown",
      "unknown",
      "unknown"
    ],
    "parameters": [
      "",
      "",
      ""
    ],
    "src": "data/js/programs_all/sebastienros/jint/Jint.Tests.Ecma/TestCases/ch15/15.4/15.4.4/15.4.4.18/15.4.4.18-7-c-ii-6.js : 21 - 21",
    "filename": "data/js/programs_all/sebastienros/jint/Jint.Tests.Ecma/TestCases/ch15/15.4/15.4.4/15.4.4.18/15.4.4.18-7-c-ii-6.js"
  },
  {
    "base": "ID:map",
    "callee": "ID:call",
    "calleeLocation": "715310004290004",
    "arguments": [
      "ID:obj",
      "ID:callbackfn"
    ],
    "argumentLocations": [
      "715310004340003",
      "715310004390010"
    ],
    "argumentTypes": [
      "unknown",
      "unknown"
    ],
    "parameters": [
      "",
      ""
    ],
    "src": "data/js/programs_all/sebastienros/jint/Jint.Tests.Ecma/TestCases/ch15/15.4/15.4.4/15.4.4.19/15.4.4.19-1-11.js : 17 - 17",
    "filename": "data/js/programs_all/sebastienros/jint/Jint.Tests.Ecma/TestCases/ch15/15.4/15.4.4/15.4.4.19/15.4.4.19-1-11.js"
  },
  {
    "base": "ID:map",
    "callee": "ID:call",
    "calleeLocation": "715320004600004",
    "arguments": [
      "ID:obj",
      "ID:callbackfn"
    ],
    "argumentLocations": [
      "715320004650003",
      "715320004700010"
    ],
    "argumentTypes": [
      "unknown",
      "unknown"
    ],
    "parameters": [
      "",
      ""
    ],
    "src": "data/js/programs_all/sebastienros/jint/Jint.Tests.Ecma/TestCases/ch15/15.4/15.4.4/15.4.4.19/15.4.4.19-1-6.js : 18 - 18",
    "filename": "data/js/programs_all/sebastienros/jint/Jint.Tests.Ecma/TestCases/ch15/15.4/15.4.4/15.4.4.19/15.4.4.19-1-6.js"
  },
  {
    "base": "ID:map",
    "callee": "ID:call",
    "calleeLocation": "715330003940004",
    "arguments": [
      "ID:obj",
      "ID:callbackfn"
    ],
    "argumentLocations": [
      "715330003990003",
      "715330004040010"
    ],
    "argumentTypes": [
      "unknown",
      "unknown"
    ],
    "parameters": [
      "",
      ""
    ],
    "src": "data/js/programs_all/sebastienros/jint/Jint.Tests.Ecma/TestCases/ch15/15.4/15.4.4/15.4.4.19/15.4.4.19-1-8.js : 14 - 14",
    "filename": "data/js/programs_all/sebastienros/jint/Jint.Tests.Ecma/TestCases/ch15/15.4/15.4.4/15.4.4.19/15.4.4.19-1-8.js"
  },
  {
    "base": "ID:map",
    "callee": "ID:call",
    "calleeLocation": "715340004430004",
    "arguments": [
      "ID:obj",
      "ID:callbackfn"
    ],
    "argumentLocations": [
      "715340004480003",
      "715340004530010"
    ],
    "argumentTypes": [
      "unknown",
      "unknown"
    ],
    "parameters": [
      "",
      ""
    ],
    "src": "data/js/programs_all/sebastienros/jint/Jint.Tests.Ecma/TestCases/ch15/15.4/15.4.4/15.4.4.19/15.4.4.19-3-17.js : 15 - 15",
    "filename": "data/js/programs_all/sebastienros/jint/Jint.Tests.Ecma/TestCases/ch15/15.4/15.4.4/15.4.4.19/15.4.4.19-3-17.js"
  },
  {
    "base": "ID:map",
    "callee": "ID:call",
    "calleeLocation": "715350004190004",
    "arguments": [
      "ID:obj",
      "ID:callbackfn"
    ],
    "argumentLocations": [
      "715350004240003",
      "715350004290010"
    ],
    "argumentTypes": [
      "unknown",
      "unknown"
    ],
    "parameters": [
      "",
      ""
    ],
    "src": "data/js/programs_all/sebastienros/jint/Jint.Tests.Ecma/TestCases/ch15/15.4/15.4.4/15.4.4.19/15.4.4.19-3-18.js : 16 - 16",
    "filename": "data/js/programs_all/sebastienros/jint/Jint.Tests.Ecma/TestCases/ch15/15.4/15.4.4/15.4.4.19/15.4.4.19-3-18.js"
  },
  {
    "base": "ID:map",
    "callee": "ID:call",
    "calleeLocation": "715360004420004",
    "arguments": [
      "ID:obj",
      "ID:callbackfn"
    ],
    "argumentLocations": [
      "715360004470003",
      "715360004520010"
    ],
    "argumentTypes": [
      "unknown",
      "unknown"
    ],
    "parameters": [
      "",
      ""
    ],
    "src": "data/js/programs_all/sebastienros/jint/Jint.Tests.Ecma/TestCases/ch15/15.4/15.4.4/15.4.4.19/15.4.4.19-3-28.js : 19 - 19",
    "filename": "data/js/programs_all/sebastienros/jint/Jint.Tests.Ecma/TestCases/ch15/15.4/15.4.4/15.4.4.19/15.4.4.19-3-28.js"
  },
  {
    "base": "ID:map",
    "callee": "ID:call",
    "calleeLocation": "715370004140004",
    "arguments": [
      "ID:obj",
      "ID:callbackfn"
    ],
    "argumentLocations": [
      "715370004190003",
      "715370004240010"
    ],
    "argumentTypes": [
      "unknown",
      "unknown"
    ],
    "parameters": [
      "",
      ""
    ],
    "src": "data/js/programs_all/sebastienros/jint/Jint.Tests.Ecma/TestCases/ch15/15.4/15.4.4/15.4.4.19/15.4.4.19-3-9.js : 15 - 15",
    "filename": "data/js/programs_all/sebastienros/jint/Jint.Tests.Ecma/TestCases/ch15/15.4/15.4.4/15.4.4.19/15.4.4.19-3-9.js"
  },
  {
    "base": "ID:srcArr",
    "callee": "ID:map",
    "calleeLocation": "715380004400003",
    "arguments": [
      "ID:callbackfn",
      "ID:f"
    ],
    "argumentLocations": [
      "715380004440010",
      "715380004550001"
    ],
    "argumentTypes": [
      "unknown",
      "unknown"
    ],
    "parameters": [
      "",
      ""
    ],
    "src": "data/js/programs_all/sebastienros/jint/Jint.Tests.Ecma/TestCases/ch15/15.4/15.4.4/15.4.4.19/15.4.4.19-5-4.js : 20 - 20",
    "filename": "data/js/programs_all/sebastienros/jint/Jint.Tests.Ecma/TestCases/ch15/15.4/15.4.4/15.4.4.19/15.4.4.19-5-4.js"
  },
  {
    "base": "ID:srcArr",
    "callee": "ID:map",
    "calleeLocation": "715390003770003",
    "arguments": [
      "ID:callbackfn",
      "ID:foo"
    ],
    "argumentLocations": [
      "715390003810010",
      "715390003920003"
    ],
    "argumentTypes": [
      "unknown",
      "unknown"
    ],
    "parameters": [
      "",
      ""
    ],
    "src": "data/js/programs_all/sebastienros/jint/Jint.Tests.Ecma/TestCases/ch15/15.4/15.4.4/15.4.4.19/15.4.4.19-5-6.js : 19 - 19",
    "filename": "data/js/programs_all/sebastienros/jint/Jint.Tests.Ecma/TestCases/ch15/15.4/15.4.4/15.4.4.19/15.4.4.19-5-6.js"
  },
  {
    "base": "ID:map",
    "callee": "ID:call",
    "calleeLocation": "715430005410004",
    "arguments": [
      "ID:obj",
      "ID:callbackfn"
    ],
    "argumentLocations": [
      "715430005460003",
      "715430005510010"
    ],
    "argumentTypes": [
      "unknown",
      "unknown"
    ],
    "parameters": [
      "",
      ""
    ],
    "src": "data/js/programs_all/sebastienros/jint/Jint.Tests.Ecma/TestCases/ch15/15.4/15.4.4/15.4.4.19/15.4.4.19-8-c-i-1.js : 21 - 21",
    "filename": "data/js/programs_all/sebastienros/jint/Jint.Tests.Ecma/TestCases/ch15/15.4/15.4.4/15.4.4.19/15.4.4.19-8-c-i-1.js"
  },
  {
    "base": "ID:map",
    "callee": "ID:call",
    "calleeLocation": "715450007380004",
    "arguments": [
      "ID:arguments",
      "ID:callbackfn"
    ],
    "argumentLocations": [
      "715450007430009",
      "715450007540010"
    ],
    "argumentTypes": [
      "unknown",
      "unknown"
    ],
    "parameters": [
      "",
      ""
    ],
    "src": "data/js/programs_all/sebastienros/jint/Jint.Tests.Ecma/TestCases/ch15/15.4/15.4.4/15.4.4.19/15.4.4.19-8-c-i-27.js : 24 - 24",
    "filename": "data/js/programs_all/sebastienros/jint/Jint.Tests.Ecma/TestCases/ch15/15.4/15.4.4/15.4.4.19/15.4.4.19-8-c-i-27.js"
  },
  {
    "base": "",
    "callee": "ID:func",
    "calleeLocation": "715450008040004",
    "arguments": [
      "LIT:9",
      "LIT:11",
      "LIT:12"
    ],
    "argumentLocations": [
      "715450008090001",
      "715450008120002",
      "715450008160002"
    ],
    "argumentTypes": [
      "number",
      "number",
      "number"
    ],
    "parameters": [
      "ID:a",
      "ID:b",
      ""
    ],
    "src": "data/js/programs_all/sebastienros/jint/Jint.Tests.Ecma/TestCases/ch15/15.4/15.4.4/15.4.4.19/15.4.4.19-8-c-i-27.js : 27 - 27",
    "filename": "data/js/programs_all/sebastienros/jint/Jint.Tests.Ecma/TestCases/ch15/15.4/15.4.4/15.4.4.19/15.4.4.19-8-c-i-27.js"
  },
  {
    "base": "ID:map",
    "callee": "ID:call",
    "calleeLocation": "715460009730004",
    "arguments": [
      "ID:child",
      "ID:callbackfn"
    ],
    "argumentLocations": [
      "715460009780005",
      "715460009850010"
    ],
    "argumentTypes": [
      "unknown",
      "unknown"
    ],
    "parameters": [
      "",
      ""
    ],
    "src": "data/js/programs_all/sebastienros/jint/Jint.Tests.Ecma/TestCases/ch15/15.4/15.4.4/15.4.4.19/15.4.4.19-8-c-i-5.js : 38 - 38",
    "filename": "data/js/programs_all/sebastienros/jint/Jint.Tests.Ecma/TestCases/ch15/15.4/15.4.4/15.4.4.19/15.4.4.19-8-c-i-5.js"
  },
  {
    "base": "ID:map",
    "callee": "ID:call",
    "calleeLocation": "715470004910004",
    "arguments": [
      "ID:obj",
      "ID:callbackfn",
      "ID:thisArg"
    ],
    "argumentLocations": [
      "715470004960003",
      "715470005010010",
      "715470005130007"
    ],
    "argumentTypes": [
      "unknown",
      "unknown",
      "unknown"
    ],
    "parameters": [
      "",
      "",
      ""
    ],
    "src": "data/js/programs_all/sebastienros/jint/Jint.Tests.Ecma/TestCases/ch15/15.4/15.4.4/15.4.4.19/15.4.4.19-8-c-ii-20.js : 18 - 18",
    "filename": "data/js/programs_all/sebastienros/jint/Jint.Tests.Ecma/TestCases/ch15/15.4/15.4.4/15.4.4.19/15.4.4.19-8-c-ii-20.js"
  },
  {
    "base": "ID:map",
    "callee": "ID:call",
    "calleeLocation": "715480004350004",
    "arguments": [
      "ID:obj",
      "ID:callbackfn"
    ],
    "argumentLocations": [
      "715480004400003",
      "715480004450010"
    ],
    "argumentTypes": [
      "unknown",
      "unknown"
    ],
    "parameters": [
      "",
      ""
    ],
    "src": "data/js/programs_all/sebastienros/jint/Jint.Tests.Ecma/TestCases/ch15/15.4/15.4.4/15.4.4.19/15.4.4.19-8-c-ii-23.js : 16 - 16",
    "filename": "data/js/programs_all/sebastienros/jint/Jint.Tests.Ecma/TestCases/ch15/15.4/15.4.4/15.4.4.19/15.4.4.19-8-c-ii-23.js"
  },
  {
    "base": "ID:Object",
    "callee": "ID:getOwnPropertyDescriptor",
    "calleeLocation": "715500004910024",
    "arguments": [
      "ID:resArr",
      "LIT:1"
    ],
    "argumentLocations": [
      "715500005160006",
      "715500005240001"
    ],
    "argumentTypes": [
      "unknown",
      "number"
    ],
    "parameters": [
      "",
      ""
    ],
    "src": "data/js/programs_all/sebastienros/jint/Jint.Tests.Ecma/TestCases/ch15/15.4/15.4.4/15.4.4.19/15.4.4.19-8-c-iii-1.js : 19 - 19",
    "filename": "data/js/programs_all/sebastienros/jint/Jint.Tests.Ecma/TestCases/ch15/15.4/15.4.4/15.4.4.19/15.4.4.19-8-c-iii-1.js"
  },
  {
    "base": "ID:filter",
    "callee": "ID:call",
    "calleeLocation": "715570004300004",
    "arguments": [
      "ID:obj",
      "ID:callbackfn"
    ],
    "argumentLocations": [
      "715570004350003",
      "715570004400010"
    ],
    "argumentTypes": [
      "unknown",
      "unknown"
    ],
    "parameters": [
      "",
      ""
    ],
    "src": "data/js/programs_all/sebastienros/jint/Jint.Tests.Ecma/TestCases/ch15/15.4/15.4.4/15.4.4.20/15.4.4.20-1-11.js : 18 - 18",
    "filename": "data/js/programs_all/sebastienros/jint/Jint.Tests.Ecma/TestCases/ch15/15.4/15.4.4/15.4.4.20/15.4.4.20-1-11.js"
  },
  {
    "base": "ID:filter",
    "callee": "ID:call",
    "calleeLocation": "715600006620004",
    "arguments": [
      "ID:child",
      "ID:callbackfn"
    ],
    "argumentLocations": [
      "715600006670005",
      "715600006740010"
    ],
    "argumentTypes": [
      "unknown",
      "unknown"
    ],
    "parameters": [
      "",
      ""
    ],
    "src": "data/js/programs_all/sebastienros/jint/Jint.Tests.Ecma/TestCases/ch15/15.4/15.4.4/15.4.4.20/15.4.4.20-2-3.js : 25 - 25",
    "filename": "data/js/programs_all/sebastienros/jint/Jint.Tests.Ecma/TestCases/ch15/15.4/15.4.4/15.4.4.20/15.4.4.20-2-3.js"
  },
  {
    "base": "ID:filter",
    "callee": "ID:call",
    "calleeLocation": "715610008630004",
    "arguments": [
      "ID:obj1",
      "ID:callbackfn1"
    ],
    "argumentLocations": [
      "715610008680004",
      "715610008740011"
    ],
    "argumentTypes": [
      "unknown",
      "unknown"
    ],
    "parameters": [
      "",
      ""
    ],
    "src": "data/js/programs_all/sebastienros/jint/Jint.Tests.Ecma/TestCases/ch15/15.4/15.4.4/15.4.4.20/15.4.4.20-3-14.js : 33 - 33",
    "filename": "data/js/programs_all/sebastienros/jint/Jint.Tests.Ecma/TestCases/ch15/15.4/15.4.4/15.4.4.20/15.4.4.20-3-14.js"
  },
  {
    "base": "ID:filter",
    "callee": "ID:call",
    "calleeLocation": "715610009330004",
    "arguments": [
      "ID:obj2",
      "ID:callbackfn2"
    ],
    "argumentLocations": [
      "715610009380004",
      "715610009440011"
    ],
    "argumentTypes": [
      "unknown",
      "unknown"
    ],
    "parameters": [
      "",
      ""
    ],
    "src": "data/js/programs_all/sebastienros/jint/Jint.Tests.Ecma/TestCases/ch15/15.4/15.4.4/15.4.4.20/15.4.4.20-3-14.js : 34 - 34",
    "filename": "data/js/programs_all/sebastienros/jint/Jint.Tests.Ecma/TestCases/ch15/15.4/15.4.4/15.4.4.20/15.4.4.20-3-14.js"
  },
  {
    "base": "ID:filter",
    "callee": "ID:call",
    "calleeLocation": "715610010030004",
    "arguments": [
      "ID:obj3",
      "ID:callbackfn3"
    ],
    "argumentLocations": [
      "715610010080004",
      "715610010140011"
    ],
    "argumentTypes": [
      "unknown",
      "unknown"
    ],
    "parameters": [
      "",
      ""
    ],
    "src": "data/js/programs_all/sebastienros/jint/Jint.Tests.Ecma/TestCases/ch15/15.4/15.4.4/15.4.4.20/15.4.4.20-3-14.js : 35 - 35",
    "filename": "data/js/programs_all/sebastienros/jint/Jint.Tests.Ecma/TestCases/ch15/15.4/15.4.4/15.4.4.20/15.4.4.20-3-14.js"
  },
  {
    "base": "ID:filter",
    "callee": "ID:call",
    "calleeLocation": "715620004240004",
    "arguments": [
      "ID:obj",
      "ID:callbackfn"
    ],
    "argumentLocations": [
      "715620004290003",
      "715620004340010"
    ],
    "argumentTypes": [
      "unknown",
      "unknown"
    ],
    "parameters": [
      "",
      ""
    ],
    "src": "data/js/programs_all/sebastienros/jint/Jint.Tests.Ecma/TestCases/ch15/15.4/15.4.4/15.4.4.20/15.4.4.20-3-15.js : 16 - 16",
    "filename": "data/js/programs_all/sebastienros/jint/Jint.Tests.Ecma/TestCases/ch15/15.4/15.4.4/15.4.4.20/15.4.4.20-3-15.js"
  },
  {
    "base": "ID:filter",
    "callee": "ID:call",
    "calleeLocation": "715630004180004",
    "arguments": [
      "ID:obj",
      "ID:callbackfn"
    ],
    "argumentLocations": [
      "715630004230003",
      "715630004280010"
    ],
    "argumentTypes": [
      "unknown",
      "unknown"
    ],
    "parameters": [
      "",
      ""
    ],
    "src": "data/js/programs_all/sebastienros/jint/Jint.Tests.Ecma/TestCases/ch15/15.4/15.4.4/15.4.4.20/15.4.4.20-3-16.js : 16 - 16",
    "filename": "data/js/programs_all/sebastienros/jint/Jint.Tests.Ecma/TestCases/ch15/15.4/15.4.4/15.4.4.20/15.4.4.20-3-16.js"
  },
  {
    "base": "ID:filter",
    "callee": "ID:call",
    "calleeLocation": "715640008900004",
    "arguments": [
      "ID:obj",
      "ID:callbackfn"
    ],
    "argumentLocations": [
      "715640008950003",
      "715640009000010"
    ],
    "argumentTypes": [
      "unknown",
      "unknown"
    ],
    "parameters": [
      "",
      ""
    ],
    "src": "data/js/programs_all/sebastienros/jint/Jint.Tests.Ecma/TestCases/ch15/15.4/15.4.4/15.4.4.20/15.4.4.20-3-21.js : 32 - 32",
    "filename": "data/js/programs_all/sebastienros/jint/Jint.Tests.Ecma/TestCases/ch15/15.4/15.4.4/15.4.4.20/15.4.4.20-3-21.js"
  },
  {
    "base": "ID:filter",
    "callee": "ID:call",
    "calleeLocation": "715650004730004",
    "arguments": [
      "ID:obj",
      "ID:callbackfn"
    ],
    "argumentLocations": [
      "715650004780003",
      "715650004830010"
    ],
    "argumentTypes": [
      "unknown",
      "unknown"
    ],
    "parameters": [
      "",
      ""
    ],
    "src": "data/js/programs_all/sebastienros/jint/Jint.Tests.Ecma/TestCases/ch15/15.4/15.4.4/15.4.4.20/15.4.4.20-3-8.js : 17 - 17",
    "filename": "data/js/programs_all/sebastienros/jint/Jint.Tests.Ecma/TestCases/ch15/15.4/15.4.4/15.4.4.20/15.4.4.20-3-8.js"
  },
  {
    "base": "ID:filter",
    "callee": "ID:call",
    "calleeLocation": "715670005200004",
    "arguments": [
      "ID:obj",
      "ID:undefined"
    ],
    "argumentLocations": [
      "715670005250003",
      "715670005300009"
    ],
    "argumentTypes": [
      "unknown",
      "undefined"
    ],
    "parameters": [
      "",
      ""
    ],
    "src": "data/js/programs_all/sebastienros/jint/Jint.Tests.Ecma/TestCases/ch15/15.4/15.4.4/15.4.4.20/15.4.4.20-4-10.js : 20 - 20",
    "filename": "data/js/programs_all/sebastienros/jint/Jint.Tests.Ecma/TestCases/ch15/15.4/15.4.4/15.4.4.20/15.4.4.20-4-10.js"
  },
  {
    "base": "ID:srcArr",
    "callee": "ID:filter",
    "calleeLocation": "715690003760006",
    "arguments": [
      "ID:callbackfn",
      "ID:a"
    ],
    "argumentLocations": [
      "715690003830010",
      "715690003940001"
    ],
    "argumentTypes": [
      "unknown",
      "unknown"
    ],
    "parameters": [
      "",
      ""
    ],
    "src": "data/js/programs_all/sebastienros/jint/Jint.Tests.Ecma/TestCases/ch15/15.4/15.4.4/15.4.4.20/15.4.4.20-5-3.js : 18 - 18",
    "filename": "data/js/programs_all/sebastienros/jint/Jint.Tests.Ecma/TestCases/ch15/15.4/15.4.4/15.4.4.20/15.4.4.20-5-3.js"
  },
  {
    "base": "ID:srcArr",
    "callee": "ID:filter",
    "calleeLocation": "715700004410006",
    "arguments": [
      "ID:callbackfn",
      "ID:f"
    ],
    "argumentLocations": [
      "715700004480010",
      "715700004590001"
    ],
    "argumentTypes": [
      "unknown",
      "unknown"
    ],
    "parameters": [
      "",
      ""
    ],
    "src": "data/js/programs_all/sebastienros/jint/Jint.Tests.Ecma/TestCases/ch15/15.4/15.4.4/15.4.4.20/15.4.4.20-5-4.js : 20 - 20",
    "filename": "data/js/programs_all/sebastienros/jint/Jint.Tests.Ecma/TestCases/ch15/15.4/15.4.4/15.4.4.20/15.4.4.20-5-4.js"
  },
  {
    "base": "ID:filter",
    "callee": "ID:call",
    "calleeLocation": "715740007230004",
    "arguments": [
      "ID:obj",
      "ID:callbackfn"
    ],
    "argumentLocations": [
      "715740007280003",
      "715740007330010"
    ],
    "argumentTypes": [
      "unknown",
      "unknown"
    ],
    "parameters": [
      "",
      ""
    ],
    "src": "data/js/programs_all/sebastienros/jint/Jint.Tests.Ecma/TestCases/ch15/15.4/15.4.4/15.4.4.20/15.4.4.20-9-b-10.js : 25 - 25",
    "filename": "data/js/programs_all/sebastienros/jint/Jint.Tests.Ecma/TestCases/ch15/15.4/15.4.4/15.4.4.20/15.4.4.20-9-b-10.js"
  },
  {
    "base": "ID:filter",
    "callee": "ID:call",
    "calleeLocation": "715750008120004",
    "arguments": [
      "ID:obj",
      "ID:callbackfn"
    ],
    "argumentLocations": [
      "715750008170003",
      "715750008220010"
    ],
    "argumentTypes": [
      "unknown",
      "unknown"
    ],
    "parameters": [
      "",
      ""
    ],
    "src": "data/js/programs_all/sebastienros/jint/Jint.Tests.Ecma/TestCases/ch15/15.4/15.4.4/15.4.4.20/15.4.4.20-9-b-4.js : 29 - 29",
    "filename": "data/js/programs_all/sebastienros/jint/Jint.Tests.Ecma/TestCases/ch15/15.4/15.4.4/15.4.4.20/15.4.4.20-9-b-4.js"
  },
  {
    "base": "ID:filter",
    "callee": "ID:call",
    "calleeLocation": "715780009660004",
    "arguments": [
      "ID:obj",
      "ID:callbackfn"
    ],
    "argumentLocations": [
      "715780009710003",
      "715780009760010"
    ],
    "argumentTypes": [
      "unknown",
      "unknown"
    ],
    "parameters": [
      "",
      ""
    ],
    "src": "data/js/programs_all/sebastienros/jint/Jint.Tests.Ecma/TestCases/ch15/15.4/15.4.4/15.4.4.20/15.4.4.20-9-c-i-29.js : 34 - 34",
    "filename": "data/js/programs_all/sebastienros/jint/Jint.Tests.Ecma/TestCases/ch15/15.4/15.4.4/15.4.4.20/15.4.4.20-9-c-i-29.js"
  },
  {
    "base": "ID:filter",
    "callee": "ID:call",
    "calleeLocation": "715790007830004",
    "arguments": [
      "ID:obj",
      "ID:callbackfn"
    ],
    "argumentLocations": [
      "715790007880003",
      "715790007930010"
    ],
    "argumentTypes": [
      "unknown",
      "unknown"
    ],
    "parameters": [
      "",
      ""
    ],
    "src": "data/js/programs_all/sebastienros/jint/Jint.Tests.Ecma/TestCases/ch15/15.4/15.4.4/15.4.4.20/15.4.4.20-9-c-i-30.js : 27 - 27",
    "filename": "data/js/programs_all/sebastienros/jint/Jint.Tests.Ecma/TestCases/ch15/15.4/15.4.4/15.4.4.20/15.4.4.20-9-c-i-30.js"
  },
  {
    "base": "ID:filter",
    "callee": "ID:call",
    "calleeLocation": "715800004590004",
    "arguments": [
      "ID:obj",
      "ID:callbackfn",
      "LIT:5"
    ],
    "argumentLocations": [
      "715800004640003",
      "715800004690010",
      "715800004810001"
    ],
    "argumentTypes": [
      "unknown",
      "unknown",
      "number"
    ],
    "parameters": [
      "",
      "",
      ""
    ],
    "src": "data/js/programs_all/sebastienros/jint/Jint.Tests.Ecma/TestCases/ch15/15.4/15.4.4/15.4.4.20/15.4.4.20-9-c-ii-17.js : 15 - 15",
    "filename": "data/js/programs_all/sebastienros/jint/Jint.Tests.Ecma/TestCases/ch15/15.4/15.4.4/15.4.4.20/15.4.4.20-9-c-ii-17.js"
  },
  {
    "base": "ID:filter",
    "callee": "ID:call",
    "calleeLocation": "715810004690004",
    "arguments": [
      "ID:obj",
      "ID:callbackfn",
      "LIT:hello"
    ],
    "argumentLocations": [
      "715810004740003",
      "715810004790010",
      "715810004910007"
    ],
    "argumentTypes": [
      "unknown",
      "unknown",
      "string"
    ],
    "parameters": [
      "",
      "",
      ""
    ],
    "src": "data/js/programs_all/sebastienros/jint/Jint.Tests.Ecma/TestCases/ch15/15.4/15.4.4/15.4.4.20/15.4.4.20-9-c-ii-18.js : 15 - 15",
    "filename": "data/js/programs_all/sebastienros/jint/Jint.Tests.Ecma/TestCases/ch15/15.4/15.4.4/15.4.4.20/15.4.4.20-9-c-ii-18.js"
  },
  {
    "base": "ID:filter",
    "callee": "ID:call",
    "calleeLocation": "715830004160004",
    "arguments": [
      "ID:obj",
      "ID:callbackfn"
    ],
    "argumentLocations": [
      "715830004210003",
      "715830004260010"
    ],
    "argumentTypes": [
      "unknown",
      "unknown"
    ],
    "parameters": [
      "",
      ""
    ],
    "src": "data/js/programs_all/sebastienros/jint/Jint.Tests.Ecma/TestCases/ch15/15.4/15.4.4/15.4.4.20/15.4.4.20-9-c-iii-1-3.js : 15 - 15",
    "filename": "data/js/programs_all/sebastienros/jint/Jint.Tests.Ecma/TestCases/ch15/15.4/15.4.4/15.4.4.20/15.4.4.20-9-c-iii-1-3.js"
  },
  {
    "base": "ID:filter",
    "callee": "ID:call",
    "calleeLocation": "715870004600004",
    "arguments": [
      "ID:obj",
      "ID:callbackfn"
    ],
    "argumentLocations": [
      "715870004650003",
      "715870004700010"
    ],
    "argumentTypes": [
      "unknown",
      "unknown"
    ],
    "parameters": [
      "",
      ""
    ],
    "src": "data/js/programs_all/sebastienros/jint/Jint.Tests.Ecma/TestCases/ch15/15.4/15.4.4/15.4.4.20/15.4.4.20-9-c-iii-3.js : 19 - 19",
    "filename": "data/js/programs_all/sebastienros/jint/Jint.Tests.Ecma/TestCases/ch15/15.4/15.4.4/15.4.4.20/15.4.4.20-9-c-iii-3.js"
  },
  {
    "base": "ID:reduce",
    "callee": "ID:call",
    "calleeLocation": "715880004410004",
    "arguments": [
      "ID:obj",
      "ID:callbackfn",
      "LIT:1"
    ],
    "argumentLocations": [
      "715880004460003",
      "715880004510010",
      "715880004630001"
    ],
    "argumentTypes": [
      "unknown",
      "unknown",
      "number"
    ],
    "parameters": [
      "",
      "",
      ""
    ],
    "src": "data/js/programs_all/sebastienros/jint/Jint.Tests.Ecma/TestCases/ch15/15.4/15.4.4/15.4.4.21/15.4.4.21-1-12.js : 17 - 17",
    "filename": "data/js/programs_all/sebastienros/jint/Jint.Tests.Ecma/TestCases/ch15/15.4/15.4.4/15.4.4.21/15.4.4.21-1-12.js"
  },
  {
    "base": "ID:reduce",
    "callee": "ID:call",
    "calleeLocation": "715890004750004",
    "arguments": [
      "ID:JSON",
      "ID:callbackfn",
      "LIT:1"
    ],
    "argumentLocations": [
      "715890004800004",
      "715890004860010",
      "715890004980001"
    ],
    "argumentTypes": [
      "unknown",
      "unknown",
      "number"
    ],
    "parameters": [
      "",
      "",
      ""
    ],
    "src": "data/js/programs_all/sebastienros/jint/Jint.Tests.Ecma/TestCases/ch15/15.4/15.4.4/15.4.4.21/15.4.4.21-1-13.js : 17 - 17",
    "filename": "data/js/programs_all/sebastienros/jint/Jint.Tests.Ecma/TestCases/ch15/15.4/15.4.4/15.4.4.21/15.4.4.21-1-13.js"
  },
  {
    "base": "ID:reduce",
    "callee": "ID:call",
    "calleeLocation": "715910003670004",
    "arguments": [
      "LIT:abc",
      "ID:callbackfn",
      "LIT:1"
    ],
    "argumentLocations": [
      "715910003720005",
      "715910003790010",
      "715910003910001"
    ],
    "argumentTypes": [
      "string",
      "unknown",
      "number"
    ],
    "parameters": [
      "",
      "",
      ""
    ],
    "src": "data/js/programs_all/sebastienros/jint/Jint.Tests.Ecma/TestCases/ch15/15.4/15.4.4/15.4.4.21/15.4.4.21-1-7.js : 14 - 14",
    "filename": "data/js/programs_all/sebastienros/jint/Jint.Tests.Ecma/TestCases/ch15/15.4/15.4.4/15.4.4.21/15.4.4.21-1-7.js"
  },
  {
    "base": "ID:reduce",
    "callee": "ID:call",
    "calleeLocation": "715920004030004",
    "arguments": [
      "ID:obj",
      "ID:callbackfn",
      "LIT:1"
    ],
    "argumentLocations": [
      "715920004080003",
      "715920004130010",
      "715920004250001"
    ],
    "argumentTypes": [
      "unknown",
      "unknown",
      "number"
    ],
    "parameters": [
      "",
      "",
      ""
    ],
    "src": "data/js/programs_all/sebastienros/jint/Jint.Tests.Ecma/TestCases/ch15/15.4/15.4.4/15.4.4.21/15.4.4.21-1-8.js : 16 - 16",
    "filename": "data/js/programs_all/sebastienros/jint/Jint.Tests.Ecma/TestCases/ch15/15.4/15.4.4/15.4.4.21/15.4.4.21-1-8.js"
  },
  {
    "base": "ID:reduce",
    "callee": "ID:call",
    "calleeLocation": "715940006030004",
    "arguments": [
      "ID:fnGlobalObject",
      "ID:callbackfn",
      "LIT:1"
    ],
    "argumentLocations": [
      "715940006080016",
      "715940006260010",
      "715940006380001"
    ],
    "argumentTypes": [
      "unknown",
      "unknown",
      "number"
    ],
    "parameters": [
      "",
      "",
      ""
    ],
    "src": "data/js/programs_all/sebastienros/jint/Jint.Tests.Ecma/TestCases/ch15/15.4/15.4.4/15.4.4.21/15.4.4.21-2-15.js : 20 - 20",
    "filename": "data/js/programs_all/sebastienros/jint/Jint.Tests.Ecma/TestCases/ch15/15.4/15.4.4/15.4.4.21/15.4.4.21-2-15.js"
  },
  {
    "base": "ID:reduce",
    "callee": "ID:call",
    "calleeLocation": "715950009160004",
    "arguments": [
      "ID:child",
      "ID:callbackfn",
      "LIT:1"
    ],
    "argumentLocations": [
      "715950009210005",
      "715950009280010",
      "715950009400001"
    ],
    "argumentTypes": [
      "unknown",
      "unknown",
      "number"
    ],
    "parameters": [
      "",
      "",
      ""
    ],
    "src": "data/js/programs_all/sebastienros/jint/Jint.Tests.Ecma/TestCases/ch15/15.4/15.4.4/15.4.4.21/15.4.4.21-2-5.js : 35 - 35",
    "filename": "data/js/programs_all/sebastienros/jint/Jint.Tests.Ecma/TestCases/ch15/15.4/15.4.4/15.4.4.21/15.4.4.21-2-5.js"
  },
  {
    "base": "ID:reduce",
    "callee": "ID:call",
    "calleeLocation": "715960008140004",
    "arguments": [
      "ID:child",
      "ID:callbackfn",
      "LIT:1"
    ],
    "argumentLocations": [
      "715960008190005",
      "715960008260010",
      "715960008380001"
    ],
    "argumentTypes": [
      "unknown",
      "unknown",
      "number"
    ],
    "parameters": [
      "",
      "",
      ""
    ],
    "src": "data/js/programs_all/sebastienros/jint/Jint.Tests.Ecma/TestCases/ch15/15.4/15.4.4/15.4.4.21/15.4.4.21-2-8.js : 32 - 32",
    "filename": "data/js/programs_all/sebastienros/jint/Jint.Tests.Ecma/TestCases/ch15/15.4/15.4.4/15.4.4.21/15.4.4.21-2-8.js"
  },
  {
    "base": "ID:reduce",
    "callee": "ID:call",
    "calleeLocation": "715970004480004",
    "arguments": [
      "ID:obj",
      "ID:callbackfn",
      "LIT:1"
    ],
    "argumentLocations": [
      "715970004530003",
      "715970004580010",
      "715970004700001"
    ],
    "argumentTypes": [
      "unknown",
      "unknown",
      "number"
    ],
    "parameters": [
      "",
      "",
      ""
    ],
    "src": "data/js/programs_all/sebastienros/jint/Jint.Tests.Ecma/TestCases/ch15/15.4/15.4.4/15.4.4.21/15.4.4.21-3-11.js : 16 - 16",
    "filename": "data/js/programs_all/sebastienros/jint/Jint.Tests.Ecma/TestCases/ch15/15.4/15.4.4/15.4.4.21/15.4.4.21-3-11.js"
  },
  {
    "base": "ID:reduce",
    "callee": "ID:call",
    "calleeLocation": "715980004890004",
    "arguments": [
      "ID:obj",
      "ID:callbackfn",
      "LIT:1"
    ],
    "argumentLocations": [
      "715980004940003",
      "715980004990010",
      "715980005110001"
    ],
    "argumentTypes": [
      "unknown",
      "unknown",
      "number"
    ],
    "parameters": [
      "",
      "",
      ""
    ],
    "src": "data/js/programs_all/sebastienros/jint/Jint.Tests.Ecma/TestCases/ch15/15.4/15.4.4/15.4.4.21/15.4.4.21-3-18.js : 18 - 18",
    "filename": "data/js/programs_all/sebastienros/jint/Jint.Tests.Ecma/TestCases/ch15/15.4/15.4.4/15.4.4.21/15.4.4.21-3-18.js"
  },
  {
    "base": "ID:reduce",
    "callee": "ID:call",
    "calleeLocation": "716000005750004",
    "arguments": [
      "ID:obj",
      "LIT:null"
    ],
    "argumentLocations": [
      "716000005800003",
      "716000005850004"
    ],
    "argumentTypes": [
      "unknown",
      "null"
    ],
    "parameters": [
      "",
      ""
    ],
    "src": "data/js/programs_all/sebastienros/jint/Jint.Tests.Ecma/TestCases/ch15/15.4/15.4.4/15.4.4.21/15.4.4.21-4-8.js : 23 - 23",
    "filename": "data/js/programs_all/sebastienros/jint/Jint.Tests.Ecma/TestCases/ch15/15.4/15.4.4/15.4.4.21/15.4.4.21-4-8.js"
  },
  {
    "base": "ID:reduce",
    "callee": "ID:call",
    "calleeLocation": "716010006220004",
    "arguments": [
      "ID:obj",
      "ID:callbackfn"
    ],
    "argumentLocations": [
      "716010006270003",
      "716010006320010"
    ],
    "argumentTypes": [
      "unknown",
      "unknown"
    ],
    "parameters": [
      "",
      ""
    ],
    "src": "data/js/programs_all/sebastienros/jint/Jint.Tests.Ecma/TestCases/ch15/15.4/15.4.4/15.4.4.21/15.4.4.21-5-12.js : 24 - 24",
    "filename": "data/js/programs_all/sebastienros/jint/Jint.Tests.Ecma/TestCases/ch15/15.4/15.4.4/15.4.4.21/15.4.4.21-5-12.js"
  }
]