[
  {
    "base": "ID:Math",
    "callee": "ID:min",
    "calleeLocation": "128160003940003",
    "arguments": [
      "ID:getDecimals",
      "LIT:3"
    ],
    "argumentLocations": [
      "128160003980014",
      "128160004140001"
    ],
    "argumentTypes": [
      "unknown",
      "number"
    ],
    "parameters": [
      "",
      ""
    ],
    "src": "data/js/programs_all/angular/bower-angular-i18n/angular-locale_guz.js : 14 - 14",
    "filename": "data/js/programs_all/angular/bower-angular-i18n/angular-locale_guz.js"
  },
  {
    "base": "ID:Math",
    "callee": "ID:pow",
    "calleeLocation": "128160004410003",
    "arguments": [
      "LIT:10",
      "ID:v"
    ],
    "argumentLocations": [
      "128160004450002",
      "128160004490001"
    ],
    "argumentTypes": [
      "number",
      "unknown"
    ],
    "parameters": [
      "",
      ""
    ],
    "src": "data/js/programs_all/angular/bower-angular-i18n/angular-locale_guz.js : 17 - 17",
    "filename": "data/js/programs_all/angular/bower-angular-i18n/angular-locale_guz.js"
  },
  {
    "base": "",
    "callee": "ID:getVF",
    "calleeLocation": "128160023560005",
    "arguments": [
      "ID:n",
      "ID:opt_precision"
    ],
    "argumentLocations": [
      "128160023620001",
      "128160023650013"
    ],
    "argumentTypes": [
      "unknown",
      "unknown"
    ],
    "parameters": [
      "ID:n",
      "ID:opt_precision"
    ],
    "src": "data/js/programs_all/angular/bower-angular-i18n/angular-locale_guz.js : 126 - 126",
    "filename": "data/js/programs_all/angular/bower-angular-i18n/angular-locale_guz.js"
  },
  {
    "base": "ID:Math",
    "callee": "ID:min",
    "calleeLocation": "128180003940003",
    "arguments": [
      "ID:getDecimals",
      "LIT:3"
    ],
    "argumentLocations": [
      "128180003980014",
      "128180004140001"
    ],
    "argumentTypes": [
      "unknown",
      "number"
    ],
    "parameters": [
      "",
      ""
    ],
    "src": "data/js/programs_all/angular/bower-angular-i18n/angular-locale_ia-fr.js : 14 - 14",
    "filename": "data/js/programs_all/angular/bower-angular-i18n/angular-locale_ia-fr.js"
  },
  {
    "base": "ID:Math",
    "callee": "ID:pow",
    "calleeLocation": "128180004410003",
    "arguments": [
      "LIT:10",
      "ID:v"
    ],
    "argumentLocations": [
      "128180004450002",
      "128180004490001"
    ],
    "argumentTypes": [
      "number",
      "unknown"
    ],
    "parameters": [
      "",
      ""
    ],
    "src": "data/js/programs_all/angular/bower-angular-i18n/angular-locale_ia-fr.js : 17 - 17",
    "filename": "data/js/programs_all/angular/bower-angular-i18n/angular-locale_ia-fr.js"
  },
  {
    "base": "",
    "callee": "ID:getVF",
    "calleeLocation": "128180023690005",
    "arguments": [
      "ID:n",
      "ID:opt_precision"
    ],
    "argumentLocations": [
      "128180023750001",
      "128180023780013"
    ],
    "argumentTypes": [
      "unknown",
      "unknown"
    ],
    "parameters": [
      "ID:n",
      "ID:opt_precision"
    ],
    "src": "data/js/programs_all/angular/bower-angular-i18n/angular-locale_ia-fr.js : 126 - 126",
    "filename": "data/js/programs_all/angular/bower-angular-i18n/angular-locale_ia-fr.js"
  },
  {
    "base": "ID:Math",
    "callee": "ID:min",
    "calleeLocation": "128200003940003",
    "arguments": [
      "ID:getDecimals",
      "LIT:3"
    ],
    "argumentLocations": [
      "128200003980014",
      "128200004140001"
    ],
    "argumentTypes": [
      "unknown",
      "number"
    ],
    "parameters": [
      "",
      ""
    ],
    "src": "data/js/programs_all/angular/bower-angular-i18n/angular-locale_it-sm.js : 14 - 14",
    "filename": "data/js/programs_all/angular/bower-angular-i18n/angular-locale_it-sm.js"
  },
  {
    "base": "ID:Math",
    "callee": "ID:pow",
    "calleeLocation": "128200004410003",
    "arguments": [
      "LIT:10",
      "ID:v"
    ],
    "argumentLocations": [
      "128200004450002",
      "128200004490001"
    ],
    "argumentTypes": [
      "number",
      "unknown"
    ],
    "parameters": [
      "",
      ""
    ],
    "src": "data/js/programs_all/angular/bower-angular-i18n/angular-locale_it-sm.js : 17 - 17",
    "filename": "data/js/programs_all/angular/bower-angular-i18n/angular-locale_it-sm.js"
  },
  {
    "base": "",
    "callee": "ID:getVF",
    "calleeLocation": "128200023670005",
    "arguments": [
      "ID:n",
      "ID:opt_precision"
    ],
    "argumentLocations": [
      "128200023730001",
      "128200023760013"
    ],
    "argumentTypes": [
      "unknown",
      "unknown"
    ],
    "parameters": [
      "ID:n",
      "ID:opt_precision"
    ],
    "src": "data/js/programs_all/angular/bower-angular-i18n/angular-locale_it-sm.js : 126 - 126",
    "filename": "data/js/programs_all/angular/bower-angular-i18n/angular-locale_it-sm.js"
  },
  {
    "base": "ID:Math",
    "callee": "ID:min",
    "calleeLocation": "128230003940003",
    "arguments": [
      "ID:getDecimals",
      "LIT:3"
    ],
    "argumentLocations": [
      "128230003980014",
      "128230004140001"
    ],
    "argumentTypes": [
      "unknown",
      "number"
    ],
    "parameters": [
      "",
      ""
    ],
    "src": "data/js/programs_all/angular/bower-angular-i18n/angular-locale_jmc.js : 14 - 14",
    "filename": "data/js/programs_all/angular/bower-angular-i18n/angular-locale_jmc.js"
  },
  {
    "base": "ID:Math",
    "callee": "ID:pow",
    "calleeLocation": "128230004410003",
    "arguments": [
      "LIT:10",
      "ID:v"
    ],
    "argumentLocations": [
      "128230004450002",
      "128230004490001"
    ],
    "argumentTypes": [
      "number",
      "unknown"
    ],
    "parameters": [
      "",
      ""
    ],
    "src": "data/js/programs_all/angular/bower-angular-i18n/angular-locale_jmc.js : 17 - 17",
    "filename": "data/js/programs_all/angular/bower-angular-i18n/angular-locale_jmc.js"
  },
  {
    "base": "",
    "callee": "ID:getVF",
    "calleeLocation": "128230023560005",
    "arguments": [
      "ID:n",
      "ID:opt_precision"
    ],
    "argumentLocations": [
      "128230023620001",
      "128230023650013"
    ],
    "argumentTypes": [
      "unknown",
      "unknown"
    ],
    "parameters": [
      "ID:n",
      "ID:opt_precision"
    ],
    "src": "data/js/programs_all/angular/bower-angular-i18n/angular-locale_jmc.js : 126 - 126",
    "filename": "data/js/programs_all/angular/bower-angular-i18n/angular-locale_jmc.js"
  },
  {
    "base": "ID:Math",
    "callee": "ID:min",
    "calleeLocation": "128240003940003",
    "arguments": [
      "ID:getDecimals",
      "LIT:3"
    ],
    "argumentLocations": [
      "128240003980014",
      "128240004140001"
    ],
    "argumentTypes": [
      "unknown",
      "number"
    ],
    "parameters": [
      "",
      ""
    ],
    "src": "data/js/programs_all/angular/bower-angular-i18n/angular-locale_kea-cv.js : 14 - 14",
    "filename": "data/js/programs_all/angular/bower-angular-i18n/angular-locale_kea-cv.js"
  },
  {
    "base": "ID:Math",
    "callee": "ID:pow",
    "calleeLocation": "128240004410003",
    "arguments": [
      "LIT:10",
      "ID:v"
    ],
    "argumentLocations": [
      "128240004450002",
      "128240004490001"
    ],
    "argumentTypes": [
      "number",
      "unknown"
    ],
    "parameters": [
      "",
      ""
    ],
    "src": "data/js/programs_all/angular/bower-angular-i18n/angular-locale_kea-cv.js : 17 - 17",
    "filename": "data/js/programs_all/angular/bower-angular-i18n/angular-locale_kea-cv.js"
  },
  {
    "base": "",
    "callee": "ID:getVF",
    "calleeLocation": "128240023880005",
    "arguments": [
      "ID:n",
      "ID:opt_precision"
    ],
    "argumentLocations": [
      "128240023940001",
      "128240023970013"
    ],
    "argumentTypes": [
      "unknown",
      "unknown"
    ],
    "parameters": [
      "ID:n",
      "ID:opt_precision"
    ],
    "src": "data/js/programs_all/angular/bower-angular-i18n/angular-locale_kea-cv.js : 126 - 126",
    "filename": "data/js/programs_all/angular/bower-angular-i18n/angular-locale_kea-cv.js"
  },
  {
    "base": "ID:Math",
    "callee": "ID:min",
    "calleeLocation": "128250003940003",
    "arguments": [
      "ID:getDecimals",
      "LIT:3"
    ],
    "argumentLocations": [
      "128250003980014",
      "128250004140001"
    ],
    "argumentTypes": [
      "unknown",
      "number"
    ],
    "parameters": [
      "",
      ""
    ],
    "src": "data/js/programs_all/angular/bower-angular-i18n/angular-locale_kea.js : 14 - 14",
    "filename": "data/js/programs_all/angular/bower-angular-i18n/angular-locale_kea.js"
  },
  {
    "base": "ID:Math",
    "callee": "ID:pow",
    "calleeLocation": "128250004410003",
    "arguments": [
      "LIT:10",
      "ID:v"
    ],
    "argumentLocations": [
      "128250004450002",
      "128250004490001"
    ],
    "argumentTypes": [
      "number",
      "unknown"
    ],
    "parameters": [
      "",
      ""
    ],
    "src": "data/js/programs_all/angular/bower-angular-i18n/angular-locale_kea.js : 17 - 17",
    "filename": "data/js/programs_all/angular/bower-angular-i18n/angular-locale_kea.js"
  },
  {
    "base": "",
    "callee": "ID:getVF",
    "calleeLocation": "128250023850005",
    "arguments": [
      "ID:n",
      "ID:opt_precision"
    ],
    "argumentLocations": [
      "128250023910001",
      "128250023940013"
    ],
    "argumentTypes": [
      "unknown",
      "unknown"
    ],
    "parameters": [
      "ID:n",
      "ID:opt_precision"
    ],
    "src": "data/js/programs_all/angular/bower-angular-i18n/angular-locale_kea.js : 126 - 126",
    "filename": "data/js/programs_all/angular/bower-angular-i18n/angular-locale_kea.js"
  },
  {
    "base": "ID:Math",
    "callee": "ID:min",
    "calleeLocation": "128260003940003",
    "arguments": [
      "ID:getDecimals",
      "LIT:3"
    ],
    "argumentLocations": [
      "128260003980014",
      "128260004140001"
    ],
    "argumentTypes": [
      "unknown",
      "number"
    ],
    "parameters": [
      "",
      ""
    ],
    "src": "data/js/programs_all/angular/bower-angular-i18n/angular-locale_kkj-cm.js : 14 - 14",
    "filename": "data/js/programs_all/angular/bower-angular-i18n/angular-locale_kkj-cm.js"
  },
  {
    "base": "ID:Math",
    "callee": "ID:pow",
    "calleeLocation": "128260004410003",
    "arguments": [
      "LIT:10",
      "ID:v"
    ],
    "argumentLocations": [
      "128260004450002",
      "128260004490001"
    ],
    "argumentTypes": [
      "number",
      "unknown"
    ],
    "parameters": [
      "",
      ""
    ],
    "src": "data/js/programs_all/angular/bower-angular-i18n/angular-locale_kkj-cm.js : 17 - 17",
    "filename": "data/js/programs_all/angular/bower-angular-i18n/angular-locale_kkj-cm.js"
  },
  {
    "base": "",
    "callee": "ID:getVF",
    "calleeLocation": "128260027310005",
    "arguments": [
      "ID:n",
      "ID:opt_precision"
    ],
    "argumentLocations": [
      "128260027370001",
      "128260027400013"
    ],
    "argumentTypes": [
      "unknown",
      "unknown"
    ],
    "parameters": [
      "ID:n",
      "ID:opt_precision"
    ],
    "src": "data/js/programs_all/angular/bower-angular-i18n/angular-locale_kkj-cm.js : 126 - 126",
    "filename": "data/js/programs_all/angular/bower-angular-i18n/angular-locale_kkj-cm.js"
  },
  {
    "base": "ID:Math",
    "callee": "ID:min",
    "calleeLocation": "128270003940003",
    "arguments": [
      "ID:getDecimals",
      "LIT:3"
    ],
    "argumentLocations": [
      "128270003980014",
      "128270004140001"
    ],
    "argumentTypes": [
      "unknown",
      "number"
    ],
    "parameters": [
      "",
      ""
    ],
    "src": "data/js/programs_all/angular/bower-angular-i18n/angular-locale_kl-gl.js : 14 - 14",
    "filename": "data/js/programs_all/angular/bower-angular-i18n/angular-locale_kl-gl.js"
  },
  {
    "base": "ID:Math",
    "callee": "ID:pow",
    "calleeLocation": "128270004410003",
    "arguments": [
      "LIT:10",
      "ID:v"
    ],
    "argumentLocations": [
      "128270004450002",
      "128270004490001"
    ],
    "argumentTypes": [
      "number",
      "unknown"
    ],
    "parameters": [
      "",
      ""
    ],
    "src": "data/js/programs_all/angular/bower-angular-i18n/angular-locale_kl-gl.js : 17 - 17",
    "filename": "data/js/programs_all/angular/bower-angular-i18n/angular-locale_kl-gl.js"
  },
  {
    "base": "",
    "callee": "ID:getVF",
    "calleeLocation": "128270024870005",
    "arguments": [
      "ID:n",
      "ID:opt_precision"
    ],
    "argumentLocations": [
      "128270024930001",
      "128270024960013"
    ],
    "argumentTypes": [
      "unknown",
      "unknown"
    ],
    "parameters": [
      "ID:n",
      "ID:opt_precision"
    ],
    "src": "data/js/programs_all/angular/bower-angular-i18n/angular-locale_kl-gl.js : 126 - 126",
    "filename": "data/js/programs_all/angular/bower-angular-i18n/angular-locale_kl-gl.js"
  },
  {
    "base": "ID:Math",
    "callee": "ID:min",
    "calleeLocation": "128310003940003",
    "arguments": [
      "ID:getDecimals",
      "LIT:3"
    ],
    "argumentLocations": [
      "128310003980014",
      "128310004140001"
    ],
    "argumentTypes": [
      "unknown",
      "number"
    ],
    "parameters": [
      "",
      ""
    ],
    "src": "data/js/programs_all/angular/bower-angular-i18n/angular-locale_lag.js : 14 - 14",
    "filename": "data/js/programs_all/angular/bower-angular-i18n/angular-locale_lag.js"
  },
  {
    "base": "ID:Math",
    "callee": "ID:pow",
    "calleeLocation": "128310004410003",
    "arguments": [
      "LIT:10",
      "ID:v"
    ],
    "argumentLocations": [
      "128310004450002",
      "128310004490001"
    ],
    "argumentTypes": [
      "number",
      "unknown"
    ],
    "parameters": [
      "",
      ""
    ],
    "src": "data/js/programs_all/angular/bower-angular-i18n/angular-locale_lag.js : 17 - 17",
    "filename": "data/js/programs_all/angular/bower-angular-i18n/angular-locale_lag.js"
  },
  {
    "base": "",
    "callee": "ID:getVF",
    "calleeLocation": "128310026930005",
    "arguments": [
      "ID:n",
      "ID:opt_precision"
    ],
    "argumentLocations": [
      "128310026990001",
      "128310027020013"
    ],
    "argumentTypes": [
      "unknown",
      "unknown"
    ],
    "parameters": [
      "ID:n",
      "ID:opt_precision"
    ],
    "src": "data/js/programs_all/angular/bower-angular-i18n/angular-locale_lag.js : 126 - 126",
    "filename": "data/js/programs_all/angular/bower-angular-i18n/angular-locale_lag.js"
  },
  {
    "base": "ID:Math",
    "callee": "ID:min",
    "calleeLocation": "128340003940003",
    "arguments": [
      "ID:getDecimals",
      "LIT:3"
    ],
    "argumentLocations": [
      "128340003980014",
      "128340004140001"
    ],
    "argumentTypes": [
      "unknown",
      "number"
    ],
    "parameters": [
      "",
      ""
    ],
    "src": "data/js/programs_all/angular/bower-angular-i18n/angular-locale_luy-ke.js : 14 - 14",
    "filename": "data/js/programs_all/angular/bower-angular-i18n/angular-locale_luy-ke.js"
  },
  {
    "base": "ID:Math",
    "callee": "ID:pow",
    "calleeLocation": "128340004410003",
    "arguments": [
      "LIT:10",
      "ID:v"
    ],
    "argumentLocations": [
      "128340004450002",
      "128340004490001"
    ],
    "argumentTypes": [
      "number",
      "unknown"
    ],
    "parameters": [
      "",
      ""
    ],
    "src": "data/js/programs_all/angular/bower-angular-i18n/angular-locale_luy-ke.js : 17 - 17",
    "filename": "data/js/programs_all/angular/bower-angular-i18n/angular-locale_luy-ke.js"
  },
  {
    "base": "",
    "callee": "ID:getVF",
    "calleeLocation": "128340023700005",
    "arguments": [
      "ID:n",
      "ID:opt_precision"
    ],
    "argumentLocations": [
      "128340023760001",
      "128340023790013"
    ],
    "argumentTypes": [
      "unknown",
      "unknown"
    ],
    "parameters": [
      "ID:n",
      "ID:opt_precision"
    ],
    "src": "data/js/programs_all/angular/bower-angular-i18n/angular-locale_luy-ke.js : 126 - 126",
    "filename": "data/js/programs_all/angular/bower-angular-i18n/angular-locale_luy-ke.js"
  },
  {
    "base": "ID:Math",
    "callee": "ID:min",
    "calleeLocation": "128350003940003",
    "arguments": [
      "ID:getDecimals",
      "LIT:3"
    ],
    "argumentLocations": [
      "128350003980014",
      "128350004140001"
    ],
    "argumentTypes": [
      "unknown",
      "number"
    ],
    "parameters": [
      "",
      ""
    ],
    "src": "data/js/programs_all/angular/bower-angular-i18n/angular-locale_mg-mg.js : 14 - 14",
    "filename": "data/js/programs_all/angular/bower-angular-i18n/angular-locale_mg-mg.js"
  },
  {
    "base": "ID:Math",
    "callee": "ID:pow",
    "calleeLocation": "128350004410003",
    "arguments": [
      "LIT:10",
      "ID:v"
    ],
    "argumentLocations": [
      "128350004450002",
      "128350004490001"
    ],
    "argumentTypes": [
      "number",
      "unknown"
    ],
    "parameters": [
      "",
      ""
    ],
    "src": "data/js/programs_all/angular/bower-angular-i18n/angular-locale_mg-mg.js : 17 - 17",
    "filename": "data/js/programs_all/angular/bower-angular-i18n/angular-locale_mg-mg.js"
  },
  {
    "base": "",
    "callee": "ID:getVF",
    "calleeLocation": "128350023510005",
    "arguments": [
      "ID:n",
      "ID:opt_precision"
    ],
    "argumentLocations": [
      "128350023570001",
      "128350023600013"
    ],
    "argumentTypes": [
      "unknown",
      "unknown"
    ],
    "parameters": [
      "ID:n",
      "ID:opt_precision"
    ],
    "src": "data/js/programs_all/angular/bower-angular-i18n/angular-locale_mg-mg.js : 126 - 126",
    "filename": "data/js/programs_all/angular/bower-angular-i18n/angular-locale_mg-mg.js"
  },
  {
    "base": "ID:Math",
    "callee": "ID:min",
    "calleeLocation": "128360003940003",
    "arguments": [
      "ID:getDecimals",
      "LIT:3"
    ],
    "argumentLocations": [
      "128360003980014",
      "128360004140001"
    ],
    "argumentTypes": [
      "unknown",
      "number"
    ],
    "parameters": [
      "",
      ""
    ],
    "src": "data/js/programs_all/angular/bower-angular-i18n/angular-locale_mgh-mz.js : 14 - 14",
    "filename": "data/js/programs_all/angular/bower-angular-i18n/angular-locale_mgh-mz.js"
  },
  {
    "base": "ID:Math",
    "callee": "ID:pow",
    "calleeLocation": "128360004410003",
    "arguments": [
      "LIT:10",
      "ID:v"
    ],
    "argumentLocations": [
      "128360004450002",
      "128360004490001"
    ],
    "argumentTypes": [
      "number",
      "unknown"
    ],
    "parameters": [
      "",
      ""
    ],
    "src": "data/js/programs_all/angular/bower-angular-i18n/angular-locale_mgh-mz.js : 17 - 17",
    "filename": "data/js/programs_all/angular/bower-angular-i18n/angular-locale_mgh-mz.js"
  },
  {
    "base": "",
    "callee": "ID:getVF",
    "calleeLocation": "128360025010005",
    "arguments": [
      "ID:n",
      "ID:opt_precision"
    ],
    "argumentLocations": [
      "128360025070001",
      "128360025100013"
    ],
    "argumentTypes": [
      "unknown",
      "unknown"
    ],
    "parameters": [
      "ID:n",
      "ID:opt_precision"
    ],
    "src": "data/js/programs_all/angular/bower-angular-i18n/angular-locale_mgh-mz.js : 126 - 126",
    "filename": "data/js/programs_all/angular/bower-angular-i18n/angular-locale_mgh-mz.js"
  },
  {
    "base": "ID:Math",
    "callee": "ID:min",
    "calleeLocation": "128380003940003",
    "arguments": [
      "ID:getDecimals",
      "LIT:3"
    ],
    "argumentLocations": [
      "128380003980014",
      "128380004140001"
    ],
    "argumentTypes": [
      "unknown",
      "number"
    ],
    "parameters": [
      "",
      ""
    ],
    "src": "data/js/programs_all/angular/bower-angular-i18n/angular-locale_naq-na.js : 14 - 14",
    "filename": "data/js/programs_all/angular/bower-angular-i18n/angular-locale_naq-na.js"
  },
  {
    "base": "ID:Math",
    "callee": "ID:pow",
    "calleeLocation": "128380004410003",
    "arguments": [
      "LIT:10",
      "ID:v"
    ],
    "argumentLocations": [
      "128380004450002",
      "128380004490001"
    ],
    "argumentTypes": [
      "number",
      "unknown"
    ],
    "parameters": [
      "",
      ""
    ],
    "src": "data/js/programs_all/angular/bower-angular-i18n/angular-locale_naq-na.js : 17 - 17",
    "filename": "data/js/programs_all/angular/bower-angular-i18n/angular-locale_naq-na.js"
  },
  {
    "base": "",
    "callee": "ID:getVF",
    "calleeLocation": "128380026110005",
    "arguments": [
      "ID:n",
      "ID:opt_precision"
    ],
    "argumentLocations": [
      "128380026170001",
      "128380026200013"
    ],
    "argumentTypes": [
      "unknown",
      "unknown"
    ],
    "parameters": [
      "ID:n",
      "ID:opt_precision"
    ],
    "src": "data/js/programs_all/angular/bower-angular-i18n/angular-locale_naq-na.js : 126 - 126",
    "filename": "data/js/programs_all/angular/bower-angular-i18n/angular-locale_naq-na.js"
  },
  {
    "base": "ID:Math",
    "callee": "ID:min",
    "calleeLocation": "128400003940003",
    "arguments": [
      "ID:getDecimals",
      "LIT:3"
    ],
    "argumentLocations": [
      "128400003980014",
      "128400004140001"
    ],
    "argumentTypes": [
      "unknown",
      "number"
    ],
    "parameters": [
      "",
      ""
    ],
    "src": "data/js/programs_all/angular/bower-angular-i18n/angular-locale_nmg-cm.js : 14 - 14",
    "filename": "data/js/programs_all/angular/bower-angular-i18n/angular-locale_nmg-cm.js"
  },
  {
    "base": "ID:Math",
    "callee": "ID:pow",
    "calleeLocation": "128400004410003",
    "arguments": [
      "LIT:10",
      "ID:v"
    ],
    "argumentLocations": [
      "128400004450002",
      "128400004490001"
    ],
    "argumentTypes": [
      "number",
      "unknown"
    ],
    "parameters": [
      "",
      ""
    ],
    "src": "data/js/programs_all/angular/bower-angular-i18n/angular-locale_nmg-cm.js : 17 - 17",
    "filename": "data/js/programs_all/angular/bower-angular-i18n/angular-locale_nmg-cm.js"
  },
  {
    "base": "",
    "callee": "ID:getVF",
    "calleeLocation": "128400027480005",
    "arguments": [
      "ID:n",
      "ID:opt_precision"
    ],
    "argumentLocations": [
      "128400027540001",
      "128400027570013"
    ],
    "argumentTypes": [
      "unknown",
      "unknown"
    ],
    "parameters": [
      "ID:n",
      "ID:opt_precision"
    ],
    "src": "data/js/programs_all/angular/bower-angular-i18n/angular-locale_nmg-cm.js : 126 - 126",
    "filename": "data/js/programs_all/angular/bower-angular-i18n/angular-locale_nmg-cm.js"
  },
  {
    "base": "ID:Math",
    "callee": "ID:min",
    "calleeLocation": "128420003940003",
    "arguments": [
      "ID:getDecimals",
      "LIT:3"
    ],
    "argumentLocations": [
      "128420003980014",
      "128420004140001"
    ],
    "argumentTypes": [
      "unknown",
      "number"
    ],
    "parameters": [
      "",
      ""
    ],
    "src": "data/js/programs_all/angular/bower-angular-i18n/angular-locale_nyn-ug.js : 14 - 14",
    "filename": "data/js/programs_all/angular/bower-angular-i18n/angular-locale_nyn-ug.js"
  },
  {
    "base": "ID:Math",
    "callee": "ID:pow",
    "calleeLocation": "128420004410003",
    "arguments": [
      "LIT:10",
      "ID:v"
    ],
    "argumentLocations": [
      "128420004450002",
      "128420004490001"
    ],
    "argumentTypes": [
      "number",
      "unknown"
    ],
    "parameters": [
      "",
      ""
    ],
    "src": "data/js/programs_all/angular/bower-angular-i18n/angular-locale_nyn-ug.js : 17 - 17",
    "filename": "data/js/programs_all/angular/bower-angular-i18n/angular-locale_nyn-ug.js"
  },
  {
    "base": "",
    "callee": "ID:getVF",
    "calleeLocation": "128420024310005",
    "arguments": [
      "ID:n",
      "ID:opt_precision"
    ],
    "argumentLocations": [
      "128420024370001",
      "128420024400013"
    ],
    "argumentTypes": [
      "unknown",
      "unknown"
    ],
    "parameters": [
      "ID:n",
      "ID:opt_precision"
    ],
    "src": "data/js/programs_all/angular/bower-angular-i18n/angular-locale_nyn-ug.js : 126 - 126",
    "filename": "data/js/programs_all/angular/bower-angular-i18n/angular-locale_nyn-ug.js"
  },
  {
    "base": "ID:Math",
    "callee": "ID:min",
    "calleeLocation": "128440003940003",
    "arguments": [
      "ID:getDecimals",
      "LIT:3"
    ],
    "argumentLocations": [
      "128440003980014",
      "128440004140001"
    ],
    "argumentTypes": [
      "unknown",
      "number"
    ],
    "parameters": [
      "",
      ""
    ],
    "src": "data/js/programs_all/angular/bower-angular-i18n/angular-locale_ps.js : 14 - 14",
    "filename": "data/js/programs_all/angular/bower-angular-i18n/angular-locale_ps.js"
  },
  {
    "base": "ID:Math",
    "callee": "ID:pow",
    "calleeLocation": "128440004410003",
    "arguments": [
      "LIT:10",
      "ID:v"
    ],
    "argumentLocations": [
      "128440004450002",
      "128440004490001"
    ],
    "argumentTypes": [
      "number",
      "unknown"
    ],
    "parameters": [
      "",
      ""
    ],
    "src": "data/js/programs_all/angular/bower-angular-i18n/angular-locale_ps.js : 17 - 17",
    "filename": "data/js/programs_all/angular/bower-angular-i18n/angular-locale_ps.js"
  },
  {
    "base": "",
    "callee": "ID:getVF",
    "calleeLocation": "128440034030005",
    "arguments": [
      "ID:n",
      "ID:opt_precision"
    ],
    "argumentLocations": [
      "128440034090001",
      "128440034120013"
    ],
    "argumentTypes": [
      "unknown",
      "unknown"
    ],
    "parameters": [
      "ID:n",
      "ID:opt_precision"
    ],
    "src": "data/js/programs_all/angular/bower-angular-i18n/angular-locale_ps.js : 126 - 126",
    "filename": "data/js/programs_all/angular/bower-angular-i18n/angular-locale_ps.js"
  },
  {
    "base": "ID:Math",
    "callee": "ID:min",
    "calleeLocation": "128460003940003",
    "arguments": [
      "ID:getDecimals",
      "LIT:3"
    ],
    "argumentLocations": [
      "128460003980014",
      "128460004140001"
    ],
    "argumentTypes": [
      "unknown",
      "number"
    ],
    "parameters": [
      "",
      ""
    ],
    "src": "data/js/programs_all/angular/bower-angular-i18n/angular-locale_qu-pe.js : 14 - 14",
    "filename": "data/js/programs_all/angular/bower-angular-i18n/angular-locale_qu-pe.js"
  },
  {
    "base": "ID:Math",
    "callee": "ID:pow",
    "calleeLocation": "128460004410003",
    "arguments": [
      "LIT:10",
      "ID:v"
    ],
    "argumentLocations": [
      "128460004450002",
      "128460004490001"
    ],
    "argumentTypes": [
      "number",
      "unknown"
    ],
    "parameters": [
      "",
      ""
    ],
    "src": "data/js/programs_all/angular/bower-angular-i18n/angular-locale_qu-pe.js : 17 - 17",
    "filename": "data/js/programs_all/angular/bower-angular-i18n/angular-locale_qu-pe.js"
  },
  {
    "base": "",
    "callee": "ID:getVF",
    "calleeLocation": "128460024010005",
    "arguments": [
      "ID:n",
      "ID:opt_precision"
    ],
    "argumentLocations": [
      "128460024070001",
      "128460024100013"
    ],
    "argumentTypes": [
      "unknown",
      "unknown"
    ],
    "parameters": [
      "ID:n",
      "ID:opt_precision"
    ],
    "src": "data/js/programs_all/angular/bower-angular-i18n/angular-locale_qu-pe.js : 126 - 126",
    "filename": "data/js/programs_all/angular/bower-angular-i18n/angular-locale_qu-pe.js"
  },
  {
    "base": "ID:Math",
    "callee": "ID:min",
    "calleeLocation": "128470003940003",
    "arguments": [
      "ID:getDecimals",
      "LIT:3"
    ],
    "argumentLocations": [
      "128470003980014",
      "128470004140001"
    ],
    "argumentTypes": [
      "unknown",
      "number"
    ],
    "parameters": [
      "",
      ""
    ],
    "src": "data/js/programs_all/angular/bower-angular-i18n/angular-locale_rw-rw.js : 14 - 14",
    "filename": "data/js/programs_all/angular/bower-angular-i18n/angular-locale_rw-rw.js"
  },
  {
    "base": "ID:Math",
    "callee": "ID:pow",
    "calleeLocation": "128470004410003",
    "arguments": [
      "LIT:10",
      "ID:v"
    ],
    "argumentLocations": [
      "128470004450002",
      "128470004490001"
    ],
    "argumentTypes": [
      "number",
      "unknown"
    ],
    "parameters": [
      "",
      ""
    ],
    "src": "data/js/programs_all/angular/bower-angular-i18n/angular-locale_rw-rw.js : 17 - 17",
    "filename": "data/js/programs_all/angular/bower-angular-i18n/angular-locale_rw-rw.js"
  },
  {
    "base": "",
    "callee": "ID:getVF",
    "calleeLocation": "128470023890005",
    "arguments": [
      "ID:n",
      "ID:opt_precision"
    ],
    "argumentLocations": [
      "128470023950001",
      "128470023980013"
    ],
    "argumentTypes": [
      "unknown",
      "unknown"
    ],
    "parameters": [
      "ID:n",
      "ID:opt_precision"
    ],
    "src": "data/js/programs_all/angular/bower-angular-i18n/angular-locale_rw-rw.js : 126 - 126",
    "filename": "data/js/programs_all/angular/bower-angular-i18n/angular-locale_rw-rw.js"
  },
  {
    "base": "ID:Math",
    "callee": "ID:min",
    "calleeLocation": "128480003940003",
    "arguments": [
      "ID:getDecimals",
      "LIT:3"
    ],
    "argumentLocations": [
      "128480003980014",
      "128480004140001"
    ],
    "argumentTypes": [
      "unknown",
      "number"
    ],
    "parameters": [
      "",
      ""
    ],
    "src": "data/js/programs_all/angular/bower-angular-i18n/angular-locale_sbp.js : 14 - 14",
    "filename": "data/js/programs_all/angular/bower-angular-i18n/angular-locale_sbp.js"
  },
  {
    "base": "ID:Math",
    "callee": "ID:pow",
    "calleeLocation": "128480004410003",
    "arguments": [
      "LIT:10",
      "ID:v"
    ],
    "argumentLocations": [
      "128480004450002",
      "128480004490001"
    ],
    "argumentTypes": [
      "number",
      "unknown"
    ],
    "parameters": [
      "",
      ""
    ],
    "src": "data/js/programs_all/angular/bower-angular-i18n/angular-locale_sbp.js : 17 - 17",
    "filename": "data/js/programs_all/angular/bower-angular-i18n/angular-locale_sbp.js"
  },
  {
    "base": "",
    "callee": "ID:getVF",
    "calleeLocation": "128480023950005",
    "arguments": [
      "ID:n",
      "ID:opt_precision"
    ],
    "argumentLocations": [
      "128480024010001",
      "128480024040013"
    ],
    "argumentTypes": [
      "unknown",
      "unknown"
    ],
    "parameters": [
      "ID:n",
      "ID:opt_precision"
    ],
    "src": "data/js/programs_all/angular/bower-angular-i18n/angular-locale_sbp.js : 126 - 126",
    "filename": "data/js/programs_all/angular/bower-angular-i18n/angular-locale_sbp.js"
  },
  {
    "base": "ID:Math",
    "callee": "ID:min",
    "calleeLocation": "128490003940003",
    "arguments": [
      "ID:getDecimals",
      "LIT:3"
    ],
    "argumentLocations": [
      "128490003980014",
      "128490004140001"
    ],
    "argumentTypes": [
      "unknown",
      "number"
    ],
    "parameters": [
      "",
      ""
    ],
    "src": "data/js/programs_all/angular/bower-angular-i18n/angular-locale_seh-mz.js : 14 - 14",
    "filename": "data/js/programs_all/angular/bower-angular-i18n/angular-locale_seh-mz.js"
  },
  {
    "base": "ID:Math",
    "callee": "ID:pow",
    "calleeLocation": "128490004410003",
    "arguments": [
      "LIT:10",
      "ID:v"
    ],
    "argumentLocations": [
      "128490004450002",
      "128490004490001"
    ],
    "argumentTypes": [
      "number",
      "unknown"
    ],
    "parameters": [
      "",
      ""
    ],
    "src": "data/js/programs_all/angular/bower-angular-i18n/angular-locale_seh-mz.js : 17 - 17",
    "filename": "data/js/programs_all/angular/bower-angular-i18n/angular-locale_seh-mz.js"
  },
  {
    "base": "",
    "callee": "ID:getVF",
    "calleeLocation": "128490023710005",
    "arguments": [
      "ID:n",
      "ID:opt_precision"
    ],
    "argumentLocations": [
      "128490023770001",
      "128490023800013"
    ],
    "argumentTypes": [
      "unknown",
      "unknown"
    ],
    "parameters": [
      "ID:n",
      "ID:opt_precision"
    ],
    "src": "data/js/programs_all/angular/bower-angular-i18n/angular-locale_seh-mz.js : 126 - 126",
    "filename": "data/js/programs_all/angular/bower-angular-i18n/angular-locale_seh-mz.js"
  },
  {
    "base": "ID:Math",
    "callee": "ID:min",
    "calleeLocation": "128500003940003",
    "arguments": [
      "ID:getDecimals",
      "LIT:3"
    ],
    "argumentLocations": [
      "128500003980014",
      "128500004140001"
    ],
    "argumentTypes": [
      "unknown",
      "number"
    ],
    "parameters": [
      "",
      ""
    ],
    "src": "data/js/programs_all/angular/bower-angular-i18n/angular-locale_ses-ml.js : 14 - 14",
    "filename": "data/js/programs_all/angular/bower-angular-i18n/angular-locale_ses-ml.js"
  },
  {
    "base": "ID:Math",
    "callee": "ID:pow",
    "calleeLocation": "128500004410003",
    "arguments": [
      "LIT:10",
      "ID:v"
    ],
    "argumentLocations": [
      "128500004450002",
      "128500004490001"
    ],
    "argumentTypes": [
      "number",
      "unknown"
    ],
    "parameters": [
      "",
      ""
    ],
    "src": "data/js/programs_all/angular/bower-angular-i18n/angular-locale_ses-ml.js : 17 - 17",
    "filename": "data/js/programs_all/angular/bower-angular-i18n/angular-locale_ses-ml.js"
  },
  {
    "base": "",
    "callee": "ID:getVF",
    "calleeLocation": "128500023720005",
    "arguments": [
      "ID:n",
      "ID:opt_precision"
    ],
    "argumentLocations": [
      "128500023780001",
      "128500023810013"
    ],
    "argumentTypes": [
      "unknown",
      "unknown"
    ],
    "parameters": [
      "ID:n",
      "ID:opt_precision"
    ],
    "src": "data/js/programs_all/angular/bower-angular-i18n/angular-locale_ses-ml.js : 126 - 126",
    "filename": "data/js/programs_all/angular/bower-angular-i18n/angular-locale_ses-ml.js"
  },
  {
    "base": "ID:Math",
    "callee": "ID:min",
    "calleeLocation": "128510003940003",
    "arguments": [
      "ID:getDecimals",
      "LIT:3"
    ],
    "argumentLocations": [
      "128510003980014",
      "128510004140001"
    ],
    "argumentTypes": [
      "unknown",
      "number"
    ],
    "parameters": [
      "",
      ""
    ],
    "src": "data/js/programs_all/angular/bower-angular-i18n/angular-locale_ses.js : 14 - 14",
    "filename": "data/js/programs_all/angular/bower-angular-i18n/angular-locale_ses.js"
  },
  {
    "base": "ID:Math",
    "callee": "ID:pow",
    "calleeLocation": "128510004410003",
    "arguments": [
      "LIT:10",
      "ID:v"
    ],
    "argumentLocations": [
      "128510004450002",
      "128510004490001"
    ],
    "argumentTypes": [
      "number",
      "unknown"
    ],
    "parameters": [
      "",
      ""
    ],
    "src": "data/js/programs_all/angular/bower-angular-i18n/angular-locale_ses.js : 17 - 17",
    "filename": "data/js/programs_all/angular/bower-angular-i18n/angular-locale_ses.js"
  },
  {
    "base": "",
    "callee": "ID:getVF",
    "calleeLocation": "128510023690005",
    "arguments": [
      "ID:n",
      "ID:opt_precision"
    ],
    "argumentLocations": [
      "128510023750001",
      "128510023780013"
    ],
    "argumentTypes": [
      "unknown",
      "unknown"
    ],
    "parameters": [
      "ID:n",
      "ID:opt_precision"
    ],
    "src": "data/js/programs_all/angular/bower-angular-i18n/angular-locale_ses.js : 126 - 126",
    "filename": "data/js/programs_all/angular/bower-angular-i18n/angular-locale_ses.js"
  },
  {
    "base": "ID:Math",
    "callee": "ID:min",
    "calleeLocation": "128520003940003",
    "arguments": [
      "ID:getDecimals",
      "LIT:3"
    ],
    "argumentLocations": [
      "128520003980014",
      "128520004140001"
    ],
    "argumentTypes": [
      "unknown",
      "number"
    ],
    "parameters": [
      "",
      ""
    ],
    "src": "data/js/programs_all/angular/bower-angular-i18n/angular-locale_sg.js : 14 - 14",
    "filename": "data/js/programs_all/angular/bower-angular-i18n/angular-locale_sg.js"
  },
  {
    "base": "ID:Math",
    "callee": "ID:pow",
    "calleeLocation": "128520004410003",
    "arguments": [
      "LIT:10",
      "ID:v"
    ],
    "argumentLocations": [
      "128520004450002",
      "128520004490001"
    ],
    "argumentTypes": [
      "number",
      "unknown"
    ],
    "parameters": [
      "",
      ""
    ],
    "src": "data/js/programs_all/angular/bower-angular-i18n/angular-locale_sg.js : 17 - 17",
    "filename": "data/js/programs_all/angular/bower-angular-i18n/angular-locale_sg.js"
  },
  {
    "base": "",
    "callee": "ID:getVF",
    "calleeLocation": "128520025400005",
    "arguments": [
      "ID:n",
      "ID:opt_precision"
    ],
    "argumentLocations": [
      "128520025460001",
      "128520025490013"
    ],
    "argumentTypes": [
      "unknown",
      "unknown"
    ],
    "parameters": [
      "ID:n",
      "ID:opt_precision"
    ],
    "src": "data/js/programs_all/angular/bower-angular-i18n/angular-locale_sg.js : 126 - 126",
    "filename": "data/js/programs_all/angular/bower-angular-i18n/angular-locale_sg.js"
  },
  {
    "base": "ID:Math",
    "callee": "ID:min",
    "calleeLocation": "128530003940003",
    "arguments": [
      "ID:getDecimals",
      "LIT:3"
    ],
    "argumentLocations": [
      "128530003980014",
      "128530004140001"
    ],
    "argumentTypes": [
      "unknown",
      "number"
    ],
    "parameters": [
      "",
      ""
    ],
    "src": "data/js/programs_all/angular/bower-angular-i18n/angular-locale_smn.js : 14 - 14",
    "filename": "data/js/programs_all/angular/bower-angular-i18n/angular-locale_smn.js"
  },
  {
    "base": "ID:Math",
    "callee": "ID:pow",
    "calleeLocation": "128530004410003",
    "arguments": [
      "LIT:10",
      "ID:v"
    ],
    "argumentLocations": [
      "128530004450002",
      "128530004490001"
    ],
    "argumentTypes": [
      "number",
      "unknown"
    ],
    "parameters": [
      "",
      ""
    ],
    "src": "data/js/programs_all/angular/bower-angular-i18n/angular-locale_smn.js : 17 - 17",
    "filename": "data/js/programs_all/angular/bower-angular-i18n/angular-locale_smn.js"
  },
  {
    "base": "",
    "callee": "ID:getVF",
    "calleeLocation": "128530023330005",
    "arguments": [
      "ID:n",
      "ID:opt_precision"
    ],
    "argumentLocations": [
      "128530023390001",
      "128530023420013"
    ],
    "argumentTypes": [
      "unknown",
      "unknown"
    ],
    "parameters": [
      "ID:n",
      "ID:opt_precision"
    ],
    "src": "data/js/programs_all/angular/bower-angular-i18n/angular-locale_smn.js : 126 - 126",
    "filename": "data/js/programs_all/angular/bower-angular-i18n/angular-locale_smn.js"
  },
  {
    "base": "ID:Math",
    "callee": "ID:min",
    "calleeLocation": "128540003940003",
    "arguments": [
      "ID:getDecimals",
      "LIT:3"
    ],
    "argumentLocations": [
      "128540003980014",
      "128540004140001"
    ],
    "argumentTypes": [
      "unknown",
      "number"
    ],
    "parameters": [
      "",
      ""
    ],
    "src": "data/js/programs_all/angular/bower-angular-i18n/angular-locale_sn-zw.js : 14 - 14",
    "filename": "data/js/programs_all/angular/bower-angular-i18n/angular-locale_sn-zw.js"
  },
  {
    "base": "ID:Math",
    "callee": "ID:pow",
    "calleeLocation": "128540004410003",
    "arguments": [
      "LIT:10",
      "ID:v"
    ],
    "argumentLocations": [
      "128540004450002",
      "128540004490001"
    ],
    "argumentTypes": [
      "number",
      "unknown"
    ],
    "parameters": [
      "",
      ""
    ],
    "src": "data/js/programs_all/angular/bower-angular-i18n/angular-locale_sn-zw.js : 17 - 17",
    "filename": "data/js/programs_all/angular/bower-angular-i18n/angular-locale_sn-zw.js"
  },
  {
    "base": "",
    "callee": "ID:getVF",
    "calleeLocation": "128540023550005",
    "arguments": [
      "ID:n",
      "ID:opt_precision"
    ],
    "argumentLocations": [
      "128540023610001",
      "128540023640013"
    ],
    "argumentTypes": [
      "unknown",
      "unknown"
    ],
    "parameters": [
      "ID:n",
      "ID:opt_precision"
    ],
    "src": "data/js/programs_all/angular/bower-angular-i18n/angular-locale_sn-zw.js : 126 - 126",
    "filename": "data/js/programs_all/angular/bower-angular-i18n/angular-locale_sn-zw.js"
  },
  {
    "base": "ID:Math",
    "callee": "ID:min",
    "calleeLocation": "128550003940003",
    "arguments": [
      "ID:getDecimals",
      "LIT:3"
    ],
    "argumentLocations": [
      "128550003980014",
      "128550004140001"
    ],
    "argumentTypes": [
      "unknown",
      "number"
    ],
    "parameters": [
      "",
      ""
    ],
    "src": "data/js/programs_all/angular/bower-angular-i18n/angular-locale_ss-sz.js : 14 - 14",
    "filename": "data/js/programs_all/angular/bower-angular-i18n/angular-locale_ss-sz.js"
  },
  {
    "base": "ID:Math",
    "callee": "ID:pow",
    "calleeLocation": "128550004410003",
    "arguments": [
      "LIT:10",
      "ID:v"
    ],
    "argumentLocations": [
      "128550004450002",
      "128550004490001"
    ],
    "argumentTypes": [
      "number",
      "unknown"
    ],
    "parameters": [
      "",
      ""
    ],
    "src": "data/js/programs_all/angular/bower-angular-i18n/angular-locale_ss-sz.js : 17 - 17",
    "filename": "data/js/programs_all/angular/bower-angular-i18n/angular-locale_ss-sz.js"
  },
  {
    "base": "",
    "callee": "ID:getVF",
    "calleeLocation": "128550023570005",
    "arguments": [
      "ID:n",
      "ID:opt_precision"
    ],
    "argumentLocations": [
      "128550023630001",
      "128550023660013"
    ],
    "argumentTypes": [
      "unknown",
      "unknown"
    ],
    "parameters": [
      "ID:n",
      "ID:opt_precision"
    ],
    "src": "data/js/programs_all/angular/bower-angular-i18n/angular-locale_ss-sz.js : 126 - 126",
    "filename": "data/js/programs_all/angular/bower-angular-i18n/angular-locale_ss-sz.js"
  },
  {
    "base": "ID:Math",
    "callee": "ID:min",
    "calleeLocation": "128580003940003",
    "arguments": [
      "ID:getDecimals",
      "LIT:3"
    ],
    "argumentLocations": [
      "128580003980014",
      "128580004140001"
    ],
    "argumentTypes": [
      "unknown",
      "number"
    ],
    "parameters": [
      "",
      ""
    ],
    "src": "data/js/programs_all/angular/bower-angular-i18n/angular-locale_ti-er.js : 14 - 14",
    "filename": "data/js/programs_all/angular/bower-angular-i18n/angular-locale_ti-er.js"
  },
  {
    "base": "ID:Math",
    "callee": "ID:pow",
    "calleeLocation": "128580004410003",
    "arguments": [
      "LIT:10",
      "ID:v"
    ],
    "argumentLocations": [
      "128580004450002",
      "128580004490001"
    ],
    "argumentTypes": [
      "number",
      "unknown"
    ],
    "parameters": [
      "",
      ""
    ],
    "src": "data/js/programs_all/angular/bower-angular-i18n/angular-locale_ti-er.js : 17 - 17",
    "filename": "data/js/programs_all/angular/bower-angular-i18n/angular-locale_ti-er.js"
  },
  {
    "base": "",
    "callee": "ID:getVF",
    "calleeLocation": "128580030070005",
    "arguments": [
      "ID:n",
      "ID:opt_precision"
    ],
    "argumentLocations": [
      "128580030130001",
      "128580030160013"
    ],
    "argumentTypes": [
      "unknown",
      "unknown"
    ],
    "parameters": [
      "ID:n",
      "ID:opt_precision"
    ],
    "src": "data/js/programs_all/angular/bower-angular-i18n/angular-locale_ti-er.js : 126 - 126",
    "filename": "data/js/programs_all/angular/bower-angular-i18n/angular-locale_ti-er.js"
  },
  {
    "base": "ID:Math",
    "callee": "ID:min",
    "calleeLocation": "128590003940003",
    "arguments": [
      "ID:getDecimals",
      "LIT:3"
    ],
    "argumentLocations": [
      "128590003980014",
      "128590004140001"
    ],
    "argumentTypes": [
      "unknown",
      "number"
    ],
    "parameters": [
      "",
      ""
    ],
    "src": "data/js/programs_all/angular/bower-angular-i18n/angular-locale_tig-er.js : 14 - 14",
    "filename": "data/js/programs_all/angular/bower-angular-i18n/angular-locale_tig-er.js"
  },
  {
    "base": "ID:Math",
    "callee": "ID:pow",
    "calleeLocation": "128590004410003",
    "arguments": [
      "LIT:10",
      "ID:v"
    ],
    "argumentLocations": [
      "128590004450002",
      "128590004490001"
    ],
    "argumentTypes": [
      "number",
      "unknown"
    ],
    "parameters": [
      "",
      ""
    ],
    "src": "data/js/programs_all/angular/bower-angular-i18n/angular-locale_tig-er.js : 17 - 17",
    "filename": "data/js/programs_all/angular/bower-angular-i18n/angular-locale_tig-er.js"
  },
  {
    "base": "",
    "callee": "ID:getVF",
    "calleeLocation": "128590028950005",
    "arguments": [
      "ID:n",
      "ID:opt_precision"
    ],
    "argumentLocations": [
      "128590029010001",
      "128590029040013"
    ],
    "argumentTypes": [
      "unknown",
      "unknown"
    ],
    "parameters": [
      "ID:n",
      "ID:opt_precision"
    ],
    "src": "data/js/programs_all/angular/bower-angular-i18n/angular-locale_tig-er.js : 113 - 113",
    "filename": "data/js/programs_all/angular/bower-angular-i18n/angular-locale_tig-er.js"
  },
  {
    "base": "ID:Math",
    "callee": "ID:min",
    "calleeLocation": "128600003940003",
    "arguments": [
      "ID:getDecimals",
      "LIT:3"
    ],
    "argumentLocations": [
      "128600003980014",
      "128600004140001"
    ],
    "argumentTypes": [
      "unknown",
      "number"
    ],
    "parameters": [
      "",
      ""
    ],
    "src": "data/js/programs_all/angular/bower-angular-i18n/angular-locale_to-to.js : 14 - 14",
    "filename": "data/js/programs_all/angular/bower-angular-i18n/angular-locale_to-to.js"
  },
  {
    "base": "ID:Math",
    "callee": "ID:pow",
    "calleeLocation": "128600004410003",
    "arguments": [
      "LIT:10",
      "ID:v"
    ],
    "argumentLocations": [
      "128600004450002",
      "128600004490001"
    ],
    "argumentTypes": [
      "number",
      "unknown"
    ],
    "parameters": [
      "",
      ""
    ],
    "src": "data/js/programs_all/angular/bower-angular-i18n/angular-locale_to-to.js : 17 - 17",
    "filename": "data/js/programs_all/angular/bower-angular-i18n/angular-locale_to-to.js"
  },
  {
    "base": "",
    "callee": "ID:getVF",
    "calleeLocation": "128600025020005",
    "arguments": [
      "ID:n",
      "ID:opt_precision"
    ],
    "argumentLocations": [
      "128600025080001",
      "128600025110013"
    ],
    "argumentTypes": [
      "unknown",
      "unknown"
    ],
    "parameters": [
      "ID:n",
      "ID:opt_precision"
    ],
    "src": "data/js/programs_all/angular/bower-angular-i18n/angular-locale_to-to.js : 126 - 126",
    "filename": "data/js/programs_all/angular/bower-angular-i18n/angular-locale_to-to.js"
  },
  {
    "base": "ID:Math",
    "callee": "ID:min",
    "calleeLocation": "128610003940003",
    "arguments": [
      "ID:getDecimals",
      "LIT:3"
    ],
    "argumentLocations": [
      "128610003980014",
      "128610004140001"
    ],
    "argumentTypes": [
      "unknown",
      "number"
    ],
    "parameters": [
      "",
      ""
    ],
    "src": "data/js/programs_all/angular/bower-angular-i18n/angular-locale_tzm-latn-ma.js : 14 - 14",
    "filename": "data/js/programs_all/angular/bower-angular-i18n/angular-locale_tzm-latn-ma.js"
  },
  {
    "base": "ID:Math",
    "callee": "ID:pow",
    "calleeLocation": "128610004410003",
    "arguments": [
      "LIT:10",
      "ID:v"
    ],
    "argumentLocations": [
      "128610004450002",
      "128610004490001"
    ],
    "argumentTypes": [
      "number",
      "unknown"
    ],
    "parameters": [
      "",
      ""
    ],
    "src": "data/js/programs_all/angular/bower-angular-i18n/angular-locale_tzm-latn-ma.js : 17 - 17",
    "filename": "data/js/programs_all/angular/bower-angular-i18n/angular-locale_tzm-latn-ma.js"
  },
  {
    "base": "",
    "callee": "ID:getVF",
    "calleeLocation": "128610024470005",
    "arguments": [
      "ID:n",
      "ID:opt_precision"
    ],
    "argumentLocations": [
      "128610024530001",
      "128610024560013"
    ],
    "argumentTypes": [
      "unknown",
      "unknown"
    ],
    "parameters": [
      "ID:n",
      "ID:opt_precision"
    ],
    "src": "data/js/programs_all/angular/bower-angular-i18n/angular-locale_tzm-latn-ma.js : 126 - 126",
    "filename": "data/js/programs_all/angular/bower-angular-i18n/angular-locale_tzm-latn-ma.js"
  },
  {
    "base": "ID:Math",
    "callee": "ID:min",
    "calleeLocation": "128620003940003",
    "arguments": [
      "ID:getDecimals",
      "LIT:3"
    ],
    "argumentLocations": [
      "128620003980014",
      "128620004140001"
    ],
    "argumentTypes": [
      "unknown",
      "number"
    ],
    "parameters": [
      "",
      ""
    ],
    "src": "data/js/programs_all/angular/bower-angular-i18n/angular-locale_tzm-latn.js : 14 - 14",
    "filename": "data/js/programs_all/angular/bower-angular-i18n/angular-locale_tzm-latn.js"
  },
  {
    "base": "ID:Math",
    "callee": "ID:pow",
    "calleeLocation": "128620004410003",
    "arguments": [
      "LIT:10",
      "ID:v"
    ],
    "argumentLocations": [
      "128620004450002",
      "128620004490001"
    ],
    "argumentTypes": [
      "number",
      "unknown"
    ],
    "parameters": [
      "",
      ""
    ],
    "src": "data/js/programs_all/angular/bower-angular-i18n/angular-locale_tzm-latn.js : 17 - 17",
    "filename": "data/js/programs_all/angular/bower-angular-i18n/angular-locale_tzm-latn.js"
  },
  {
    "base": "",
    "callee": "ID:getVF",
    "calleeLocation": "128620024480005",
    "arguments": [
      "ID:n",
      "ID:opt_precision"
    ],
    "argumentLocations": [
      "128620024540001",
      "128620024570013"
    ],
    "argumentTypes": [
      "unknown",
      "unknown"
    ],
    "parameters": [
      "ID:n",
      "ID:opt_precision"
    ],
    "src": "data/js/programs_all/angular/bower-angular-i18n/angular-locale_tzm-latn.js : 126 - 126",
    "filename": "data/js/programs_all/angular/bower-angular-i18n/angular-locale_tzm-latn.js"
  },
  {
    "base": "ID:Math",
    "callee": "ID:min",
    "calleeLocation": "128640003940003",
    "arguments": [
      "ID:getDecimals",
      "LIT:3"
    ],
    "argumentLocations": [
      "128640003980014",
      "128640004140001"
    ],
    "argumentTypes": [
      "unknown",
      "number"
    ],
    "parameters": [
      "",
      ""
    ],
    "src": "data/js/programs_all/angular/bower-angular-i18n/angular-locale_vai-vaii-lr.js : 14 - 14",
    "filename": "data/js/programs_all/angular/bower-angular-i18n/angular-locale_vai-vaii-lr.js"
  },
  {
    "base": "ID:Math",
    "callee": "ID:pow",
    "calleeLocation": "128640004410003",
    "arguments": [
      "LIT:10",
      "ID:v"
    ],
    "argumentLocations": [
      "128640004450002",
      "128640004490001"
    ],
    "argumentTypes": [
      "number",
      "unknown"
    ],
    "parameters": [
      "",
      ""
    ],
    "src": "data/js/programs_all/angular/bower-angular-i18n/angular-locale_vai-vaii-lr.js : 17 - 17",
    "filename": "data/js/programs_all/angular/bower-angular-i18n/angular-locale_vai-vaii-lr.js"
  },
  {
    "base": "",
    "callee": "ID:getVF",
    "calleeLocation": "128640028230005",
    "arguments": [
      "ID:n",
      "ID:opt_precision"
    ],
    "argumentLocations": [
      "128640028290001",
      "128640028320013"
    ],
    "argumentTypes": [
      "unknown",
      "unknown"
    ],
    "parameters": [
      "ID:n",
      "ID:opt_precision"
    ],
    "src": "data/js/programs_all/angular/bower-angular-i18n/angular-locale_vai-vaii-lr.js : 126 - 126",
    "filename": "data/js/programs_all/angular/bower-angular-i18n/angular-locale_vai-vaii-lr.js"
  },
  {
    "base": "ID:Math",
    "callee": "ID:min",
    "calleeLocation": "128650003940003",
    "arguments": [
      "ID:getDecimals",
      "LIT:3"
    ],
    "argumentLocations": [
      "128650003980014",
      "128650004140001"
    ],
    "argumentTypes": [
      "unknown",
      "number"
    ],
    "parameters": [
      "",
      ""
    ],
    "src": "data/js/programs_all/angular/bower-angular-i18n/angular-locale_ve.js : 14 - 14",
    "filename": "data/js/programs_all/angular/bower-angular-i18n/angular-locale_ve.js"
  },
  {
    "base": "ID:Math",
    "callee": "ID:pow",
    "calleeLocation": "128650004410003",
    "arguments": [
      "LIT:10",
      "ID:v"
    ],
    "argumentLocations": [
      "128650004450002",
      "128650004490001"
    ],
    "argumentTypes": [
      "number",
      "unknown"
    ],
    "parameters": [
      "",
      ""
    ],
    "src": "data/js/programs_all/angular/bower-angular-i18n/angular-locale_ve.js : 17 - 17",
    "filename": "data/js/programs_all/angular/bower-angular-i18n/angular-locale_ve.js"
  },
  {
    "base": "",
    "callee": "ID:getVF",
    "calleeLocation": "128650024210005",
    "arguments": [
      "ID:n",
      "ID:opt_precision"
    ],
    "argumentLocations": [
      "128650024270001",
      "128650024300013"
    ],
    "argumentTypes": [
      "unknown",
      "unknown"
    ],
    "parameters": [
      "ID:n",
      "ID:opt_precision"
    ],
    "src": "data/js/programs_all/angular/bower-angular-i18n/angular-locale_ve.js : 126 - 126",
    "filename": "data/js/programs_all/angular/bower-angular-i18n/angular-locale_ve.js"
  },
  {
    "base": "ID:Math",
    "callee": "ID:min",
    "calleeLocation": "128660003940003",
    "arguments": [
      "ID:getDecimals",
      "LIT:3"
    ],
    "argumentLocations": [
      "128660003980014",
      "128660004140001"
    ],
    "argumentTypes": [
      "unknown",
      "number"
    ],
    "parameters": [
      "",
      ""
    ],
    "src": "data/js/programs_all/angular/bower-angular-i18n/angular-locale_vun-tz.js : 14 - 14",
    "filename": "data/js/programs_all/angular/bower-angular-i18n/angular-locale_vun-tz.js"
  },
  {
    "base": "ID:Math",
    "callee": "ID:pow",
    "calleeLocation": "128660004410003",
    "arguments": [
      "LIT:10",
      "ID:v"
    ],
    "argumentLocations": [
      "128660004450002",
      "128660004490001"
    ],
    "argumentTypes": [
      "number",
      "unknown"
    ],
    "parameters": [
      "",
      ""
    ],
    "src": "data/js/programs_all/angular/bower-angular-i18n/angular-locale_vun-tz.js : 17 - 17",
    "filename": "data/js/programs_all/angular/bower-angular-i18n/angular-locale_vun-tz.js"
  },
  {
    "base": "",
    "callee": "ID:getVF",
    "calleeLocation": "128660023590005",
    "arguments": [
      "ID:n",
      "ID:opt_precision"
    ],
    "argumentLocations": [
      "128660023650001",
      "128660023680013"
    ],
    "argumentTypes": [
      "unknown",
      "unknown"
    ],
    "parameters": [
      "ID:n",
      "ID:opt_precision"
    ],
    "src": "data/js/programs_all/angular/bower-angular-i18n/angular-locale_vun-tz.js : 126 - 126",
    "filename": "data/js/programs_all/angular/bower-angular-i18n/angular-locale_vun-tz.js"
  },
  {
    "base": "ID:Math",
    "callee": "ID:min",
    "calleeLocation": "128670003940003",
    "arguments": [
      "ID:getDecimals",
      "LIT:3"
    ],
    "argumentLocations": [
      "128670003980014",
      "128670004140001"
    ],
    "argumentTypes": [
      "unknown",
      "number"
    ],
    "parameters": [
      "",
      ""
    ],
    "src": "data/js/programs_all/angular/bower-angular-i18n/angular-locale_wal.js : 14 - 14",
    "filename": "data/js/programs_all/angular/bower-angular-i18n/angular-locale_wal.js"
  },
  {
    "base": "ID:Math",
    "callee": "ID:pow",
    "calleeLocation": "128670004410003",
    "arguments": [
      "LIT:10",
      "ID:v"
    ],
    "argumentLocations": [
      "128670004450002",
      "128670004490001"
    ],
    "argumentTypes": [
      "number",
      "unknown"
    ],
    "parameters": [
      "",
      ""
    ],
    "src": "data/js/programs_all/angular/bower-angular-i18n/angular-locale_wal.js : 17 - 17",
    "filename": "data/js/programs_all/angular/bower-angular-i18n/angular-locale_wal.js"
  },
  {
    "base": "",
    "callee": "ID:getVF",
    "calleeLocation": "128670027780005",
    "arguments": [
      "ID:n",
      "ID:opt_precision"
    ],
    "argumentLocations": [
      "128670027840001",
      "128670027870013"
    ],
    "argumentTypes": [
      "unknown",
      "unknown"
    ],
    "parameters": [
      "ID:n",
      "ID:opt_precision"
    ],
    "src": "data/js/programs_all/angular/bower-angular-i18n/angular-locale_wal.js : 113 - 113",
    "filename": "data/js/programs_all/angular/bower-angular-i18n/angular-locale_wal.js"
  },
  {
    "base": "ID:Math",
    "callee": "ID:min",
    "calleeLocation": "128680003940003",
    "arguments": [
      "ID:getDecimals",
      "LIT:3"
    ],
    "argumentLocations": [
      "128680003980014",
      "128680004140001"
    ],
    "argumentTypes": [
      "unknown",
      "number"
    ],
    "parameters": [
      "",
      ""
    ],
    "src": "data/js/programs_all/angular/bower-angular-i18n/angular-locale_xog-ug.js : 14 - 14",
    "filename": "data/js/programs_all/angular/bower-angular-i18n/angular-locale_xog-ug.js"
  },
  {
    "base": "ID:Math",
    "callee": "ID:pow",
    "calleeLocation": "128680004410003",
    "arguments": [
      "LIT:10",
      "ID:v"
    ],
    "argumentLocations": [
      "128680004450002",
      "128680004490001"
    ],
    "argumentTypes": [
      "number",
      "unknown"
    ],
    "parameters": [
      "",
      ""
    ],
    "src": "data/js/programs_all/angular/bower-angular-i18n/angular-locale_xog-ug.js : 17 - 17",
    "filename": "data/js/programs_all/angular/bower-angular-i18n/angular-locale_xog-ug.js"
  },
  {
    "base": "",
    "callee": "ID:getVF",
    "calleeLocation": "128680023960005",
    "arguments": [
      "ID:n",
      "ID:opt_precision"
    ],
    "argumentLocations": [
      "128680024020001",
      "128680024050013"
    ],
    "argumentTypes": [
      "unknown",
      "unknown"
    ],
    "parameters": [
      "ID:n",
      "ID:opt_precision"
    ],
    "src": "data/js/programs_all/angular/bower-angular-i18n/angular-locale_xog-ug.js : 126 - 126",
    "filename": "data/js/programs_all/angular/bower-angular-i18n/angular-locale_xog-ug.js"
  },
  {
    "base": "ID:Math",
    "callee": "ID:min",
    "calleeLocation": "128690003940003",
    "arguments": [
      "ID:getDecimals",
      "LIT:3"
    ],
    "argumentLocations": [
      "128690003980014",
      "128690004140001"
    ],
    "argumentTypes": [
      "unknown",
      "number"
    ],
    "parameters": [
      "",
      ""
    ],
    "src": "data/js/programs_all/angular/bower-angular-i18n/angular-locale_xog.js : 14 - 14",
    "filename": "data/js/programs_all/angular/bower-angular-i18n/angular-locale_xog.js"
  },
  {
    "base": "ID:Math",
    "callee": "ID:pow",
    "calleeLocation": "128690004410003",
    "arguments": [
      "LIT:10",
      "ID:v"
    ],
    "argumentLocations": [
      "128690004450002",
      "128690004490001"
    ],
    "argumentTypes": [
      "number",
      "unknown"
    ],
    "parameters": [
      "",
      ""
    ],
    "src": "data/js/programs_all/angular/bower-angular-i18n/angular-locale_xog.js : 17 - 17",
    "filename": "data/js/programs_all/angular/bower-angular-i18n/angular-locale_xog.js"
  },
  {
    "base": "",
    "callee": "ID:getVF",
    "calleeLocation": "128690023930005",
    "arguments": [
      "ID:n",
      "ID:opt_precision"
    ],
    "argumentLocations": [
      "128690023990001",
      "128690024020013"
    ],
    "argumentTypes": [
      "unknown",
      "unknown"
    ],
    "parameters": [
      "ID:n",
      "ID:opt_precision"
    ],
    "src": "data/js/programs_all/angular/bower-angular-i18n/angular-locale_xog.js : 126 - 126",
    "filename": "data/js/programs_all/angular/bower-angular-i18n/angular-locale_xog.js"
  },
  {
    "base": "ID:app",
    "callee": "ID:controller",
    "calleeLocation": "129940000190010",
    "arguments": [
      "LIT:GithubStatusController",
      "ID:GithubStatusController"
    ],
    "argumentLocations": [
      "129940000300024",
      "129940000560022"
    ],
    "argumentTypes": [
      "string",
      "unknown"
    ],
    "parameters": [
      "",
      ""
    ],
    "src": "data/js/programs_all/angular/dashboard.angularjs.org/app/scripts/controllers/GithubStatusController.js : 3 - 3",
    "filename": "data/js/programs_all/angular/dashboard.angularjs.org/app/scripts/controllers/GithubStatusController.js"
  },
  {
    "base": "ID:github",
    "callee": "ID:getIssueCounts",
    "calleeLocation": "129940012670014",
    "arguments": [
      "LIT:none",
      "LIT:open"
    ],
    "argumentLocations": [
      "129940012820006",
      "129940012900006"
    ],
    "argumentTypes": [
      "string",
      "string"
    ],
    "parameters": [
      "",
      ""
    ],
    "src": "data/js/programs_all/angular/dashboard.angularjs.org/app/scripts/controllers/GithubStatusController.js : 27 - 27",
    "filename": "data/js/programs_all/angular/dashboard.angularjs.org/app/scripts/controllers/GithubStatusController.js"
  },
  {
    "base": "ID:github",
    "callee": "ID:getIssueCounts",
    "calleeLocation": "129940022370014",
    "arguments": [
      "ID:undefined",
      "LIT:open"
    ],
    "argumentLocations": [
      "129940022520009",
      "129940022630006"
    ],
    "argumentTypes": [
      "undefined",
      "string"
    ],
    "parameters": [
      "",
      ""
    ],
    "src": "data/js/programs_all/angular/dashboard.angularjs.org/app/scripts/controllers/GithubStatusController.js : 54 - 54",
    "filename": "data/js/programs_all/angular/dashboard.angularjs.org/app/scripts/controllers/GithubStatusController.js"
  },
  {
    "base": "ID:app",
    "callee": "ID:inherits",
    "calleeLocation": "129950004020008",
    "arguments": [
      "ID:BuildCardViewModel",
      "ID:createCard"
    ],
    "argumentLocations": [
      "129950004110018",
      "129950004310010"
    ],
    "argumentTypes": [
      "unknown",
      "unknown"
    ],
    "parameters": [
      "",
      ""
    ],
    "src": "data/js/programs_all/angular/dashboard.angularjs.org/app/scripts/factories/BuildCardFactory.js : 15 - 15",
    "filename": "data/js/programs_all/angular/dashboard.angularjs.org/app/scripts/factories/BuildCardFactory.js"
  },
  {
    "base": "ID:createCard",
    "callee": "ID:call",
    "calleeLocation": "129970002770004",
    "arguments": [
      "LIT:this",
      "ID:title",
      "LIT:null",
      "LIT:null",
      "ID:concat"
    ],
    "argumentLocations": [
      "129970002820004",
      "129970002880005",
      "129970002950004",
      "129970003010004",
      "129970003070031"
    ],
    "argumentTypes": [
      "object",
      "unknown",
      "null",
      "null",
      "unknown"
    ],
    "parameters": [
      "",
      "",
      "",
      "",
      ""
    ],
    "src": "data/js/programs_all/angular/dashboard.angularjs.org/app/scripts/factories/GithubCardFactory.js : 12 - 12",
    "filename": "data/js/programs_all/angular/dashboard.angularjs.org/app/scripts/factories/GithubCardFactory.js"
  },
  {
    "base": "ID:app",
    "callee": "ID:inherits",
    "calleeLocation": "129970003530008",
    "arguments": [
      "ID:GithubCardViewModel",
      "ID:createCard"
    ],
    "argumentLocations": [
      "129970003620019",
      "129970003830010"
    ],
    "argumentTypes": [
      "unknown",
      "unknown"
    ],
    "parameters": [
      "",
      ""
    ],
    "src": "data/js/programs_all/angular/dashboard.angularjs.org/app/scripts/factories/GithubCardFactory.js : 15 - 15",
    "filename": "data/js/programs_all/angular/dashboard.angularjs.org/app/scripts/factories/GithubCardFactory.js"
  },
  {
    "base": "ID:createCard",
    "callee": "ID:call",
    "calleeLocation": "129980002890004",
    "arguments": [
      "LIT:this",
      "ID:title",
      "LIT:null",
      "LIT:null",
      "ID:concat"
    ],
    "argumentLocations": [
      "129980002940004",
      "129980003000005",
      "129980003070004",
      "129980003130004",
      "129980003270054"
    ],
    "argumentTypes": [
      "object",
      "unknown",
      "null",
      "null",
      "unknown"
    ],
    "parameters": [
      "",
      "",
      "",
      "",
      ""
    ],
    "src": "data/js/programs_all/angular/dashboard.angularjs.org/app/scripts/factories/UntriagedCardFactory.js : 12 - 13",
    "filename": "data/js/programs_all/angular/dashboard.angularjs.org/app/scripts/factories/UntriagedCardFactory.js"
  },
  {
    "base": "ID:app",
    "callee": "ID:inherits",
    "calleeLocation": "129980003960008",
    "arguments": [
      "ID:UntriagedCardViewModel",
      "ID:createCard"
    ],
    "argumentLocations": [
      "129980004050022",
      "129980004290010"
    ],
    "argumentTypes": [
      "unknown",
      "unknown"
    ],
    "parameters": [
      "",
      ""
    ],
    "src": "data/js/programs_all/angular/dashboard.angularjs.org/app/scripts/factories/UntriagedCardFactory.js : 16 - 16",
    "filename": "data/js/programs_all/angular/dashboard.angularjs.org/app/scripts/factories/UntriagedCardFactory.js"
  },
  {
    "base": "ID:classes",
    "callee": "ID:splice",
    "calleeLocation": "129980007730006",
    "arguments": [
      "ID:index",
      "LIT:1"
    ],
    "argumentLocations": [
      "129980007800005",
      "129980007870001"
    ],
    "argumentTypes": [
      "unknown",
      "number"
    ],
    "parameters": [
      "",
      ""
    ],
    "src": "data/js/programs_all/angular/dashboard.angularjs.org/app/scripts/factories/UntriagedCardFactory.js : 28 - 28",
    "filename": "data/js/programs_all/angular/dashboard.angularjs.org/app/scripts/factories/UntriagedCardFactory.js"
  }
]