[
  {
    "left": "ID:type",
    "right": "ID:NODE_ELEMENT",
    "op": "!=",
    "leftType": "unknown",
    "rightType": "unknown",
    "parent": "LogicalExpression",
    "grandParent": "LogicalExpression",
    "src": "data/js/programs_all/sca-/sails-ckeditor-sample/assets/ckeditor/plugins/maximize/plugin.js : 8 - 8"
  },
  {
    "left": "ID:getName",
    "right": "LIT:form",
    "op": "!=",
    "leftType": "unknown",
    "rightType": "string",
    "parent": "LogicalExpression",
    "grandParent": "IfStatement",
    "src": "data/js/programs_all/sca-/sails-ckeditor-sample/assets/ckeditor/plugins/maximize/plugin.js : 8 - 8"
  },
  {
    "left": "ID:i",
    "right": "ID:length",
    "op": "<",
    "leftType": "unknown",
    "rightType": "unknown",
    "parent": "ForStatement",
    "grandParent": "BlockStatement",
    "src": "data/js/programs_all/sca-/sails-ckeditor-sample/assets/ckeditor/plugins/maximize/plugin.js : 13 - 13"
  },
  {
    "left": "ID:type",
    "right": "ID:NODE_ELEMENT",
    "op": "!=",
    "leftType": "unknown",
    "rightType": "unknown",
    "parent": "LogicalExpression",
    "grandParent": "LogicalExpression",
    "src": "data/js/programs_all/sca-/sails-ckeditor-sample/assets/ckeditor/plugins/maximize/plugin.js : 27 - 27"
  },
  {
    "left": "ID:getName",
    "right": "LIT:form",
    "op": "!=",
    "leftType": "unknown",
    "rightType": "string",
    "parent": "LogicalExpression",
    "grandParent": "IfStatement",
    "src": "data/js/programs_all/sca-/sails-ckeditor-sample/assets/ckeditor/plugins/maximize/plugin.js : 27 - 27"
  },
  {
    "left": "ID:length",
    "right": "LIT:0",
    "op": ">",
    "leftType": "unknown",
    "rightType": "number",
    "parent": "IfStatement",
    "grandParent": "BlockStatement",
    "src": "data/js/programs_all/sca-/sails-ckeditor-sample/assets/ckeditor/plugins/maximize/plugin.js : 30 - 30"
  },
  {
    "left": "ID:length",
    "right": "LIT:1",
    "op": "-",
    "leftType": "unknown",
    "rightType": "number",
    "parent": "VariableDeclarator",
    "grandParent": "VariableDeclaration",
    "src": "data/js/programs_all/sca-/sails-ckeditor-sample/assets/ckeditor/plugins/maximize/plugin.js : 31 - 31"
  },
  {
    "left": "ID:i",
    "right": "LIT:0",
    "op": ">=",
    "leftType": "unknown",
    "rightType": "number",
    "parent": "ForStatement",
    "grandParent": "BlockStatement",
    "src": "data/js/programs_all/sca-/sails-ckeditor-sample/assets/ckeditor/plugins/maximize/plugin.js : 31 - 31"
  },
  {
    "left": "LIT:class",
    "right": "ID:savedStyles",
    "op": "in",
    "leftType": "string",
    "rightType": "unknown",
    "parent": "IfStatement",
    "grandParent": "BlockStatement",
    "src": "data/js/programs_all/sca-/sails-ckeditor-sample/assets/ckeditor/plugins/maximize/plugin.js : 64 - 64"
  },
  {
    "left": "LIT:inline",
    "right": "ID:savedStyles",
    "op": "in",
    "leftType": "string",
    "rightType": "unknown",
    "parent": "IfStatement",
    "grandParent": "BlockStatement",
    "src": "data/js/programs_all/sca-/sails-ckeditor-sample/assets/ckeditor/plugins/maximize/plugin.js : 66 - 66"
  },
  {
    "left": "ID:mode",
    "right": "LIT:wysiwyg",
    "op": "==",
    "leftType": "unknown",
    "rightType": "string",
    "parent": "LogicalExpression",
    "grandParent": "IfStatement",
    "src": "data/js/programs_all/sca-/sails-ckeditor-sample/assets/ckeditor/plugins/maximize/plugin.js : 79 - 79"
  },
  {
    "left": "ID:elementMode",
    "right": "ID:ELEMENT_MODE_INLINE",
    "op": "==",
    "leftType": "unknown",
    "rightType": "unknown",
    "parent": "IfStatement",
    "grandParent": "BlockStatement",
    "src": "data/js/programs_all/sca-/sails-ckeditor-sample/assets/ckeditor/plugins/maximize/plugin.js : 100 - 100"
  },
  {
    "left": "ID:mode",
    "right": "LIT:wysiwyg",
    "op": "==",
    "leftType": "unknown",
    "rightType": "string",
    "parent": "IfStatement",
    "grandParent": "BlockStatement",
    "src": "data/js/programs_all/sca-/sails-ckeditor-sample/assets/ckeditor/plugins/maximize/plugin.js : 132 - 132"
  },
  {
    "left": "ID:state",
    "right": "ID:TRISTATE_OFF",
    "op": "==",
    "leftType": "unknown",
    "rightType": "unknown",
    "parent": "IfStatement",
    "grandParent": "BlockStatement",
    "src": "data/js/programs_all/sca-/sails-ckeditor-sample/assets/ckeditor/plugins/maximize/plugin.js : 142 - 142"
  },
  {
    "left": "ID:baseFloatZIndex",
    "right": "LIT:5",
    "op": "-",
    "leftType": "unknown",
    "rightType": "number",
    "parent": "CallExpression",
    "grandParent": "ExpressionStatement",
    "src": "data/js/programs_all/sca-/sails-ckeditor-sample/assets/ckeditor/plugins/maximize/plugin.js : 155 - 155"
  },
  {
    "left": "ID:baseFloatZIndex",
    "right": "LIT:5",
    "op": "-",
    "leftType": "unknown",
    "rightType": "number",
    "parent": "Property",
    "grandParent": "ObjectExpression",
    "src": "data/js/programs_all/sca-/sails-ckeditor-sample/assets/ckeditor/plugins/maximize/plugin.js : 182 - 182"
  },
  {
    "left": "ID:state",
    "right": "ID:TRISTATE_ON",
    "op": "==",
    "leftType": "unknown",
    "rightType": "unknown",
    "parent": "IfStatement",
    "grandParent": "IfStatement",
    "src": "data/js/programs_all/sca-/sails-ckeditor-sample/assets/ckeditor/plugins/maximize/plugin.js : 202 - 202"
  },
  {
    "left": "ID:i",
    "right": "ID:length",
    "op": "<",
    "leftType": "unknown",
    "rightType": "unknown",
    "parent": "ForStatement",
    "grandParent": "BlockStatement",
    "src": "data/js/programs_all/sca-/sails-ckeditor-sample/assets/ckeditor/plugins/maximize/plugin.js : 209 - 209"
  },
  {
    "left": "ID:state",
    "right": "ID:TRISTATE_OFF",
    "op": "==",
    "leftType": "unknown",
    "rightType": "unknown",
    "parent": "ConditionalExpression",
    "grandParent": "VariableDeclarator",
    "src": "data/js/programs_all/sca-/sails-ckeditor-sample/assets/ckeditor/plugins/maximize/plugin.js : 247 - 247"
  },
  {
    "left": "LIT:javascript:void(\"",
    "right": "ID:label",
    "op": "+",
    "leftType": "string",
    "rightType": "unknown",
    "parent": "BinaryExpression",
    "grandParent": "CallExpression",
    "src": "data/js/programs_all/sca-/sails-ckeditor-sample/assets/ckeditor/plugins/maximize/plugin.js : 251 - 251"
  },
  {
    "left": "ID:mode",
    "right": "LIT:wysiwyg",
    "op": "==",
    "leftType": "unknown",
    "rightType": "string",
    "parent": "IfStatement",
    "grandParent": "BlockStatement",
    "src": "data/js/programs_all/sca-/sails-ckeditor-sample/assets/ckeditor/plugins/maximize/plugin.js : 255 - 255"
  },
  {
    "left": "ID:state",
    "right": "ID:TRISTATE_DISABLED",
    "op": "==",
    "leftType": "unknown",
    "rightType": "unknown",
    "parent": "ConditionalExpression",
    "grandParent": "CallExpression",
    "src": "data/js/programs_all/sca-/sails-ckeditor-sample/assets/ckeditor/plugins/maximize/plugin.js : 291 - 291"
  },
  {
    "left": "LIT:<div lang=\"{langCode}\" id=\"{id}\" dir={dir}",
    "right": "LIT: class=\"cke cke_reset_all {editorId} cke_panel cke_panel {cls} cke_{dir}\"",
    "op": "+",
    "leftType": "string",
    "rightType": "string",
    "parent": "BinaryExpression",
    "grandParent": "BinaryExpression",
    "src": "data/js/programs_all/sca-/sails-ckeditor-sample/assets/ckeditor/plugins/panel/plugin.js : 67 - 68"
  },
  {
    "left": "LIT:<!DOCTYPE html>",
    "right": "LIT:<html class=\"cke_panel_container {env}\" dir=\"{dir}\" lang=\"{langCode}\">",
    "op": "+",
    "leftType": "string",
    "rightType": "string",
    "parent": "BinaryExpression",
    "grandParent": "BinaryExpression",
    "src": "data/js/programs_all/sca-/sails-ckeditor-sample/assets/ckeditor/plugins/panel/plugin.js : 75 - 76"
  },
  {
    "left": "ID:id",
    "right": "LIT:_frame",
    "op": "+",
    "leftType": "unknown",
    "rightType": "string",
    "parent": "CallExpression",
    "grandParent": "VariableDeclarator",
    "src": "data/js/programs_all/sca-/sails-ckeditor-sample/assets/ckeditor/plugins/panel/plugin.js : 98 - 98"
  },
  {
    "left": "LIT:window.parent.CKEDITOR.tools.callFunction(",
    "right": "ID:onLoad",
    "op": "+",
    "leftType": "string",
    "rightType": "unknown",
    "parent": "BinaryExpression",
    "grandParent": "Property",
    "src": "data/js/programs_all/sca-/sails-ckeditor-sample/assets/ckeditor/plugins/panel/plugin.js : 116 - 116"
  },
  {
    "left": "ID:onKeyDown",
    "right": "LIT:false",
    "op": "===",
    "leftType": "unknown",
    "rightType": "boolean",
    "parent": "LogicalExpression",
    "grandParent": "IfStatement",
    "src": "data/js/programs_all/sca-/sails-ckeditor-sample/assets/ckeditor/plugins/panel/plugin.js : 130 - 130"
  },
  {
    "left": "ID:keystroke",
    "right": "LIT:27",
    "op": "==",
    "leftType": "unknown",
    "rightType": "number",
    "parent": "LogicalExpression",
    "grandParent": "IfStatement",
    "src": "data/js/programs_all/sca-/sails-ckeditor-sample/assets/ckeditor/plugins/panel/plugin.js : 136 - 136"
  },
  {
    "left": "ID:dir",
    "right": "LIT:rtl",
    "op": "==",
    "leftType": "unknown",
    "rightType": "string",
    "parent": "ConditionalExpression",
    "grandParent": "BinaryExpression",
    "src": "data/js/programs_all/sca-/sails-ckeditor-sample/assets/ckeditor/plugins/panel/plugin.js : 136 - 136"
  },
  {
    "left": "ID:onEscape",
    "right": "LIT:false",
    "op": "===",
    "leftType": "unknown",
    "rightType": "boolean",
    "parent": "LogicalExpression",
    "grandParent": "IfStatement",
    "src": "data/js/programs_all/sca-/sails-ckeditor-sample/assets/ckeditor/plugins/panel/plugin.js : 137 - 137"
  },
  {
    "left": "ID:baseFloatZIndex",
    "right": "LIT:1",
    "op": "+",
    "leftType": "unknown",
    "rightType": "number",
    "parent": "Property",
    "grandParent": "ObjectExpression",
    "src": "data/js/programs_all/sca-/sails-ckeditor-sample/assets/ckeditor/plugins/panel/plugin.js : 162 - 162"
  },
  {
    "left": "LIT:javascript:void(function(){",
    "right": "ID:encodeURIComponent",
    "op": "+",
    "leftType": "string",
    "rightType": "unknown",
    "parent": "BinaryExpression",
    "grandParent": "ConditionalExpression",
    "src": "data/js/programs_all/sca-/sails-ckeditor-sample/assets/ckeditor/plugins/panel/plugin.js : 171 - 176"
  },
  {
    "left": "LIT:document.open();",
    "right": "LIT:(",
    "op": "+",
    "leftType": "string",
    "rightType": "string",
    "parent": "BinaryExpression",
    "grandParent": "BinaryExpression",
    "src": "data/js/programs_all/sca-/sails-ckeditor-sample/assets/ckeditor/plugins/panel/plugin.js : 172 - 174"
  },
  {
    "left": "ID:id",
    "right": "LIT:_frame",
    "op": "+",
    "leftType": "unknown",
    "rightType": "string",
    "parent": "Property",
    "grandParent": "ObjectExpression",
    "src": "data/js/programs_all/sca-/sails-ckeditor-sample/assets/ckeditor/plugins/panel/plugin.js : 180 - 180"
  },
  {
    "left": "ID:block",
    "right": "ID:block",
    "op": "instanceof",
    "leftType": "unknown",
    "rightType": "unknown",
    "parent": "ConditionalExpression",
    "grandParent": "AssignmentExpression",
    "src": "data/js/programs_all/sca-/sails-ckeditor-sample/assets/ckeditor/plugins/panel/plugin.js : 197 - 197"
  },
  {
    "left": "ID:id",
    "right": "LIT:_frame",
    "op": "+",
    "leftType": "unknown",
    "rightType": "string",
    "parent": "CallExpression",
    "grandParent": "ConditionalExpression",
    "src": "data/js/programs_all/sca-/sails-ckeditor-sample/assets/ckeditor/plugins/panel/plugin.js : 222 - 222"
  },
  {
    "left": "ID:call",
    "right": "LIT:true",
    "op": "!==",
    "leftType": "unknown",
    "rightType": "boolean",
    "parent": "LogicalExpression",
    "grandParent": "IfStatement",
    "src": "data/js/programs_all/sca-/sails-ckeditor-sample/assets/ckeditor/plugins/panel/plugin.js : 318 - 318"
  },
  {
    "left": "ID:index",
    "right": "LIT:0",
    "op": ">",
    "leftType": "unknown",
    "rightType": "number",
    "parent": "LogicalExpression",
    "grandParent": "WhileStatement",
    "src": "data/js/programs_all/sca-/sails-ckeditor-sample/assets/ckeditor/plugins/panel/plugin.js : 355 - 355"
  },
  {
    "left": "ID:index",
    "right": "LIT:0",
    "op": ">=",
    "leftType": "unknown",
    "rightType": "number",
    "parent": "LogicalExpression",
    "grandParent": "AssignmentExpression",
    "src": "data/js/programs_all/sca-/sails-ckeditor-sample/assets/ckeditor/plugins/panel/plugin.js : 381 - 381"
  },
  {
    "left": "LIT:on",
    "right": "ID:keyAction",
    "op": "+",
    "leftType": "string",
    "rightType": "unknown",
    "parent": "MemberExpression",
    "grandParent": "CallExpression",
    "src": "data/js/programs_all/sca-/sails-ckeditor-sample/assets/ckeditor/plugins/panel/plugin.js : 384 - 384"
  },
  {
    "left": "ID:type",
    "right": "LIT:html",
    "op": "!=",
    "leftType": "unknown",
    "rightType": "string",
    "parent": "IfStatement",
    "grandParent": "BlockStatement",
    "src": "data/js/programs_all/sca-/sails-ckeditor-sample/assets/ckeditor/plugins/pastetext/plugin.js : 52 - 52"
  }
]