[
  {
    "left": "ID:type",
    "right": "ID:NODE_TEXT",
    "op": "==",
    "leftType": "unknown",
    "rightType": "unknown",
    "parent": "LogicalExpression",
    "grandParent": "LogicalExpression",
    "src": "data/js/programs_all/jsdelivr/jsdelivr/files/ckeditor/4.3.0/plugins/find/dialogs/find.js : 10 - 10"
  },
  {
    "left": "ID:getLength",
    "right": "LIT:0",
    "op": ">",
    "leftType": "unknown",
    "rightType": "number",
    "parent": "LogicalExpression",
    "grandParent": "LogicalExpression",
    "src": "data/js/programs_all/jsdelivr/jsdelivr/files/ckeditor/4.3.0/plugins/find/dialogs/find.js : 10 - 10"
  },
  {
    "left": "ID:type",
    "right": "ID:NODE_ELEMENT",
    "op": "==",
    "leftType": "unknown",
    "rightType": "unknown",
    "parent": "LogicalExpression",
    "grandParent": "UnaryExpression",
    "src": "data/js/programs_all/jsdelivr/jsdelivr/files/ckeditor/4.3.0/plugins/find/dialogs/find.js : 15 - 15"
  },
  {
    "left": "ID:currentPageId",
    "right": "LIT:find",
    "op": "===",
    "leftType": "unknown",
    "rightType": "string",
    "parent": "ConditionalExpression",
    "grandParent": "AssignmentExpression",
    "src": "data/js/programs_all/jsdelivr/jsdelivr/files/ckeditor/4.3.0/plugins/find/dialogs/find.js : 41 - 41"
  },
  {
    "left": "LIT:1",
    "right": "ID:sourceIndex",
    "op": "-",
    "leftType": "number",
    "rightType": "unknown",
    "parent": "AssignmentExpression",
    "grandParent": "ExpressionStatement",
    "src": "data/js/programs_all/jsdelivr/jsdelivr/files/ckeditor/4.3.0/plugins/find/dialogs/find.js : 42 - 42"
  },
  {
    "left": "ID:i",
    "right": "ID:l",
    "op": "<",
    "leftType": "unknown",
    "rightType": "unknown",
    "parent": "ForStatement",
    "grandParent": "BlockStatement",
    "src": "data/js/programs_all/jsdelivr/jsdelivr/files/ckeditor/4.3.0/plugins/find/dialogs/find.js : 45 - 45"
  },
  {
    "left": "ID:type",
    "right": "ID:NODE_TEXT",
    "op": "==",
    "leftType": "unknown",
    "rightType": "unknown",
    "parent": "IfStatement",
    "grandParent": "BlockStatement",
    "src": "data/js/programs_all/jsdelivr/jsdelivr/files/ckeditor/4.3.0/plugins/find/dialogs/find.js : 77 - 77"
  },
  {
    "left": "ID:startOffset",
    "right": "LIT:1",
    "op": "-",
    "leftType": "unknown",
    "rightType": "number",
    "parent": "AssignmentExpression",
    "grandParent": "ExpressionStatement",
    "src": "data/js/programs_all/jsdelivr/jsdelivr/files/ckeditor/4.3.0/plugins/find/dialogs/find.js : 79 - 79"
  },
  {
    "left": "ID:currentTextNode",
    "right": "LIT:null",
    "op": "===",
    "leftType": "unknown",
    "rightType": "null",
    "parent": "IfStatement",
    "grandParent": "BlockStatement",
    "src": "data/js/programs_all/jsdelivr/jsdelivr/files/ckeditor/4.3.0/plugins/find/dialogs/find.js : 101 - 101"
  },
  {
    "left": "ID:offset",
    "right": "LIT:0",
    "op": ">",
    "leftType": "unknown",
    "rightType": "number",
    "parent": "LogicalExpression",
    "grandParent": "IfStatement",
    "src": "data/js/programs_all/jsdelivr/jsdelivr/files/ckeditor/4.3.0/plugins/find/dialogs/find.js : 107 - 107"
  },
  {
    "left": "ID:getLength",
    "right": "LIT:1",
    "op": "-",
    "leftType": "unknown",
    "rightType": "number",
    "parent": "BinaryExpression",
    "grandParent": "LogicalExpression",
    "src": "data/js/programs_all/jsdelivr/jsdelivr/files/ckeditor/4.3.0/plugins/find/dialogs/find.js : 110 - 110"
  },
  {
    "left": "ID:getLength",
    "right": "LIT:1",
    "op": "-",
    "leftType": "unknown",
    "rightType": "number",
    "parent": "ConditionalExpression",
    "grandParent": "AssignmentExpression",
    "src": "data/js/programs_all/jsdelivr/jsdelivr/files/ckeditor/4.3.0/plugins/find/dialogs/find.js : 127 - 127"
  },
  {
    "left": "ID:length",
    "right": "LIT:1",
    "op": "<",
    "leftType": "unknown",
    "rightType": "number",
    "parent": "IfStatement",
    "grandParent": "BlockStatement",
    "src": "data/js/programs_all/jsdelivr/jsdelivr/files/ckeditor/4.3.0/plugins/find/dialogs/find.js : 164 - 164"
  },
  {
    "left": "ID:length",
    "right": "LIT:1",
    "op": "-",
    "leftType": "unknown",
    "rightType": "number",
    "parent": "MemberExpression",
    "grandParent": "VariableDeclarator",
    "src": "data/js/programs_all/jsdelivr/jsdelivr/files/ckeditor/4.3.0/plugins/find/dialogs/find.js : 172 - 172"
  },
  {
    "left": "ID:offset",
    "right": "LIT:1",
    "op": "+",
    "leftType": "unknown",
    "rightType": "number",
    "parent": "CallExpression",
    "grandParent": "ExpressionStatement",
    "src": "data/js/programs_all/jsdelivr/jsdelivr/files/ckeditor/4.3.0/plugins/find/dialogs/find.js : 175 - 175"
  },
  {
    "left": "ID:length",
    "right": "LIT:1",
    "op": "<",
    "leftType": "unknown",
    "rightType": "number",
    "parent": "IfStatement",
    "grandParent": "BlockStatement",
    "src": "data/js/programs_all/jsdelivr/jsdelivr/files/ckeditor/4.3.0/plugins/find/dialogs/find.js : 213 - 213"
  },
  {
    "left": "ID:type",
    "right": "ID:NODE_ELEMENT",
    "op": "!=",
    "leftType": "unknown",
    "rightType": "unknown",
    "parent": "IfStatement",
    "grandParent": "BlockStatement",
    "src": "data/js/programs_all/jsdelivr/jsdelivr/files/ckeditor/4.3.0/plugins/find/dialogs/find.js : 229 - 229"
  },
  {
    "left": "ID:length",
    "right": "ID:rangeLength",
    "op": ">",
    "leftType": "unknown",
    "rightType": "unknown",
    "parent": "IfStatement",
    "grandParent": "BlockStatement",
    "src": "data/js/programs_all/jsdelivr/jsdelivr/files/ckeditor/4.3.0/plugins/find/dialogs/find.js : 266 - 266"
  },
  {
    "left": "ID:length",
    "right": "ID:rangeLength",
    "op": ">",
    "leftType": "unknown",
    "rightType": "unknown",
    "parent": "IfStatement",
    "grandParent": "BlockStatement",
    "src": "data/js/programs_all/jsdelivr/jsdelivr/files/ckeditor/4.3.0/plugins/find/dialogs/find.js : 281 - 281"
  },
  {
    "left": "ID:length",
    "right": "LIT:1",
    "op": "<",
    "leftType": "unknown",
    "rightType": "number",
    "parent": "IfStatement",
    "grandParent": "BlockStatement",
    "src": "data/js/programs_all/jsdelivr/jsdelivr/files/ckeditor/4.3.0/plugins/find/dialogs/find.js : 289 - 289"
  },
  {
    "left": "ID:length",
    "right": "LIT:1",
    "op": "-",
    "leftType": "unknown",
    "rightType": "number",
    "parent": "MemberExpression",
    "grandParent": "MemberExpression",
    "src": "data/js/programs_all/jsdelivr/jsdelivr/files/ckeditor/4.3.0/plugins/find/dialogs/find.js : 292 - 292"
  },
  {
    "left": "ID:length",
    "right": "LIT:1",
    "op": "-",
    "leftType": "unknown",
    "rightType": "number",
    "parent": "MemberExpression",
    "grandParent": "AssignmentExpression",
    "src": "data/js/programs_all/jsdelivr/jsdelivr/files/ckeditor/4.3.0/plugins/find/dialogs/find.js : 299 - 299"
  },
  {
    "left": "ID:offset",
    "right": "LIT:1",
    "op": "+",
    "leftType": "unknown",
    "rightType": "number",
    "parent": "ConditionalExpression",
    "grandParent": "CallExpression",
    "src": "data/js/programs_all/jsdelivr/jsdelivr/files/ckeditor/4.3.0/plugins/find/dialogs/find.js : 317 - 317"
  },
  {
    "left": "ID:i",
    "right": "ID:length",
    "op": "<",
    "leftType": "unknown",
    "rightType": "unknown",
    "parent": "ForStatement",
    "grandParent": "BlockStatement",
    "src": "data/js/programs_all/jsdelivr/jsdelivr/files/ckeditor/4.3.0/plugins/find/dialogs/find.js : 339 - 339"
  },
  {
    "left": "ID:overlap",
    "right": "LIT:1",
    "op": "+",
    "leftType": "unknown",
    "rightType": "number",
    "parent": "CallExpression",
    "grandParent": "ExpressionStatement",
    "src": "data/js/programs_all/jsdelivr/jsdelivr/files/ckeditor/4.3.0/plugins/find/dialogs/find.js : 340 - 340"
  },
  {
    "left": "ID:overlap",
    "right": "LIT:0",
    "op": ">",
    "leftType": "unknown",
    "rightType": "number",
    "parent": "LogicalExpression",
    "grandParent": "WhileStatement",
    "src": "data/js/programs_all/jsdelivr/jsdelivr/files/ckeditor/4.3.0/plugins/find/dialogs/find.js : 341 - 341"
  },
  {
    "left": "ID:i",
    "right": "LIT:1",
    "op": "+",
    "leftType": "unknown",
    "rightType": "number",
    "parent": "MemberExpression",
    "grandParent": "BinaryExpression",
    "src": "data/js/programs_all/jsdelivr/jsdelivr/files/ckeditor/4.3.0/plugins/find/dialogs/find.js : 341 - 341"
  },
  {
    "left": "ID:charAt",
    "right": "ID:charAt",
    "op": "!=",
    "leftType": "unknown",
    "rightType": "unknown",
    "parent": "LogicalExpression",
    "grandParent": "WhileStatement",
    "src": "data/js/programs_all/jsdelivr/jsdelivr/files/ckeditor/4.3.0/plugins/find/dialogs/find.js : 341 - 341"
  },
  {
    "left": "ID:overlap",
    "right": "LIT:1",
    "op": "-",
    "leftType": "unknown",
    "rightType": "number",
    "parent": "CallExpression",
    "grandParent": "BinaryExpression",
    "src": "data/js/programs_all/jsdelivr/jsdelivr/files/ckeditor/4.3.0/plugins/find/dialogs/find.js : 341 - 341"
  },
  {
    "left": "ID:i",
    "right": "LIT:1",
    "op": "+",
    "leftType": "unknown",
    "rightType": "number",
    "parent": "MemberExpression",
    "grandParent": "BinaryExpression",
    "src": "data/js/programs_all/jsdelivr/jsdelivr/files/ckeditor/4.3.0/plugins/find/dialogs/find.js : 341 - 341"
  },
  {
    "left": "ID:i",
    "right": "LIT:1",
    "op": "+",
    "leftType": "unknown",
    "rightType": "number",
    "parent": "MemberExpression",
    "grandParent": "AssignmentExpression",
    "src": "data/js/programs_all/jsdelivr/jsdelivr/files/ckeditor/4.3.0/plugins/find/dialogs/find.js : 342 - 342"
  },
  {
    "left": "ID:overlap",
    "right": "LIT:1",
    "op": "+",
    "leftType": "unknown",
    "rightType": "number",
    "parent": "AssignmentExpression",
    "grandParent": "ExpressionStatement",
    "src": "data/js/programs_all/jsdelivr/jsdelivr/files/ckeditor/4.3.0/plugins/find/dialogs/find.js : 342 - 342"
  },
  {
    "left": "ID:overlap",
    "right": "LIT:1",
    "op": "-",
    "leftType": "unknown",
    "rightType": "number",
    "parent": "MemberExpression",
    "grandParent": "BinaryExpression",
    "src": "data/js/programs_all/jsdelivr/jsdelivr/files/ckeditor/4.3.0/plugins/find/dialogs/find.js : 342 - 342"
  },
  {
    "left": "ID:i",
    "right": "LIT:1",
    "op": "+",
    "leftType": "unknown",
    "rightType": "number",
    "parent": "MemberExpression",
    "grandParent": "BinaryExpression",
    "src": "data/js/programs_all/jsdelivr/jsdelivr/files/ckeditor/4.3.0/plugins/find/dialogs/find.js : 342 - 342"
  },
  {
    "left": "ID:c",
    "right": "ID:charAt",
    "op": "==",
    "leftType": "unknown",
    "rightType": "unknown",
    "parent": "IfStatement",
    "grandParent": "BlockStatement",
    "src": "data/js/programs_all/jsdelivr/jsdelivr/files/ckeditor/4.3.0/plugins/find/dialogs/find.js : 359 - 359"
  },
  {
    "left": "ID:state",
    "right": "ID:length",
    "op": "==",
    "leftType": "unknown",
    "rightType": "unknown",
    "parent": "IfStatement",
    "grandParent": "BlockStatement",
    "src": "data/js/programs_all/jsdelivr/jsdelivr/files/ckeditor/4.3.0/plugins/find/dialogs/find.js : 361 - 361"
  },
  {
    "left": "ID:code",
    "right": "LIT:9",
    "op": ">=",
    "leftType": "unknown",
    "rightType": "number",
    "parent": "LogicalExpression",
    "grandParent": "LogicalExpression",
    "src": "data/js/programs_all/jsdelivr/jsdelivr/files/ckeditor/4.3.0/plugins/find/dialogs/find.js : 386 - 386"
  },
  {
    "left": "ID:code",
    "right": "LIT:13",
    "op": "<=",
    "leftType": "unknown",
    "rightType": "number",
    "parent": "LogicalExpression",
    "grandParent": "LogicalExpression",
    "src": "data/js/programs_all/jsdelivr/jsdelivr/files/ckeditor/4.3.0/plugins/find/dialogs/find.js : 386 - 386"
  },
  {
    "left": "ID:code",
    "right": "LIT:8192",
    "op": ">=",
    "leftType": "unknown",
    "rightType": "number",
    "parent": "LogicalExpression",
    "grandParent": "LogicalExpression",
    "src": "data/js/programs_all/jsdelivr/jsdelivr/files/ckeditor/4.3.0/plugins/find/dialogs/find.js : 386 - 386"
  },
  {
    "left": "ID:code",
    "right": "LIT:8202",
    "op": "<=",
    "leftType": "unknown",
    "rightType": "number",
    "parent": "LogicalExpression",
    "grandParent": "LogicalExpression",
    "src": "data/js/programs_all/jsdelivr/jsdelivr/files/ckeditor/4.3.0/plugins/find/dialogs/find.js : 386 - 386"
  },
  {
    "left": "ID:character",
    "right": "LIT:null",
    "op": "!==",
    "leftType": "unknown",
    "rightType": "null",
    "parent": "WhileStatement",
    "grandParent": "BlockStatement",
    "src": "data/js/programs_all/jsdelivr/jsdelivr/files/ckeditor/4.3.0/plugins/find/dialogs/find.js : 404 - 404"
  },
  {
    "left": "ID:matchState",
    "right": "ID:KMP_MATCHED",
    "op": "==",
    "leftType": "unknown",
    "rightType": "unknown",
    "parent": "IfStatement",
    "grandParent": "BlockStatement",
    "src": "data/js/programs_all/jsdelivr/jsdelivr/files/ckeditor/4.3.0/plugins/find/dialogs/find.js : 408 - 408"
  },
  {
    "left": "ID:matchState",
    "right": "ID:KMP_MATCHED",
    "op": "==",
    "leftType": "unknown",
    "rightType": "unknown",
    "parent": "IfStatement",
    "grandParent": "BlockStatement",
    "src": "data/js/programs_all/jsdelivr/jsdelivr/files/ckeditor/4.3.0/plugins/find/dialogs/find.js : 414 - 414"
  },
  {
    "left": "ID:length",
    "right": "LIT:1",
    "op": "-",
    "leftType": "unknown",
    "rightType": "number",
    "parent": "MemberExpression",
    "grandParent": "VariableDeclarator",
    "src": "data/js/programs_all/jsdelivr/jsdelivr/files/ckeditor/4.3.0/plugins/find/dialogs/find.js : 417 - 417"
  },
  {
    "left": "ID:highlightMatched",
    "right": "LIT:false",
    "op": "!==",
    "leftType": "unknown",
    "rightType": "boolean",
    "parent": "IfStatement",
    "grandParent": "BlockStatement",
    "src": "data/js/programs_all/jsdelivr/jsdelivr/files/ckeditor/4.3.0/plugins/find/dialogs/find.js : 434 - 434"
  },
  {
    "left": "ID:pageId",
    "right": "LIT:find",
    "op": "===",
    "leftType": "unknown",
    "rightType": "string",
    "parent": "ConditionalExpression",
    "grandParent": "AssignmentExpression",
    "src": "data/js/programs_all/jsdelivr/jsdelivr/files/ckeditor/4.3.0/plugins/find/dialogs/find.js : 725 - 725"
  },
  {
    "left": "ID:pageId",
    "right": "LIT:find",
    "op": "===",
    "leftType": "unknown",
    "rightType": "string",
    "parent": "ConditionalExpression",
    "grandParent": "AssignmentExpression",
    "src": "data/js/programs_all/jsdelivr/jsdelivr/files/ckeditor/4.3.0/plugins/find/dialogs/find.js : 726 - 726"
  },
  {
    "left": "ID:startupPage",
    "right": "LIT:find",
    "op": "==",
    "leftType": "unknown",
    "rightType": "string",
    "parent": "ConditionalExpression",
    "grandParent": "VariableDeclarator",
    "src": "data/js/programs_all/jsdelivr/jsdelivr/files/ckeditor/4.3.0/plugins/find/dialogs/find.js : 750 - 750"
  },
  {
    "left": "ID:startupPage",
    "right": "LIT:find",
    "op": "==",
    "leftType": "unknown",
    "rightType": "string",
    "parent": "LogicalExpression",
    "grandParent": "ConditionalExpression",
    "src": "data/js/programs_all/jsdelivr/jsdelivr/files/ckeditor/4.3.0/plugins/find/dialogs/find.js : 758 - 758"
  },
  {
    "left": "ID:startupPage",
    "right": "LIT:replace",
    "op": "==",
    "leftType": "unknown",
    "rightType": "string",
    "parent": "IfStatement",
    "grandParent": "BlockStatement",
    "src": "data/js/programs_all/jsdelivr/jsdelivr/files/ckeditor/4.3.0/plugins/find/dialogs/find.js : 775 - 775"
  },
  {
    "left": "ID:path",
    "right": "LIT:dialogs/find.js",
    "op": "+",
    "leftType": "unknown",
    "rightType": "string",
    "parent": "CallExpression",
    "grandParent": "ExpressionStatement",
    "src": "data/js/programs_all/jsdelivr/jsdelivr/files/ckeditor/4.3.0/plugins/find/plugin.js : 33 - 33"
  },
  {
    "left": "ID:path",
    "right": "LIT:dialogs/find.js",
    "op": "+",
    "leftType": "unknown",
    "rightType": "string",
    "parent": "CallExpression",
    "grandParent": "ExpressionStatement",
    "src": "data/js/programs_all/jsdelivr/jsdelivr/files/ckeditor/4.3.0/plugins/find/plugin.js : 34 - 34"
  },
  {
    "left": "ID:i",
    "right": "ID:length",
    "op": "<",
    "leftType": "unknown",
    "rightType": "unknown",
    "parent": "ForStatement",
    "grandParent": "BlockStatement",
    "src": "data/js/programs_all/jsdelivr/jsdelivr/files/ckeditor/4.3.0/plugins/flash/dialogs/flash.js : 84 - 84"
  },
  {
    "left": "ID:i",
    "right": "ID:length",
    "op": "<",
    "leftType": "unknown",
    "rightType": "unknown",
    "parent": "ForStatement",
    "grandParent": "BlockStatement",
    "src": "data/js/programs_all/jsdelivr/jsdelivr/files/ckeditor/4.3.0/plugins/flash/dialogs/flash.js : 91 - 91"
  },
  {
    "left": "LIT:this",
    "right": "ID:checkbox",
    "op": "instanceof",
    "leftType": "object",
    "rightType": "unknown",
    "parent": "VariableDeclarator",
    "grandParent": "VariableDeclaration",
    "src": "data/js/programs_all/jsdelivr/jsdelivr/files/ckeditor/4.3.0/plugins/flash/dialogs/flash.js : 101 - 101"
  },
  {
    "left": "ID:i",
    "right": "ID:length",
    "op": "<",
    "leftType": "unknown",
    "rightType": "unknown",
    "parent": "ForStatement",
    "grandParent": "BlockStatement",
    "src": "data/js/programs_all/jsdelivr/jsdelivr/files/ckeditor/4.3.0/plugins/flash/dialogs/flash.js : 102 - 102"
  },
  {
    "left": "ID:getAttribute",
    "right": "LIT:null",
    "op": "!==",
    "leftType": "unknown",
    "rightType": "null",
    "parent": "IfStatement",
    "grandParent": "SwitchCase",
    "src": "data/js/programs_all/jsdelivr/jsdelivr/files/ckeditor/4.3.0/plugins/flash/dialogs/flash.js : 108 - 108"
  },
  {
    "left": "ID:toLowerCase",
    "right": "LIT:true",
    "op": "==",
    "leftType": "unknown",
    "rightType": "string",
    "parent": "CallExpression",
    "grandParent": "ExpressionStatement",
    "src": "data/js/programs_all/jsdelivr/jsdelivr/files/ckeditor/4.3.0/plugins/flash/dialogs/flash.js : 111 - 111"
  },
  {
    "left": "ID:name",
    "right": "ID:paramMap",
    "op": "in",
    "leftType": "unknown",
    "rightType": "unknown",
    "parent": "IfStatement",
    "grandParent": "SwitchCase",
    "src": "data/js/programs_all/jsdelivr/jsdelivr/files/ckeditor/4.3.0/plugins/flash/dialogs/flash.js : 121 - 121"
  },
  {
    "left": "ID:toLowerCase",
    "right": "LIT:true",
    "op": "==",
    "leftType": "unknown",
    "rightType": "string",
    "parent": "CallExpression",
    "grandParent": "ExpressionStatement",
    "src": "data/js/programs_all/jsdelivr/jsdelivr/files/ckeditor/4.3.0/plugins/flash/dialogs/flash.js : 124 - 124"
  },
  {
    "left": "ID:toLowerCase",
    "right": "LIT:true",
    "op": "==",
    "leftType": "unknown",
    "rightType": "string",
    "parent": "CallExpression",
    "grandParent": "ExpressionStatement",
    "src": "data/js/programs_all/jsdelivr/jsdelivr/files/ckeditor/4.3.0/plugins/flash/dialogs/flash.js : 137 - 137"
  },
  {
    "left": "ID:getValue",
    "right": "LIT:",
    "op": "===",
    "leftType": "unknown",
    "rightType": "string",
    "parent": "VariableDeclarator",
    "grandParent": "VariableDeclaration",
    "src": "data/js/programs_all/jsdelivr/jsdelivr/files/ckeditor/4.3.0/plugins/flash/dialogs/flash.js : 152 - 152"
  },
  {
    "left": "LIT:this",
    "right": "ID:checkbox",
    "op": "instanceof",
    "leftType": "object",
    "rightType": "unknown",
    "parent": "VariableDeclarator",
    "grandParent": "VariableDeclaration",
    "src": "data/js/programs_all/jsdelivr/jsdelivr/files/ckeditor/4.3.0/plugins/flash/dialogs/flash.js : 153 - 153"
  },
  {
    "left": "ID:i",
    "right": "ID:length",
    "op": "<",
    "leftType": "unknown",
    "rightType": "unknown",
    "parent": "ForStatement",
    "grandParent": "BlockStatement",
    "src": "data/js/programs_all/jsdelivr/jsdelivr/files/ckeditor/4.3.0/plugins/flash/dialogs/flash.js : 155 - 155"
  },
  {
    "left": "ID:name",
    "right": "LIT:data",
    "op": "==",
    "leftType": "unknown",
    "rightType": "string",
    "parent": "LogicalExpression",
    "grandParent": "LogicalExpression",
    "src": "data/js/programs_all/jsdelivr/jsdelivr/files/ckeditor/4.3.0/plugins/flash/dialogs/flash.js : 160 - 160"
  },
  {
    "left": "ID:value",
    "right": "ID:attrDef",
    "op": "===",
    "leftType": "unknown",
    "rightType": "unknown",
    "parent": "LogicalExpression",
    "grandParent": "LogicalExpression",
    "src": "data/js/programs_all/jsdelivr/jsdelivr/files/ckeditor/4.3.0/plugins/flash/dialogs/flash.js : 163 - 163"
  },
  {
    "left": "ID:value",
    "right": "ID:attrDef",
    "op": "===",
    "leftType": "unknown",
    "rightType": "unknown",
    "parent": "LogicalExpression",
    "grandParent": "LogicalExpression",
    "src": "data/js/programs_all/jsdelivr/jsdelivr/files/ckeditor/4.3.0/plugins/flash/dialogs/flash.js : 172 - 172"
  },
  {
    "left": "ID:name",
    "right": "ID:paramMap",
    "op": "in",
    "leftType": "unknown",
    "rightType": "unknown",
    "parent": "IfStatement",
    "grandParent": "BlockStatement",
    "src": "data/js/programs_all/jsdelivr/jsdelivr/files/ckeditor/4.3.0/plugins/flash/dialogs/flash.js : 173 - 173"
  },
  {
    "left": "ID:name",
    "right": "ID:paramMap",
    "op": "in",
    "leftType": "unknown",
    "rightType": "unknown",
    "parent": "IfStatement",
    "grandParent": "BlockStatement",
    "src": "data/js/programs_all/jsdelivr/jsdelivr/files/ckeditor/4.3.0/plugins/flash/dialogs/flash.js : 176 - 176"
  },
  {
    "left": "ID:getChildCount",
    "right": "LIT:1",
    "op": "<",
    "leftType": "unknown",
    "rightType": "number",
    "parent": "IfStatement",
    "grandParent": "BlockStatement",
    "src": "data/js/programs_all/jsdelivr/jsdelivr/files/ckeditor/4.3.0/plugins/flash/dialogs/flash.js : 181 - 181"
  },
  {
    "left": "ID:value",
    "right": "ID:attrDef",
    "op": "===",
    "leftType": "unknown",
    "rightType": "unknown",
    "parent": "LogicalExpression",
    "grandParent": "LogicalExpression",
    "src": "data/js/programs_all/jsdelivr/jsdelivr/files/ckeditor/4.3.0/plugins/flash/dialogs/flash.js : 192 - 192"
  },
  {
    "left": "LIT:<div>",
    "right": "ID:htmlEncode",
    "op": "+",
    "leftType": "string",
    "rightType": "unknown",
    "parent": "BinaryExpression",
    "grandParent": "BinaryExpression",
    "src": "data/js/programs_all/jsdelivr/jsdelivr/files/ckeditor/4.3.0/plugins/flash/dialogs/flash.js : 205 - 205"
  },
  {
    "left": "ID:data",
    "right": "LIT:flash",
    "op": "==",
    "leftType": "unknown",
    "rightType": "string",
    "parent": "LogicalExpression",
    "grandParent": "IfStatement",
    "src": "data/js/programs_all/jsdelivr/jsdelivr/files/ckeditor/4.3.0/plugins/flash/dialogs/flash.js : 220 - 220"
  },
  {
    "left": "ID:getName",
    "right": "LIT:cke:object",
    "op": "==",
    "leftType": "unknown",
    "rightType": "string",
    "parent": "IfStatement",
    "grandParent": "BlockStatement",
    "src": "data/js/programs_all/jsdelivr/jsdelivr/files/ckeditor/4.3.0/plugins/flash/dialogs/flash.js : 227 - 227"
  },
  {
    "left": "ID:count",
    "right": "LIT:0",
    "op": ">",
    "leftType": "unknown",
    "rightType": "number",
    "parent": "IfStatement",
    "grandParent": "BlockStatement",
    "src": "data/js/programs_all/jsdelivr/jsdelivr/files/ckeditor/4.3.0/plugins/flash/dialogs/flash.js : 230 - 230"
  },
  {
    "left": "ID:i",
    "right": "ID:length",
    "op": "<",
    "leftType": "unknown",
    "rightType": "unknown",
    "parent": "ForStatement",
    "grandParent": "BlockStatement",
    "src": "data/js/programs_all/jsdelivr/jsdelivr/files/ckeditor/4.3.0/plugins/flash/dialogs/flash.js : 233 - 233"
  },
  {
    "left": "ID:getName",
    "right": "LIT:cke:embed",
    "op": "==",
    "leftType": "unknown",
    "rightType": "string",
    "parent": "IfStatement",
    "grandParent": "IfStatement",
    "src": "data/js/programs_all/jsdelivr/jsdelivr/files/ckeditor/4.3.0/plugins/flash/dialogs/flash.js : 239 - 239"
  },
  {
    "left": "ID:i",
    "right": "ID:length",
    "op": "<",
    "leftType": "unknown",
    "rightType": "unknown",
    "parent": "ForStatement",
    "grandParent": "BlockStatement",
    "src": "data/js/programs_all/jsdelivr/jsdelivr/files/ckeditor/4.3.0/plugins/flash/dialogs/flash.js : 281 - 281"
  },
  {
    "left": "LIT:<embed height=\"100%\" width=\"100%\" src=\"",
    "right": "ID:htmlEncode",
    "op": "+",
    "leftType": "string",
    "rightType": "unknown",
    "parent": "BinaryExpression",
    "grandParent": "CallExpression",
    "src": "data/js/programs_all/jsdelivr/jsdelivr/files/ckeditor/4.3.0/plugins/flash/dialogs/flash.js : 336 - 336"
  },
  {
    "left": "ID:id",
    "right": "LIT:name",
    "op": "==",
    "leftType": "unknown",
    "rightType": "string",
    "parent": "IfStatement",
    "grandParent": "BlockStatement",
    "src": "data/js/programs_all/jsdelivr/jsdelivr/files/ckeditor/4.3.0/plugins/forms/dialogs/button.js : 10 - 10"
  },
  {
    "left": "ID:id",
    "right": "LIT:name",
    "op": "==",
    "leftType": "unknown",
    "rightType": "string",
    "parent": "IfStatement",
    "grandParent": "BlockStatement",
    "src": "data/js/programs_all/jsdelivr/jsdelivr/files/ckeditor/4.3.0/plugins/forms/dialogs/button.js : 14 - 14"
  },
  {
    "left": "ID:getAttribute",
    "right": "LIT:checkbox",
    "op": "==",
    "leftType": "unknown",
    "rightType": "string",
    "parent": "LogicalExpression",
    "grandParent": "IfStatement",
    "src": "data/js/programs_all/jsdelivr/jsdelivr/files/ckeditor/4.3.0/plugins/forms/dialogs/checkbox.js : 15 - 15"
  },
  {
    "left": "ID:value",
    "right": "LIT:on",
    "op": "==",
    "leftType": "unknown",
    "rightType": "string",
    "parent": "LogicalExpression",
    "grandParent": "ConditionalExpression",
    "src": "data/js/programs_all/jsdelivr/jsdelivr/files/ckeditor/4.3.0/plugins/forms/dialogs/checkbox.js : 70 - 70"
  },
  {
    "left": "ID:value",
    "right": "LIT:on",
    "op": "==",
    "leftType": "unknown",
    "rightType": "string",
    "parent": "LogicalExpression",
    "grandParent": "UnaryExpression",
    "src": "data/js/programs_all/jsdelivr/jsdelivr/files/ckeditor/4.3.0/plugins/forms/dialogs/checkbox.js : 76 - 76"
  },
  {
    "left": "ID:isElementChecked",
    "right": "ID:isChecked",
    "op": "!=",
    "leftType": "unknown",
    "rightType": "unknown",
    "parent": "IfStatement",
    "grandParent": "BlockStatement",
    "src": "data/js/programs_all/jsdelivr/jsdelivr/files/ckeditor/4.3.0/plugins/forms/dialogs/checkbox.js : 108 - 108"
  },
  {
    "left": "LIT:(",
    "right": "ID:join",
    "op": "+",
    "leftType": "string",
    "rightType": "unknown",
    "parent": "BinaryExpression",
    "grandParent": "ConditionalExpression",
    "src": "data/js/programs_all/jsdelivr/jsdelivr/files/ckeditor/4.3.0/plugins/indentblock/plugin.js : 47 - 47"
  },
  {
    "left": "ID:enterMode",
    "right": "ID:ENTER_BR",
    "op": "!=",
    "leftType": "unknown",
    "rightType": "unknown",
    "parent": "AssignmentExpression",
    "grandParent": "ExpressionStatement",
    "src": "data/js/programs_all/jsdelivr/jsdelivr/files/ckeditor/4.3.0/plugins/indentblock/plugin.js : 157 - 157"
  },
  {
    "left": "ID:enterMode",
    "right": "ID:ENTER_P",
    "op": "==",
    "leftType": "unknown",
    "rightType": "unknown",
    "parent": "ConditionalExpression",
    "grandParent": "CallExpression",
    "src": "data/js/programs_all/jsdelivr/jsdelivr/files/ckeditor/4.3.0/plugins/indentblock/plugin.js : 159 - 159"
  },
  {
    "left": "LIT:(?:^|\\s+)(",
    "right": "ID:join",
    "op": "+",
    "leftType": "string",
    "rightType": "unknown",
    "parent": "BinaryExpression",
    "grandParent": "NewExpression",
    "src": "data/js/programs_all/jsdelivr/jsdelivr/files/ckeditor/4.3.0/plugins/indentblock/plugin.js : 179 - 179"
  },
  {
    "left": "ID:indexOf",
    "right": "LIT:1",
    "op": "+",
    "leftType": "unknown",
    "rightType": "number",
    "parent": "AssignmentExpression",
    "grandParent": "ExpressionStatement",
    "src": "data/js/programs_all/jsdelivr/jsdelivr/files/ckeditor/4.3.0/plugins/indentblock/plugin.js : 202 - 202"
  },
  {
    "left": "ID:indentStep",
    "right": "LIT:0",
    "op": ">",
    "leftType": "unknown",
    "rightType": "number",
    "parent": "IfStatement",
    "grandParent": "BlockStatement",
    "src": "data/js/programs_all/jsdelivr/jsdelivr/files/ckeditor/4.3.0/plugins/indentblock/plugin.js : 214 - 214"
  },
  {
    "left": "ID:indentStep",
    "right": "LIT:1",
    "op": "-",
    "leftType": "unknown",
    "rightType": "number",
    "parent": "MemberExpression",
    "grandParent": "CallExpression",
    "src": "data/js/programs_all/jsdelivr/jsdelivr/files/ckeditor/4.3.0/plugins/indentblock/plugin.js : 215 - 215"
  },
  {
    "left": "ID:currentOffset",
    "right": "LIT:0",
    "op": "<",
    "leftType": "unknown",
    "rightType": "number",
    "parent": "IfStatement",
    "grandParent": "BlockStatement",
    "src": "data/js/programs_all/jsdelivr/jsdelivr/files/ckeditor/4.3.0/plugins/indentblock/plugin.js : 226 - 226"
  },
  {
    "left": "ID:ceil",
    "right": "ID:indentOffset",
    "op": "*",
    "leftType": "unknown",
    "rightType": "unknown",
    "parent": "AssignmentExpression",
    "grandParent": "ExpressionStatement",
    "src": "data/js/programs_all/jsdelivr/jsdelivr/files/ckeditor/4.3.0/plugins/indentblock/plugin.js : 230 - 230"
  },
  {
    "left": "ID:currentOffset",
    "right": "ID:indentOffset",
    "op": "/",
    "leftType": "unknown",
    "rightType": "unknown",
    "parent": "CallExpression",
    "grandParent": "BinaryExpression",
    "src": "data/js/programs_all/jsdelivr/jsdelivr/files/ckeditor/4.3.0/plugins/indentblock/plugin.js : 230 - 230"
  },
  {
    "left": "ID:getAttribute",
    "right": "LIT:",
    "op": "===",
    "leftType": "unknown",
    "rightType": "string",
    "parent": "IfStatement",
    "grandParent": "BlockStatement",
    "src": "data/js/programs_all/jsdelivr/jsdelivr/files/ckeditor/4.3.0/plugins/indentblock/plugin.js : 237 - 237"
  },
  {
    "left": "ID:indentClass",
    "right": "ID:slice",
    "op": "!=",
    "leftType": "unknown",
    "rightType": "unknown",
    "parent": "ConditionalExpression",
    "grandParent": "ReturnStatement",
    "src": "data/js/programs_all/jsdelivr/jsdelivr/files/ckeditor/4.3.0/plugins/indentblock/plugin.js : 259 - 259"
  },
  {
    "left": "ID:mode",
    "right": "LIT:wysiwyg",
    "op": "!=",
    "leftType": "unknown",
    "rightType": "string",
    "parent": "LogicalExpression",
    "grandParent": "IfStatement",
    "src": "data/js/programs_all/jsdelivr/jsdelivr/files/ckeditor/4.3.0/plugins/lineutils/plugin.js : 81 - 81"
  },
  {
    "left": "ID:x",
    "right": "ID:y",
    "op": "+",
    "leftType": "unknown",
    "rightType": "unknown",
    "parent": "CallExpression",
    "grandParent": "UnaryExpression",
    "src": "data/js/programs_all/jsdelivr/jsdelivr/files/ckeditor/4.3.0/plugins/lineutils/plugin.js : 90 - 90"
  },
  {
    "left": "ID:uid",
    "right": "ID:relations",
    "op": "in",
    "leftType": "unknown",
    "rightType": "unknown",
    "parent": "IfStatement",
    "grandParent": "BlockStatement",
    "src": "data/js/programs_all/jsdelivr/jsdelivr/files/ckeditor/4.3.0/plugins/lineutils/plugin.js : 151 - 151"
  },
  {
    "left": "ID:uid",
    "right": "ID:relations",
    "op": "in",
    "leftType": "unknown",
    "rightType": "unknown",
    "parent": "LogicalExpression",
    "grandParent": "IfStatement",
    "src": "data/js/programs_all/jsdelivr/jsdelivr/files/ckeditor/4.3.0/plugins/lineutils/plugin.js : 193 - 193"
  },
  {
    "left": "ID:compareDocumentPosition",
    "right": "LIT:16",
    "op": "&",
    "leftType": "unknown",
    "rightType": "number",
    "parent": "UnaryExpression",
    "grandParent": "UnaryExpression",
    "src": "data/js/programs_all/jsdelivr/jsdelivr/files/ckeditor/4.3.0/plugins/lineutils/plugin.js : 226 - 226"
  },
  {
    "left": "ID:tryouts",
    "right": "LIT:25",
    "op": "==",
    "leftType": "unknown",
    "rightType": "number",
    "parent": "IfStatement",
    "grandParent": "BlockStatement",
    "src": "data/js/programs_all/jsdelivr/jsdelivr/files/ckeditor/4.3.0/plugins/lineutils/plugin.js : 252 - 252"
  },
  {
    "left": "ID:found",
    "right": "ID:el",
    "op": "==",
    "leftType": "unknown",
    "rightType": "unknown",
    "parent": "IfStatement",
    "grandParent": "IfStatement",
    "src": "data/js/programs_all/jsdelivr/jsdelivr/files/ckeditor/4.3.0/plugins/lineutils/plugin.js : 265 - 265"
  },
  {
    "left": "ID:y",
    "right": "LIT:0",
    "op": ">",
    "leftType": "unknown",
    "rightType": "number",
    "parent": "ReturnStatement",
    "grandParent": "BlockStatement",
    "src": "data/js/programs_all/jsdelivr/jsdelivr/files/ckeditor/4.3.0/plugins/lineutils/plugin.js : 288 - 288"
  },
  {
    "left": "ID:y",
    "right": "ID:paneHeight",
    "op": "<",
    "leftType": "unknown",
    "rightType": "unknown",
    "parent": "ReturnStatement",
    "grandParent": "BlockStatement",
    "src": "data/js/programs_all/jsdelivr/jsdelivr/files/ckeditor/4.3.0/plugins/lineutils/plugin.js : 293 - 293"
  },
  {
    "left": "ID:type",
    "right": "ID:LINEUTILS_BEFORE",
    "op": "===",
    "leftType": "unknown",
    "rightType": "unknown",
    "parent": "ConditionalExpression",
    "grandParent": "MemberExpression",
    "src": "data/js/programs_all/jsdelivr/jsdelivr/files/ckeditor/4.3.0/plugins/lineutils/plugin.js : 445 - 445"
  },
  {
    "left": "ID:type",
    "right": "ID:LINEUTILS_BEFORE",
    "op": "==",
    "leftType": "unknown",
    "rightType": "unknown",
    "parent": "IfStatement",
    "grandParent": "BlockStatement",
    "src": "data/js/programs_all/jsdelivr/jsdelivr/files/ckeditor/4.3.0/plugins/lineutils/plugin.js : 451 - 451"
  },
  {
    "left": "ID:bottom",
    "right": "ID:top",
    "op": "+",
    "leftType": "unknown",
    "rightType": "unknown",
    "parent": "BinaryExpression",
    "grandParent": "ReturnStatement",
    "src": "data/js/programs_all/jsdelivr/jsdelivr/files/ckeditor/4.3.0/plugins/lineutils/plugin.js : 452 - 452"
  },
  {
    "left": "ID:bottom",
    "right": "ID:top",
    "op": "+",
    "leftType": "unknown",
    "rightType": "unknown",
    "parent": "BinaryExpression",
    "grandParent": "ReturnStatement",
    "src": "data/js/programs_all/jsdelivr/jsdelivr/files/ckeditor/4.3.0/plugins/lineutils/plugin.js : 454 - 454"
  },
  {
    "left": "ID:type",
    "right": "ID:LINEUTILS_BEFORE",
    "op": "==",
    "leftType": "unknown",
    "rightType": "unknown",
    "parent": "IfStatement",
    "grandParent": "BlockStatement",
    "src": "data/js/programs_all/jsdelivr/jsdelivr/files/ckeditor/4.3.0/plugins/lineutils/plugin.js : 459 - 459"
  },
  {
    "left": "ID:top",
    "right": "ID:bottom",
    "op": "+",
    "leftType": "unknown",
    "rightType": "unknown",
    "parent": "BinaryExpression",
    "grandParent": "CallExpression",
    "src": "data/js/programs_all/jsdelivr/jsdelivr/files/ckeditor/4.3.0/plugins/lineutils/plugin.js : 481 - 481"
  },
  {
    "left": "ID:y",
    "right": "ID:locations",
    "op": "-",
    "leftType": "unknown",
    "rightType": "unknown",
    "parent": "CallExpression",
    "grandParent": "ReturnStatement",
    "src": "data/js/programs_all/jsdelivr/jsdelivr/files/ckeditor/4.3.0/plugins/lineutils/plugin.js : 501 - 501"
  },
  {
    "left": "ID:i",
    "right": "ID:length",
    "op": "<",
    "leftType": "unknown",
    "rightType": "unknown",
    "parent": "ForStatement",
    "grandParent": "BlockStatement",
    "src": "data/js/programs_all/jsdelivr/jsdelivr/files/ckeditor/4.3.0/plugins/lineutils/plugin.js : 517 - 517"
  },
  {
    "left": "ID:dist",
    "right": "ID:dist",
    "op": "<",
    "leftType": "unknown",
    "rightType": "unknown",
    "parent": "IfStatement",
    "grandParent": "BlockStatement",
    "src": "data/js/programs_all/jsdelivr/jsdelivr/files/ckeditor/4.3.0/plugins/lineutils/plugin.js : 518 - 518"
  },
  {
    "left": "ID:i",
    "right": "ID:length",
    "op": "==",
    "leftType": "unknown",
    "rightType": "unknown",
    "parent": "IfStatement",
    "grandParent": "BlockStatement",
    "src": "data/js/programs_all/jsdelivr/jsdelivr/files/ckeditor/4.3.0/plugins/lineutils/plugin.js : 526 - 526"
  },
  {
    "left": "LIT:<div data-cke-lineutils-line=\"1\" class=\"cke_reset_all\" style=\"{lineStyle}\">",
    "right": "LIT:<span style=\"{tipLeftStyle}\">&nbsp;</span>",
    "op": "+",
    "leftType": "string",
    "rightType": "string",
    "parent": "BinaryExpression",
    "grandParent": "BinaryExpression",
    "src": "data/js/programs_all/jsdelivr/jsdelivr/files/ckeditor/4.3.0/plugins/lineutils/plugin.js : 577 - 578"
  },
  {
    "left": "ID:x",
    "right": "ID:left",
    "op": "<=",
    "leftType": "unknown",
    "rightType": "unknown",
    "parent": "LogicalExpression",
    "grandParent": "LogicalExpression",
    "src": "data/js/programs_all/jsdelivr/jsdelivr/files/ckeditor/4.3.0/plugins/lineutils/plugin.js : 636 - 636"
  },
  {
    "left": "ID:x",
    "right": "ID:right",
    "op": ">=",
    "leftType": "unknown",
    "rightType": "unknown",
    "parent": "LogicalExpression",
    "grandParent": "LogicalExpression",
    "src": "data/js/programs_all/jsdelivr/jsdelivr/files/ckeditor/4.3.0/plugins/lineutils/plugin.js : 636 - 636"
  },
  {
    "left": "ID:y",
    "right": "ID:top",
    "op": "<=",
    "leftType": "unknown",
    "rightType": "unknown",
    "parent": "LogicalExpression",
    "grandParent": "LogicalExpression",
    "src": "data/js/programs_all/jsdelivr/jsdelivr/files/ckeditor/4.3.0/plugins/lineutils/plugin.js : 636 - 636"
  },
  {
    "left": "ID:y",
    "right": "ID:bottom",
    "op": ">=",
    "leftType": "unknown",
    "rightType": "unknown",
    "parent": "LogicalExpression",
    "grandParent": "IfStatement",
    "src": "data/js/programs_all/jsdelivr/jsdelivr/files/ckeditor/4.3.0/plugins/lineutils/plugin.js : 636 - 636"
  },
  {
    "left": "ID:x",
    "right": "LIT:0",
    "op": "<=",
    "leftType": "unknown",
    "rightType": "number",
    "parent": "LogicalExpression",
    "grandParent": "LogicalExpression",
    "src": "data/js/programs_all/jsdelivr/jsdelivr/files/ckeditor/4.3.0/plugins/lineutils/plugin.js : 640 - 640"
  },
  {
    "left": "ID:x",
    "right": "ID:width",
    "op": ">=",
    "leftType": "unknown",
    "rightType": "unknown",
    "parent": "LogicalExpression",
    "grandParent": "LogicalExpression",
    "src": "data/js/programs_all/jsdelivr/jsdelivr/files/ckeditor/4.3.0/plugins/lineutils/plugin.js : 640 - 640"
  },
  {
    "left": "ID:y",
    "right": "LIT:0",
    "op": "<=",
    "leftType": "unknown",
    "rightType": "number",
    "parent": "LogicalExpression",
    "grandParent": "LogicalExpression",
    "src": "data/js/programs_all/jsdelivr/jsdelivr/files/ckeditor/4.3.0/plugins/lineutils/plugin.js : 640 - 640"
  },
  {
    "left": "ID:y",
    "right": "ID:height",
    "op": ">=",
    "leftType": "unknown",
    "rightType": "unknown",
    "parent": "LogicalExpression",
    "grandParent": "IfStatement",
    "src": "data/js/programs_all/jsdelivr/jsdelivr/files/ckeditor/4.3.0/plugins/lineutils/plugin.js : 640 - 640"
  },
  {
    "left": "ID:getCustomData",
    "right": "ID:hash",
    "op": "!==",
    "leftType": "unknown",
    "rightType": "unknown",
    "parent": "IfStatement",
    "grandParent": "BlockStatement",
    "src": "data/js/programs_all/jsdelivr/jsdelivr/files/ckeditor/4.3.0/plugins/lineutils/plugin.js : 740 - 740"
  },
  {
    "left": "ID:getCustomData",
    "right": "ID:hash",
    "op": "!==",
    "leftType": "unknown",
    "rightType": "unknown",
    "parent": "IfStatement",
    "grandParent": "BlockStatement",
    "src": "data/js/programs_all/jsdelivr/jsdelivr/files/ckeditor/4.3.0/plugins/lineutils/plugin.js : 749 - 749"
  },
  {
    "left": "ID:loc",
    "right": "ID:y",
    "op": "+",
    "leftType": "unknown",
    "rightType": "unknown",
    "parent": "AssignmentExpression",
    "grandParent": "ExpressionStatement",
    "src": "data/js/programs_all/jsdelivr/jsdelivr/files/ckeditor/4.3.0/plugins/lineutils/plugin.js : 794 - 794"
  },
  {
    "left": "ID:top",
    "right": "ID:y",
    "op": "+",
    "leftType": "unknown",
    "rightType": "unknown",
    "parent": "BinaryExpression",
    "grandParent": "AssignmentExpression",
    "src": "data/js/programs_all/jsdelivr/jsdelivr/files/ckeditor/4.3.0/plugins/lineutils/plugin.js : 796 - 796"
  },
  {
    "left": "ID:top",
    "right": "ID:y",
    "op": "-",
    "leftType": "unknown",
    "rightType": "unknown",
    "parent": "BinaryExpression",
    "grandParent": "LogicalExpression",
    "src": "data/js/programs_all/jsdelivr/jsdelivr/files/ckeditor/4.3.0/plugins/lineutils/plugin.js : 799 - 799"
  },
  {
    "left": "ID:top",
    "right": "ID:y",
    "op": "-",
    "leftType": "unknown",
    "rightType": "unknown",
    "parent": "BinaryExpression",
    "grandParent": "LogicalExpression",
    "src": "data/js/programs_all/jsdelivr/jsdelivr/files/ckeditor/4.3.0/plugins/lineutils/plugin.js : 799 - 799"
  },
  {
    "left": "ID:left",
    "right": "LIT:0",
    "op": ">",
    "leftType": "unknown",
    "rightType": "number",
    "parent": "IfStatement",
    "grandParent": "BlockStatement",
    "src": "data/js/programs_all/jsdelivr/jsdelivr/files/ckeditor/4.3.0/plugins/lineutils/plugin.js : 806 - 806"
  },
  {
    "left": "ID:left",
    "right": "ID:left",
    "op": "+",
    "leftType": "unknown",
    "rightType": "unknown",
    "parent": "AssignmentExpression",
    "grandParent": "ExpressionStatement",
    "src": "data/js/programs_all/jsdelivr/jsdelivr/files/ckeditor/4.3.0/plugins/lineutils/plugin.js : 807 - 807"
  },
  {
    "left": "ID:left",
    "right": "ID:width",
    "op": "+",
    "leftType": "unknown",
    "rightType": "unknown",
    "parent": "BinaryExpression",
    "grandParent": "AssignmentExpression",
    "src": "data/js/programs_all/jsdelivr/jsdelivr/files/ckeditor/4.3.0/plugins/lineutils/plugin.js : 816 - 816"
  },
  {
    "left": "ID:left",
    "right": "ID:width",
    "op": "+",
    "leftType": "unknown",
    "rightType": "unknown",
    "parent": "BinaryExpression",
    "grandParent": "AssignmentExpression",
    "src": "data/js/programs_all/jsdelivr/jsdelivr/files/ckeditor/4.3.0/plugins/lineutils/plugin.js : 816 - 816"
  },
  {
    "left": "ID:getCustomData",
    "right": "ID:hash",
    "op": "!==",
    "leftType": "unknown",
    "rightType": "unknown",
    "parent": "IfStatement",
    "grandParent": "BlockStatement",
    "src": "data/js/programs_all/jsdelivr/jsdelivr/files/ckeditor/4.3.0/plugins/lineutils/plugin.js : 872 - 872"
  },
  {
    "left": "ID:type",
    "right": "ID:flag",
    "op": "&",
    "leftType": "unknown",
    "rightType": "unknown",
    "parent": "ReturnStatement",
    "grandParent": "BlockStatement",
    "src": "data/js/programs_all/jsdelivr/jsdelivr/files/ckeditor/4.3.0/plugins/lineutils/plugin.js : 894 - 894"
  },
  {
    "left": "ID:type",
    "right": "ID:NODE_ELEMENT",
    "op": "==",
    "leftType": "unknown",
    "rightType": "unknown",
    "parent": "LogicalExpression",
    "grandParent": "ReturnStatement",
    "src": "data/js/programs_all/jsdelivr/jsdelivr/files/ckeditor/4.3.0/plugins/lineutils/plugin.js : 901 - 901"
  },
  {
    "left": "ID:getAttribute",
    "right": "LIT:true",
    "op": "==",
    "leftType": "unknown",
    "rightType": "string",
    "parent": "LogicalExpression",
    "grandParent": "ReturnStatement",
    "src": "data/js/programs_all/jsdelivr/jsdelivr/files/ckeditor/4.3.0/plugins/lineutils/plugin.js : 913 - 913"
  },
  {
    "left": "LIT:<li id=\"{id}\" class=\"cke_panel_listItem\" role=presentation>",
    "right": "LIT:<a id=\"{id}_option\" _cke_focus=1 hidefocus=true",
    "op": "+",
    "leftType": "string",
    "rightType": "string",
    "parent": "BinaryExpression",
    "grandParent": "BinaryExpression",
    "src": "data/js/programs_all/jsdelivr/jsdelivr/files/ckeditor/4.3.0/plugins/listblock/plugin.js : 11 - 12"
  },
  {
    "left": "ID:SHIFT",
    "right": "LIT:9",
    "op": "+",
    "leftType": "unknown",
    "rightType": "number",
    "parent": "MemberExpression",
    "grandParent": "AssignmentExpression",
    "src": "data/js/programs_all/jsdelivr/jsdelivr/files/ckeditor/4.3.0/plugins/listblock/plugin.js : 47 - 47"
  },
  {
    "left": "ID:getName",
    "right": "LIT:ul",
    "op": "==",
    "leftType": "unknown",
    "rightType": "string",
    "parent": "LogicalExpression",
    "grandParent": "IfStatement",
    "src": "data/js/programs_all/jsdelivr/jsdelivr/files/ckeditor/4.3.0/plugins/listblock/plugin.js : 138 - 138"
  },
  {
    "left": "ID:getName",
    "right": "LIT:ul",
    "op": "==",
    "leftType": "unknown",
    "rightType": "string",
    "parent": "LogicalExpression",
    "grandParent": "IfStatement",
    "src": "data/js/programs_all/jsdelivr/jsdelivr/files/ckeditor/4.3.0/plugins/listblock/plugin.js : 162 - 162"
  },
  {
    "left": "ID:itemId",
    "right": "LIT:_option",
    "op": "+",
    "leftType": "unknown",
    "rightType": "string",
    "parent": "CallExpression",
    "grandParent": "MemberExpression",
    "src": "data/js/programs_all/jsdelivr/jsdelivr/files/ckeditor/4.3.0/plugins/listblock/plugin.js : 175 - 175"
  },
  {
    "left": "ID:itemId",
    "right": "LIT:_option",
    "op": "+",
    "leftType": "unknown",
    "rightType": "string",
    "parent": "CallExpression",
    "grandParent": "MemberExpression",
    "src": "data/js/programs_all/jsdelivr/jsdelivr/files/ckeditor/4.3.0/plugins/listblock/plugin.js : 185 - 185"
  },
  {
    "left": "ID:itemId",
    "right": "LIT:_option",
    "op": "+",
    "leftType": "unknown",
    "rightType": "string",
    "parent": "CallExpression",
    "grandParent": "MemberExpression",
    "src": "data/js/programs_all/jsdelivr/jsdelivr/files/ckeditor/4.3.0/plugins/listblock/plugin.js : 198 - 198"
  },
  {
    "left": "LIT:<div lang=\"{langCode}\" id=\"{id}\" dir={dir}",
    "right": "LIT: class=\"cke cke_reset_all {editorId} cke_panel cke_panel {cls} cke_{dir}\"",
    "op": "+",
    "leftType": "string",
    "rightType": "string",
    "parent": "BinaryExpression",
    "grandParent": "BinaryExpression",
    "src": "data/js/programs_all/jsdelivr/jsdelivr/files/ckeditor/4.3.0/plugins/panel/plugin.js : 67 - 68"
  },
  {
    "left": "LIT:<!DOCTYPE html>",
    "right": "LIT:<html class=\"cke_panel_container {env}\" dir=\"{dir}\" lang=\"{langCode}\">",
    "op": "+",
    "leftType": "string",
    "rightType": "string",
    "parent": "BinaryExpression",
    "grandParent": "BinaryExpression",
    "src": "data/js/programs_all/jsdelivr/jsdelivr/files/ckeditor/4.3.0/plugins/panel/plugin.js : 75 - 76"
  },
  {
    "left": "ID:id",
    "right": "LIT:_frame",
    "op": "+",
    "leftType": "unknown",
    "rightType": "string",
    "parent": "CallExpression",
    "grandParent": "VariableDeclarator",
    "src": "data/js/programs_all/jsdelivr/jsdelivr/files/ckeditor/4.3.0/plugins/panel/plugin.js : 98 - 98"
  },
  {
    "left": "LIT:window.parent.CKEDITOR.tools.callFunction(",
    "right": "ID:onLoad",
    "op": "+",
    "leftType": "string",
    "rightType": "unknown",
    "parent": "BinaryExpression",
    "grandParent": "Property",
    "src": "data/js/programs_all/jsdelivr/jsdelivr/files/ckeditor/4.3.0/plugins/panel/plugin.js : 116 - 116"
  },
  {
    "left": "ID:onKeyDown",
    "right": "LIT:false",
    "op": "===",
    "leftType": "unknown",
    "rightType": "boolean",
    "parent": "LogicalExpression",
    "grandParent": "IfStatement",
    "src": "data/js/programs_all/jsdelivr/jsdelivr/files/ckeditor/4.3.0/plugins/panel/plugin.js : 130 - 130"
  },
  {
    "left": "ID:keystroke",
    "right": "LIT:27",
    "op": "==",
    "leftType": "unknown",
    "rightType": "number",
    "parent": "LogicalExpression",
    "grandParent": "IfStatement",
    "src": "data/js/programs_all/jsdelivr/jsdelivr/files/ckeditor/4.3.0/plugins/panel/plugin.js : 136 - 136"
  },
  {
    "left": "ID:dir",
    "right": "LIT:rtl",
    "op": "==",
    "leftType": "unknown",
    "rightType": "string",
    "parent": "ConditionalExpression",
    "grandParent": "BinaryExpression",
    "src": "data/js/programs_all/jsdelivr/jsdelivr/files/ckeditor/4.3.0/plugins/panel/plugin.js : 136 - 136"
  },
  {
    "left": "ID:onEscape",
    "right": "LIT:false",
    "op": "===",
    "leftType": "unknown",
    "rightType": "boolean",
    "parent": "LogicalExpression",
    "grandParent": "IfStatement",
    "src": "data/js/programs_all/jsdelivr/jsdelivr/files/ckeditor/4.3.0/plugins/panel/plugin.js : 137 - 137"
  },
  {
    "left": "ID:baseFloatZIndex",
    "right": "LIT:1",
    "op": "+",
    "leftType": "unknown",
    "rightType": "number",
    "parent": "Property",
    "grandParent": "ObjectExpression",
    "src": "data/js/programs_all/jsdelivr/jsdelivr/files/ckeditor/4.3.0/plugins/panel/plugin.js : 162 - 162"
  },
  {
    "left": "LIT:javascript:void(function(){",
    "right": "ID:encodeURIComponent",
    "op": "+",
    "leftType": "string",
    "rightType": "unknown",
    "parent": "BinaryExpression",
    "grandParent": "ConditionalExpression",
    "src": "data/js/programs_all/jsdelivr/jsdelivr/files/ckeditor/4.3.0/plugins/panel/plugin.js : 171 - 176"
  },
  {
    "left": "LIT:document.open();",
    "right": "LIT:(",
    "op": "+",
    "leftType": "string",
    "rightType": "string",
    "parent": "BinaryExpression",
    "grandParent": "BinaryExpression",
    "src": "data/js/programs_all/jsdelivr/jsdelivr/files/ckeditor/4.3.0/plugins/panel/plugin.js : 172 - 174"
  },
  {
    "left": "ID:id",
    "right": "LIT:_frame",
    "op": "+",
    "leftType": "unknown",
    "rightType": "string",
    "parent": "Property",
    "grandParent": "ObjectExpression",
    "src": "data/js/programs_all/jsdelivr/jsdelivr/files/ckeditor/4.3.0/plugins/panel/plugin.js : 180 - 180"
  },
  {
    "left": "ID:block",
    "right": "ID:block",
    "op": "instanceof",
    "leftType": "unknown",
    "rightType": "unknown",
    "parent": "ConditionalExpression",
    "grandParent": "AssignmentExpression",
    "src": "data/js/programs_all/jsdelivr/jsdelivr/files/ckeditor/4.3.0/plugins/panel/plugin.js : 197 - 197"
  },
  {
    "left": "ID:id",
    "right": "LIT:_frame",
    "op": "+",
    "leftType": "unknown",
    "rightType": "string",
    "parent": "CallExpression",
    "grandParent": "ConditionalExpression",
    "src": "data/js/programs_all/jsdelivr/jsdelivr/files/ckeditor/4.3.0/plugins/panel/plugin.js : 222 - 222"
  },
  {
    "left": "ID:call",
    "right": "LIT:true",
    "op": "!==",
    "leftType": "unknown",
    "rightType": "boolean",
    "parent": "LogicalExpression",
    "grandParent": "IfStatement",
    "src": "data/js/programs_all/jsdelivr/jsdelivr/files/ckeditor/4.3.0/plugins/panel/plugin.js : 319 - 319"
  },
  {
    "left": "ID:index",
    "right": "LIT:0",
    "op": ">",
    "leftType": "unknown",
    "rightType": "number",
    "parent": "LogicalExpression",
    "grandParent": "WhileStatement",
    "src": "data/js/programs_all/jsdelivr/jsdelivr/files/ckeditor/4.3.0/plugins/panel/plugin.js : 349 - 349"
  },
  {
    "left": "ID:index",
    "right": "LIT:0",
    "op": ">=",
    "leftType": "unknown",
    "rightType": "number",
    "parent": "LogicalExpression",
    "grandParent": "AssignmentExpression",
    "src": "data/js/programs_all/jsdelivr/jsdelivr/files/ckeditor/4.3.0/plugins/panel/plugin.js : 364 - 364"
  },
  {
    "left": "LIT:on",
    "right": "ID:keyAction",
    "op": "+",
    "leftType": "string",
    "rightType": "unknown",
    "parent": "MemberExpression",
    "grandParent": "CallExpression",
    "src": "data/js/programs_all/jsdelivr/jsdelivr/files/ckeditor/4.3.0/plugins/panel/plugin.js : 367 - 367"
  },
  {
    "left": "ID:path",
    "right": "LIT:filter/default.js",
    "op": "+",
    "leftType": "unknown",
    "rightType": "string",
    "parent": "LogicalExpression",
    "grandParent": "CallExpression",
    "src": "data/js/programs_all/jsdelivr/jsdelivr/files/ckeditor/4.3.0/plugins/pastefromword/plugin.js : 102 - 102"
  },
  {
    "left": "LIT:<div",
    "right": "LIT: id=\"cke_{name}\"",
    "op": "+",
    "leftType": "string",
    "rightType": "string",
    "parent": "BinaryExpression",
    "grandParent": "BinaryExpression",
    "src": "data/js/programs_all/jsdelivr/jsdelivr/files/ckeditor/4.3.0/plugins/sharedspace/plugin.js : 10 - 11"
  },
  {
    "left": "ID:space",
    "right": "ID:spaceName",
    "op": "==",
    "leftType": "unknown",
    "rightType": "unknown",
    "parent": "IfStatement",
    "grandParent": "BlockStatement",
    "src": "data/js/programs_all/jsdelivr/jsdelivr/files/ckeditor/4.3.0/plugins/sharedspace/plugin.js : 49 - 49"
  },
  {
    "left": "ID:type",
    "right": "ID:NODE_ELEMENT",
    "op": "==",
    "leftType": "unknown",
    "rightType": "unknown",
    "parent": "LogicalExpression",
    "grandParent": "LogicalExpression",
    "src": "data/js/programs_all/jsdelivr/jsdelivr/files/ckeditor/4.3.0/plugins/sharedspace/plugin.js : 86 - 86"
  },
  {
    "left": "ID:i",
    "right": "ID:totalDefs",
    "op": "<",
    "leftType": "unknown",
    "rightType": "unknown",
    "parent": "ForStatement",
    "grandParent": "BlockStatement",
    "src": "data/js/programs_all/jsdelivr/jsdelivr/files/ckeditor/4.3.0/plugins/templates/dialogs/templates.js : 15 - 15"
  },
  {
    "left": "ID:j",
    "right": "ID:count",
    "op": "<",
    "leftType": "unknown",
    "rightType": "unknown",
    "parent": "ForStatement",
    "grandParent": "BlockStatement",
    "src": "data/js/programs_all/jsdelivr/jsdelivr/files/ckeditor/4.3.0/plugins/templates/dialogs/templates.js : 21 - 21"
  },
  {
    "left": "ID:j",
    "right": "LIT:1",
    "op": "+",
    "leftType": "unknown",
    "rightType": "number",
    "parent": "CallExpression",
    "grandParent": "ExpressionStatement",
    "src": "data/js/programs_all/jsdelivr/jsdelivr/files/ckeditor/4.3.0/plugins/templates/dialogs/templates.js : 24 - 24"
  },
  {
    "left": "LIT:<a href=\"javascript:void(0)\" tabIndex=\"-1\" role=\"option\" >",
    "right": "LIT:<div class=\"cke_tpl_item\"></div>",
    "op": "+",
    "leftType": "string",
    "rightType": "string",
    "parent": "BinaryExpression",
    "grandParent": "CallExpression",
    "src": "data/js/programs_all/jsdelivr/jsdelivr/files/ckeditor/4.3.0/plugins/templates/dialogs/templates.js : 32 - 33"
  },
  {
    "left": "LIT:<td class=\"cke_tpl_preview_img\"><img src=\"",
    "right": "ID:getUrl",
    "op": "+",
    "leftType": "string",
    "rightType": "unknown",
    "parent": "BinaryExpression",
    "grandParent": "BinaryExpression",
    "src": "data/js/programs_all/jsdelivr/jsdelivr/files/ckeditor/4.3.0/plugins/templates/dialogs/templates.js : 40 - 40"
  },
  {
    "left": "ID:imagesPath",
    "right": "ID:image",
    "op": "+",
    "leftType": "unknown",
    "rightType": "unknown",
    "parent": "CallExpression",
    "grandParent": "BinaryExpression",
    "src": "data/js/programs_all/jsdelivr/jsdelivr/files/ckeditor/4.3.0/plugins/templates/dialogs/templates.js : 40 - 40"
  },
  {
    "left": "LIT:<td style=\"white-space:normal;\"><span class=\"cke_tpl_title\">",
    "right": "ID:title",
    "op": "+",
    "leftType": "string",
    "rightType": "unknown",
    "parent": "BinaryExpression",
    "grandParent": "AssignmentExpression",
    "src": "data/js/programs_all/jsdelivr/jsdelivr/files/ckeditor/4.3.0/plugins/templates/dialogs/templates.js : 42 - 42"
  },
  {
    "left": "LIT:<span>",
    "right": "ID:description",
    "op": "+",
    "leftType": "string",
    "rightType": "unknown",
    "parent": "BinaryExpression",
    "grandParent": "AssignmentExpression",
    "src": "data/js/programs_all/jsdelivr/jsdelivr/files/ckeditor/4.3.0/plugins/templates/dialogs/templates.js : 45 - 45"
  },
  {
    "left": "ID:path",
    "right": "LIT:dialogs/templates.css",
    "op": "+",
    "leftType": "unknown",
    "rightType": "string",
    "parent": "CallExpression",
    "grandParent": "CallExpression",
    "src": "data/js/programs_all/jsdelivr/jsdelivr/files/ckeditor/4.3.0/plugins/templates/dialogs/templates.js : 125 - 125"
  },
  {
    "left": "LIT:cke_tpl_list_label_",
    "right": "ID:getNextNumber",
    "op": "+",
    "leftType": "string",
    "rightType": "unknown",
    "parent": "VariableDeclarator",
    "grandParent": "VariableDeclaration",
    "src": "data/js/programs_all/jsdelivr/jsdelivr/files/ckeditor/4.3.0/plugins/templates/dialogs/templates.js : 130 - 130"
  },
  {
    "left": "LIT:<span>",
    "right": "ID:selectPromptMsg",
    "op": "+",
    "leftType": "string",
    "rightType": "unknown",
    "parent": "BinaryExpression",
    "grandParent": "Property",
    "src": "data/js/programs_all/jsdelivr/jsdelivr/files/ckeditor/4.3.0/plugins/templates/dialogs/templates.js : 151 - 152"
  },
  {
    "left": "LIT:<div class=\"cke_tpl_list\" tabIndex=\"-1\" role=\"listbox\" aria-labelledby=\"",
    "right": "ID:templateListLabelId",
    "op": "+",
    "leftType": "string",
    "rightType": "unknown",
    "parent": "BinaryExpression",
    "grandParent": "BinaryExpression",
    "src": "data/js/programs_all/jsdelivr/jsdelivr/files/ckeditor/4.3.0/plugins/templates/dialogs/templates.js : 159 - 159"
  },
  {
    "left": "LIT:<div class=\"cke_tpl_empty\">",
    "right": "LIT:<span>",
    "op": "+",
    "leftType": "string",
    "rightType": "string",
    "parent": "BinaryExpression",
    "grandParent": "BinaryExpression",
    "src": "data/js/programs_all/jsdelivr/jsdelivr/files/ckeditor/4.3.0/plugins/templates/dialogs/templates.js : 189 - 190"
  },
  {
    "left": "LIT:cke_uicolor_picker",
    "right": "ID:getNextNumber",
    "op": "+",
    "leftType": "string",
    "rightType": "unknown",
    "parent": "VariableDeclarator",
    "grandParent": "VariableDeclaration",
    "src": "data/js/programs_all/jsdelivr/jsdelivr/files/ckeditor/4.3.0/plugins/uicolor/dialogs/uicolor.js : 10 - 10"
  },
  {
    "left": "LIT:config.uiColor = \"#",
    "right": "ID:get",
    "op": "+",
    "leftType": "string",
    "rightType": "unknown",
    "parent": "BinaryExpression",
    "grandParent": "CallExpression",
    "src": "data/js/programs_all/jsdelivr/jsdelivr/files/ckeditor/4.3.0/plugins/uicolor/dialogs/uicolor.js : 24 - 24"
  },
  {
    "left": "LIT:<div id='",
    "right": "ID:pickerId",
    "op": "+",
    "leftType": "string",
    "rightType": "unknown",
    "parent": "BinaryExpression",
    "grandParent": "Property",
    "src": "data/js/programs_all/jsdelivr/jsdelivr/files/ckeditor/4.3.0/plugins/uicolor/dialogs/uicolor.js : 30 - 30"
  },
  {
    "left": "ID:url",
    "right": "LIT:assets/picker_thumb.png",
    "op": "+",
    "leftType": "unknown",
    "rightType": "string",
    "parent": "Property",
    "grandParent": "ObjectExpression",
    "src": "data/js/programs_all/jsdelivr/jsdelivr/files/ckeditor/4.3.0/plugins/uicolor/dialogs/uicolor.js : 39 - 39"
  },
  {
    "left": "ID:url",
    "right": "LIT:assets/hue_thumb.png",
    "op": "+",
    "leftType": "unknown",
    "rightType": "string",
    "parent": "Property",
    "grandParent": "ObjectExpression",
    "src": "data/js/programs_all/jsdelivr/jsdelivr/files/ckeditor/4.3.0/plugins/uicolor/dialogs/uicolor.js : 40 - 40"
  },
  {
    "left": "LIT:#",
    "right": "ID:get",
    "op": "+",
    "leftType": "string",
    "rightType": "unknown",
    "parent": "CallExpression",
    "grandParent": "ExpressionStatement",
    "src": "data/js/programs_all/jsdelivr/jsdelivr/files/ckeditor/4.3.0/plugins/uicolor/dialogs/uicolor.js : 55 - 55"
  },
  {
    "left": "ID:i",
    "right": "ID:count",
    "op": "<",
    "leftType": "unknown",
    "rightType": "unknown",
    "parent": "ForStatement",
    "grandParent": "BlockStatement",
    "src": "data/js/programs_all/jsdelivr/jsdelivr/files/ckeditor/4.3.0/plugins/uicolor/dialogs/uicolor.js : 60 - 60"
  },
  {
    "left": "LIT:<div id=\"cke_uicolor_preview\" style=\"border: 1px solid black; padding: 3px; width: 30px;\">",
    "right": "LIT:<div id=\"predefinedPreview\" style=\"width: 30px; height: 30px;\">&nbsp;</div>",
    "op": "+",
    "leftType": "string",
    "rightType": "string",
    "parent": "BinaryExpression",
    "grandParent": "Property",
    "src": "data/js/programs_all/jsdelivr/jsdelivr/files/ckeditor/4.3.0/plugins/uicolor/dialogs/uicolor.js : 140 - 141"
  },
  {
    "left": "LIT:config.uiColor = \"",
    "right": "ID:color",
    "op": "+",
    "leftType": "string",
    "rightType": "unknown",
    "parent": "BinaryExpression",
    "grandParent": "CallExpression",
    "src": "data/js/programs_all/jsdelivr/jsdelivr/files/ckeditor/4.3.0/plugins/uicolor/dialogs/uicolor.js : 153 - 153"
  },
  {
    "left": "ID:path",
    "right": "LIT:dialogs/uicolor.js",
    "op": "+",
    "leftType": "unknown",
    "rightType": "string",
    "parent": "CallExpression",
    "grandParent": "ExpressionStatement",
    "src": "data/js/programs_all/jsdelivr/jsdelivr/files/ckeditor/4.3.0/plugins/uicolor/plugin.js : 21 - 21"
  }
]