[
  {
    "left": "ID:extname",
    "right": "LIT:.jade",
    "op": "==",
    "leftType": "unknown",
    "rightType": "string",
    "parent": "IfStatement",
    "grandParent": "BlockStatement",
    "src": "data/js/programs_all/studiomoniker/woods/lib/Site.js : 74 - 74"
  },
  {
    "left": "LIT:<pre>Error compiling template: \n",
    "right": "ID:e",
    "op": "+",
    "leftType": "string",
    "rightType": "unknown",
    "parent": "ReturnStatement",
    "grandParent": "BlockStatement",
    "src": "data/js/programs_all/studiomoniker/woods/lib/Site.js : 87 - 87"
  },
  {
    "left": "ID:length",
    "right": "LIT:1",
    "op": ">",
    "leftType": "unknown",
    "rightType": "number",
    "parent": "IfStatement",
    "grandParent": "BlockStatement",
    "src": "data/js/programs_all/studiomoniker/woods/lib/Site.js : 116 - 116"
  },
  {
    "left": "ID:length",
    "right": "LIT:1",
    "op": ">",
    "leftType": "unknown",
    "rightType": "number",
    "parent": "LogicalExpression",
    "grandParent": "IfStatement",
    "src": "data/js/programs_all/studiomoniker/woods/lib/Site.js : 169 - 169"
  },
  {
    "left": "LIT:/",
    "right": "ID:join",
    "op": "+",
    "leftType": "string",
    "rightType": "unknown",
    "parent": "CallExpression",
    "grandParent": "AssignmentExpression",
    "src": "data/js/programs_all/studiomoniker/woods/lib/Site.js : 173 - 173"
  },
  {
    "left": "LIT:10",
    "right": "ID:length",
    "op": "*",
    "leftType": "number",
    "rightType": "unknown",
    "parent": "BinaryExpression",
    "grandParent": "VariableDeclarator",
    "src": "data/js/programs_all/studiomoniker/woods/lib/watchDirectory.js : 35 - 35"
  },
  {
    "left": "ID:nodeType",
    "right": "LIT:3",
    "op": "===",
    "leftType": "unknown",
    "rightType": "number",
    "parent": "IfStatement",
    "grandParent": "BlockStatement",
    "src": "data/js/programs_all/stungeye/HTML5-Tumblr-Mobile-App/js/noclickdelay.js : 36 - 36"
  },
  {
    "left": "ID:i",
    "right": "ID:sl",
    "op": "<",
    "leftType": "unknown",
    "rightType": "unknown",
    "parent": "ForStatement",
    "grandParent": "BlockStatement",
    "src": "data/js/programs_all/sturobson/Responsive-Calculator/js/libs/respond.js : 35 - 35"
  },
  {
    "left": "ID:toLowerCase",
    "right": "LIT:stylesheet",
    "op": "===",
    "leftType": "unknown",
    "rightType": "string",
    "parent": "LogicalExpression",
    "grandParent": "AssignmentExpression",
    "src": "data/js/programs_all/sturobson/Responsive-Calculator/js/libs/respond.js : 39 - 39"
  },
  {
    "left": "ID:split",
    "right": "ID:host",
    "op": "===",
    "leftType": "unknown",
    "rightType": "unknown",
    "parent": "LogicalExpression",
    "grandParent": "IfStatement",
    "src": "data/js/programs_all/sturobson/Responsive-Calculator/js/libs/respond.js : 44 - 44"
  },
  {
    "left": "LIT:$1",
    "right": "ID:href",
    "op": "+",
    "leftType": "string",
    "rightType": "unknown",
    "parent": "BinaryExpression",
    "grandParent": "CallExpression",
    "src": "data/js/programs_all/sturobson/Responsive-Calculator/js/libs/respond.js : 79 - 79"
  },
  {
    "left": "ID:i",
    "right": "ID:ql",
    "op": "<",
    "leftType": "unknown",
    "rightType": "unknown",
    "parent": "ForStatement",
    "grandParent": "BlockStatement",
    "src": "data/js/programs_all/sturobson/Responsive-Calculator/js/libs/respond.js : 98 - 98"
  },
  {
    "left": "ID:j",
    "right": "ID:eql",
    "op": "<",
    "leftType": "unknown",
    "rightType": "unknown",
    "parent": "ForStatement",
    "grandParent": "BlockStatement",
    "src": "data/js/programs_all/sturobson/Responsive-Calculator/js/libs/respond.js : 116 - 116"
  },
  {
    "left": "ID:length",
    "right": "LIT:1",
    "op": "-",
    "leftType": "unknown",
    "rightType": "number",
    "parent": "Property",
    "grandParent": "ObjectExpression",
    "src": "data/js/programs_all/sturobson/Responsive-Calculator/js/libs/respond.js : 120 - 120"
  },
  {
    "left": "ID:compatMode",
    "right": "LIT:CSS1Compat",
    "op": "===",
    "leftType": "unknown",
    "rightType": "string",
    "parent": "LogicalExpression",
    "grandParent": "LogicalExpression",
    "src": "data/js/programs_all/sturobson/Responsive-Calculator/js/libs/respond.js : 138 - 138"
  },
  {
    "left": "ID:length",
    "right": "LIT:1",
    "op": "-",
    "leftType": "unknown",
    "rightType": "number",
    "parent": "MemberExpression",
    "grandParent": "VariableDeclarator",
    "src": "data/js/programs_all/sturobson/Responsive-Calculator/js/libs/respond.js : 141 - 141"
  },
  {
    "left": "ID:now",
    "right": "ID:lastCall",
    "op": "-",
    "leftType": "unknown",
    "rightType": "unknown",
    "parent": "BinaryExpression",
    "grandParent": "LogicalExpression",
    "src": "data/js/programs_all/sturobson/Responsive-Calculator/js/libs/respond.js : 145 - 145"
  },
  {
    "left": "ID:currWidth",
    "right": "ID:minw",
    "op": ">=",
    "leftType": "unknown",
    "rightType": "unknown",
    "parent": "LogicalExpression",
    "grandParent": "LogicalExpression",
    "src": "data/js/programs_all/sturobson/Responsive-Calculator/js/libs/respond.js : 157 - 157"
  },
  {
    "left": "ID:currWidth",
    "right": "ID:maxw",
    "op": "<=",
    "leftType": "unknown",
    "rightType": "unknown",
    "parent": "LogicalExpression",
    "grandParent": "LogicalExpression",
    "src": "data/js/programs_all/sturobson/Responsive-Calculator/js/libs/respond.js : 158 - 158"
  },
  {
    "left": "ID:parentNode",
    "right": "ID:head",
    "op": "===",
    "leftType": "unknown",
    "rightType": "unknown",
    "parent": "LogicalExpression",
    "grandParent": "IfStatement",
    "src": "data/js/programs_all/sturobson/Responsive-Calculator/js/libs/respond.js : 168 - 168"
  },
  {
    "left": "ID:readyState",
    "right": "LIT:4",
    "op": "!=",
    "leftType": "unknown",
    "rightType": "number",
    "parent": "LogicalExpression",
    "grandParent": "IfStatement",
    "src": "data/js/programs_all/sturobson/Responsive-Calculator/js/libs/respond.js : 202 - 202"
  },
  {
    "left": "ID:status",
    "right": "LIT:200",
    "op": "!=",
    "leftType": "unknown",
    "rightType": "number",
    "parent": "LogicalExpression",
    "grandParent": "LogicalExpression",
    "src": "data/js/programs_all/sturobson/Responsive-Calculator/js/libs/respond.js : 202 - 202"
  },
  {
    "left": "ID:status",
    "right": "LIT:304",
    "op": "!=",
    "leftType": "unknown",
    "rightType": "number",
    "parent": "LogicalExpression",
    "grandParent": "LogicalExpression",
    "src": "data/js/programs_all/sturobson/Responsive-Calculator/js/libs/respond.js : 202 - 202"
  },
  {
    "left": "ID:readyState",
    "right": "LIT:4",
    "op": "==",
    "leftType": "unknown",
    "rightType": "number",
    "parent": "IfStatement",
    "grandParent": "BlockStatement",
    "src": "data/js/programs_all/sturobson/Responsive-Calculator/js/libs/respond.js : 207 - 207"
  },
  {
    "left": "LIT:_<style media=\"",
    "right": "ID:q",
    "op": "+",
    "leftType": "string",
    "rightType": "unknown",
    "parent": "BinaryExpression",
    "grandParent": "AssignmentExpression",
    "src": "data/js/programs_all/sturobson/Responsive-Calculator/js/libs/respond.js : 272 - 272"
  },
  {
    "left": "ID:offsetWidth",
    "right": "LIT:9",
    "op": "==",
    "leftType": "unknown",
    "rightType": "number",
    "parent": "AssignmentExpression",
    "grandParent": "ExpressionStatement",
    "src": "data/js/programs_all/sturobson/Responsive-Calculator/js/libs/respond.js : 277 - 277"
  },
  {
    "left": "ID:round",
    "right": "ID:iPow",
    "op": "/",
    "leftType": "unknown",
    "rightType": "unknown",
    "parent": "ReturnStatement",
    "grandParent": "BlockStatement",
    "src": "data/js/programs_all/sturobson/Responsive-Calculator/js/script.js : 4 - 4"
  },
  {
    "left": "ID:fValue",
    "right": "ID:iPow",
    "op": "*",
    "leftType": "unknown",
    "rightType": "unknown",
    "parent": "CallExpression",
    "grandParent": "BinaryExpression",
    "src": "data/js/programs_all/sturobson/Responsive-Calculator/js/script.js : 4 - 4"
  },
  {
    "left": "ID:fDenominator",
    "right": "LIT:0",
    "op": "==",
    "leftType": "unknown",
    "rightType": "number",
    "parent": "ConditionalExpression",
    "grandParent": "ReturnStatement",
    "src": "data/js/programs_all/sturobson/Responsive-Calculator/js/script.js : 8 - 8"
  },
  {
    "left": "ID:fNumerator",
    "right": "ID:fDenominator",
    "op": "/",
    "leftType": "unknown",
    "rightType": "unknown",
    "parent": "ConditionalExpression",
    "grandParent": "ReturnStatement",
    "src": "data/js/programs_all/sturobson/Responsive-Calculator/js/script.js : 8 - 8"
  },
  {
    "left": "ID:margin",
    "right": "LIT:2",
    "op": "*",
    "leftType": "unknown",
    "rightType": "number",
    "parent": "VariableDeclarator",
    "grandParent": "VariableDeclaration",
    "src": "data/js/programs_all/sturobson/Responsive-Calculator/js/script.js : 26 - 26"
  },
  {
    "left": "ID:padding",
    "right": "LIT:2",
    "op": "*",
    "leftType": "unknown",
    "rightType": "number",
    "parent": "VariableDeclarator",
    "grandParent": "VariableDeclaration",
    "src": "data/js/programs_all/sturobson/Responsive-Calculator/js/script.js : 27 - 27"
  },
  {
    "left": "ID:border",
    "right": "LIT:2",
    "op": "*",
    "leftType": "unknown",
    "rightType": "number",
    "parent": "VariableDeclarator",
    "grandParent": "VariableDeclaration",
    "src": "data/js/programs_all/sturobson/Responsive-Calculator/js/script.js : 28 - 28"
  },
  {
    "left": "ID:target",
    "right": "ID:DoubleBorder",
    "op": "-",
    "leftType": "unknown",
    "rightType": "unknown",
    "parent": "BinaryExpression",
    "grandParent": "BinaryExpression",
    "src": "data/js/programs_all/sturobson/Responsive-Calculator/js/script.js : 31 - 31"
  },
  {
    "left": "ID:DoublePadding",
    "right": "LIT:1",
    "op": "*",
    "leftType": "unknown",
    "rightType": "number",
    "parent": "BinaryExpression",
    "grandParent": "VariableDeclarator",
    "src": "data/js/programs_all/sturobson/Responsive-Calculator/js/script.js : 31 - 31"
  },
  {
    "left": "ID:DoubleMargin",
    "right": "LIT:1",
    "op": "*",
    "leftType": "unknown",
    "rightType": "number",
    "parent": "BinaryExpression",
    "grandParent": "VariableDeclarator",
    "src": "data/js/programs_all/sturobson/Responsive-Calculator/js/script.js : 32 - 32"
  },
  {
    "left": "ID:div",
    "right": "LIT:100",
    "op": "*",
    "leftType": "unknown",
    "rightType": "number",
    "parent": "CallExpression",
    "grandParent": "VariableDeclarator",
    "src": "data/js/programs_all/sturobson/Responsive-Calculator/js/script.js : 33 - 33"
  },
  {
    "left": "ID:div",
    "right": "LIT:100",
    "op": "*",
    "leftType": "unknown",
    "rightType": "number",
    "parent": "CallExpression",
    "grandParent": "VariableDeclarator",
    "src": "data/js/programs_all/sturobson/Responsive-Calculator/js/script.js : 34 - 34"
  },
  {
    "left": "ID:div",
    "right": "LIT:100",
    "op": "*",
    "leftType": "unknown",
    "rightType": "number",
    "parent": "CallExpression",
    "grandParent": "VariableDeclarator",
    "src": "data/js/programs_all/sturobson/Responsive-Calculator/js/script.js : 35 - 35"
  },
  {
    "left": "ID:div",
    "right": "LIT:100",
    "op": "*",
    "leftType": "unknown",
    "rightType": "number",
    "parent": "CallExpression",
    "grandParent": "VariableDeclarator",
    "src": "data/js/programs_all/sturobson/Responsive-Calculator/js/script.js : 36 - 36"
  },
  {
    "left": "ID:border",
    "right": "LIT:1",
    "op": "*",
    "leftType": "unknown",
    "rightType": "number",
    "parent": "BinaryExpression",
    "grandParent": "VariableDeclarator",
    "src": "data/js/programs_all/sturobson/Responsive-Calculator/js/script.js : 38 - 38"
  },
  {
    "left": "ID:ele",
    "right": "LIT: {<br><span>width: ",
    "op": "+",
    "leftType": "unknown",
    "rightType": "string",
    "parent": "BinaryExpression",
    "grandParent": "BinaryExpression",
    "src": "data/js/programs_all/sturobson/Responsive-Calculator/js/script.js : 43 - 43"
  },
  {
    "left": "ID:BoxSizingResult",
    "right": "LIT:0",
    "op": ">",
    "leftType": "unknown",
    "rightType": "number",
    "parent": "ConditionalExpression",
    "grandParent": "BinaryExpression",
    "src": "data/js/programs_all/sturobson/Responsive-Calculator/js/script.js : 43 - 43"
  },
  {
    "left": "ID:border",
    "right": "LIT:0",
    "op": ">",
    "leftType": "unknown",
    "rightType": "number",
    "parent": "ConditionalExpression",
    "grandParent": "BinaryExpression",
    "src": "data/js/programs_all/sturobson/Responsive-Calculator/js/script.js : 43 - 43"
  },
  {
    "left": "ID:MarginResult",
    "right": "LIT:0",
    "op": ">",
    "leftType": "unknown",
    "rightType": "number",
    "parent": "ConditionalExpression",
    "grandParent": "BinaryExpression",
    "src": "data/js/programs_all/sturobson/Responsive-Calculator/js/script.js : 43 - 43"
  },
  {
    "left": "ID:PaddingResult",
    "right": "LIT:0",
    "op": ">",
    "leftType": "unknown",
    "rightType": "number",
    "parent": "ConditionalExpression",
    "grandParent": "BinaryExpression",
    "src": "data/js/programs_all/sturobson/Responsive-Calculator/js/script.js : 43 - 43"
  },
  {
    "left": "ID:ele",
    "right": "LIT: {<br><span>width: ",
    "op": "+",
    "leftType": "unknown",
    "rightType": "string",
    "parent": "BinaryExpression",
    "grandParent": "BinaryExpression",
    "src": "data/js/programs_all/sturobson/Responsive-Calculator/js/script.js : 49 - 49"
  },
  {
    "left": "ID:OriginalResult",
    "right": "LIT:0",
    "op": ">",
    "leftType": "unknown",
    "rightType": "number",
    "parent": "ConditionalExpression",
    "grandParent": "BinaryExpression",
    "src": "data/js/programs_all/sturobson/Responsive-Calculator/js/script.js : 49 - 49"
  },
  {
    "left": "ID:border",
    "right": "LIT:0",
    "op": ">",
    "leftType": "unknown",
    "rightType": "number",
    "parent": "ConditionalExpression",
    "grandParent": "BinaryExpression",
    "src": "data/js/programs_all/sturobson/Responsive-Calculator/js/script.js : 49 - 49"
  },
  {
    "left": "ID:MarginResult",
    "right": "LIT:0",
    "op": ">",
    "leftType": "unknown",
    "rightType": "number",
    "parent": "ConditionalExpression",
    "grandParent": "BinaryExpression",
    "src": "data/js/programs_all/sturobson/Responsive-Calculator/js/script.js : 49 - 49"
  },
  {
    "left": "ID:PaddingResult",
    "right": "LIT:0",
    "op": ">",
    "leftType": "unknown",
    "rightType": "number",
    "parent": "ConditionalExpression",
    "grandParent": "BinaryExpression",
    "src": "data/js/programs_all/sturobson/Responsive-Calculator/js/script.js : 49 - 49"
  },
  {
    "left": "ID:substr",
    "right": "ID:url",
    "op": "===",
    "leftType": "unknown",
    "rightType": "unknown",
    "parent": "ReturnStatement",
    "grandParent": "BlockStatement",
    "src": "data/js/programs_all/stylecow/stylecow/bin/ws-script.js : 8 - 8"
  },
  {
    "left": "ID:readyState",
    "right": "LIT:3",
    "op": "!==",
    "leftType": "unknown",
    "rightType": "number",
    "parent": "LogicalExpression",
    "grandParent": "IfStatement",
    "src": "data/js/programs_all/stylecow/stylecow/bin/ws-script.js : 19 - 19"
  },
  {
    "left": "ID:subject",
    "right": "LIT:connection",
    "op": "===",
    "leftType": "unknown",
    "rightType": "string",
    "parent": "IfStatement",
    "grandParent": "BlockStatement",
    "src": "data/js/programs_all/stylecow/stylecow/bin/ws-script.js : 28 - 28"
  },
  {
    "left": "LIT:Stylecow live reload is syncing: ",
    "right": "ID:baseUrl",
    "op": "+",
    "leftType": "string",
    "rightType": "unknown",
    "parent": "CallExpression",
    "grandParent": "ExpressionStatement",
    "src": "data/js/programs_all/stylecow/stylecow/bin/ws-script.js : 43 - 43"
  },
  {
    "left": "ID:subject",
    "right": "LIT:code",
    "op": "===",
    "leftType": "unknown",
    "rightType": "string",
    "parent": "IfStatement",
    "grandParent": "BlockStatement",
    "src": "data/js/programs_all/stylecow/stylecow/bin/ws-script.js : 56 - 56"
  },
  {
    "left": "ID:readyState",
    "right": "LIT:interactive",
    "op": "===",
    "leftType": "unknown",
    "rightType": "string",
    "parent": "IfStatement",
    "grandParent": "BlockStatement",
    "src": "data/js/programs_all/styledown/styledown/data/styledown.js : 7 - 7"
  },
  {
    "left": "ID:length",
    "right": "LIT:1",
    "op": "-",
    "leftType": "unknown",
    "rightType": "number",
    "parent": "VariableDeclarator",
    "grandParent": "VariableDeclaration",
    "src": "data/js/programs_all/styledown/styledown/data/styledown.js : 16 - 16"
  },
  {
    "left": "ID:i",
    "right": "LIT:0",
    "op": ">=",
    "leftType": "unknown",
    "rightType": "number",
    "parent": "ForStatement",
    "grandParent": "BlockStatement",
    "src": "data/js/programs_all/styledown/styledown/data/styledown.js : 16 - 16"
  },
  {
    "left": "ID:callbacks",
    "right": "ID:undefined",
    "op": "!==",
    "leftType": "unknown",
    "rightType": "undefined",
    "parent": "IfStatement",
    "grandParent": "BlockStatement",
    "src": "data/js/programs_all/stylemistake/bitwig-apc40/lib/events.js : 8 - 8"
  },
  {
    "left": "ID:callbacks",
    "right": "ID:undefined",
    "op": "===",
    "leftType": "unknown",
    "rightType": "undefined",
    "parent": "IfStatement",
    "grandParent": "BlockStatement",
    "src": "data/js/programs_all/stylemistake/bitwig-apc40/lib/events.js : 18 - 18"
  },
  {
    "left": "LIT:%",
    "right": "ID:type",
    "op": "==",
    "leftType": "string",
    "rightType": "unknown",
    "parent": "IfStatement",
    "grandParent": "SwitchCase",
    "src": "data/js/programs_all/stylus/stylus/lib/functions/index.js : 89 - 89"
  },
  {
    "left": "LIT:%",
    "right": "ID:type",
    "op": "==",
    "leftType": "string",
    "rightType": "unknown",
    "parent": "LogicalExpression",
    "grandParent": "IfStatement",
    "src": "data/js/programs_all/stylus/stylus/lib/functions/index.js : 101 - 101"
  },
  {
    "left": "LIT:1",
    "right": "ID:length",
    "op": "==",
    "leftType": "number",
    "rightType": "unknown",
    "parent": "IfStatement",
    "grandParent": "BlockStatement",
    "src": "data/js/programs_all/stylus/stylus/lib/functions/index.js : 130 - 130"
  },
  {
    "left": "LIT:invalid color component \"",
    "right": "ID:name",
    "op": "+",
    "leftType": "string",
    "rightType": "unknown",
    "parent": "BinaryExpression",
    "grandParent": "NewExpression",
    "src": "data/js/programs_all/stylus/stylus/lib/functions/index.js : 189 - 189"
  },
  {
    "left": "LIT:%",
    "right": "ID:type",
    "op": "==",
    "leftType": "string",
    "rightType": "unknown",
    "parent": "IfStatement",
    "grandParent": "SwitchCase",
    "src": "data/js/programs_all/stylus/stylus/lib/functions/index.js : 499 - 499"
  },
  {
    "left": "LIT:%",
    "right": "ID:type",
    "op": "==",
    "leftType": "string",
    "rightType": "unknown",
    "parent": "ConditionalExpression",
    "grandParent": "VariableDeclarator",
    "src": "data/js/programs_all/stylus/stylus/lib/functions/index.js : 510 - 510"
  },
  {
    "left": "ID:val",
    "right": "LIT:2.55",
    "op": "*",
    "leftType": "unknown",
    "rightType": "number",
    "parent": "CallExpression",
    "grandParent": "ConditionalExpression",
    "src": "data/js/programs_all/stylus/stylus/lib/functions/index.js : 510 - 510"
  },
  {
    "left": "LIT:%",
    "right": "ID:type",
    "op": "==",
    "leftType": "string",
    "rightType": "unknown",
    "parent": "ConditionalExpression",
    "grandParent": "VariableDeclarator",
    "src": "data/js/programs_all/stylus/stylus/lib/functions/index.js : 511 - 511"
  },
  {
    "left": "ID:val",
    "right": "LIT:2.55",
    "op": "*",
    "leftType": "unknown",
    "rightType": "number",
    "parent": "CallExpression",
    "grandParent": "ConditionalExpression",
    "src": "data/js/programs_all/stylus/stylus/lib/functions/index.js : 511 - 511"
  },
  {
    "left": "LIT:%",
    "right": "ID:type",
    "op": "==",
    "leftType": "string",
    "rightType": "unknown",
    "parent": "ConditionalExpression",
    "grandParent": "VariableDeclarator",
    "src": "data/js/programs_all/stylus/stylus/lib/functions/index.js : 512 - 512"
  },
  {
    "left": "ID:val",
    "right": "LIT:2.55",
    "op": "*",
    "leftType": "unknown",
    "rightType": "number",
    "parent": "CallExpression",
    "grandParent": "ConditionalExpression",
    "src": "data/js/programs_all/stylus/stylus/lib/functions/index.js : 512 - 512"
  },
  {
    "left": "LIT:%",
    "right": "ID:type",
    "op": "==",
    "leftType": "string",
    "rightType": "unknown",
    "parent": "LogicalExpression",
    "grandParent": "IfStatement",
    "src": "data/js/programs_all/stylus/stylus/lib/functions/index.js : 515 - 515"
  },
  {
    "left": "ID:r",
    "right": "ID:a",
    "op": "*",
    "leftType": "unknown",
    "rightType": "unknown",
    "parent": "BinaryExpression",
    "grandParent": "NewExpression",
    "src": "data/js/programs_all/stylus/stylus/lib/functions/index.js : 590 - 590"
  },
  {
    "left": "LIT:1",
    "right": "ID:a",
    "op": "-",
    "leftType": "number",
    "rightType": "unknown",
    "parent": "BinaryExpression",
    "grandParent": "BinaryExpression",
    "src": "data/js/programs_all/stylus/stylus/lib/functions/index.js : 590 - 590"
  },
  {
    "left": "ID:g",
    "right": "ID:a",
    "op": "*",
    "leftType": "unknown",
    "rightType": "unknown",
    "parent": "BinaryExpression",
    "grandParent": "NewExpression",
    "src": "data/js/programs_all/stylus/stylus/lib/functions/index.js : 591 - 591"
  },
  {
    "left": "LIT:1",
    "right": "ID:a",
    "op": "-",
    "leftType": "number",
    "rightType": "unknown",
    "parent": "BinaryExpression",
    "grandParent": "BinaryExpression",
    "src": "data/js/programs_all/stylus/stylus/lib/functions/index.js : 591 - 591"
  },
  {
    "left": "ID:b",
    "right": "ID:a",
    "op": "*",
    "leftType": "unknown",
    "rightType": "unknown",
    "parent": "BinaryExpression",
    "grandParent": "NewExpression",
    "src": "data/js/programs_all/stylus/stylus/lib/functions/index.js : 592 - 592"
  },
  {
    "left": "LIT:1",
    "right": "ID:a",
    "op": "-",
    "leftType": "number",
    "rightType": "unknown",
    "parent": "BinaryExpression",
    "grandParent": "BinaryExpression",
    "src": "data/js/programs_all/stylus/stylus/lib/functions/index.js : 592 - 592"
  },
  {
    "left": "ID:a",
    "right": "ID:a",
    "op": "+",
    "leftType": "unknown",
    "rightType": "unknown",
    "parent": "BinaryExpression",
    "grandParent": "NewExpression",
    "src": "data/js/programs_all/stylus/stylus/lib/functions/index.js : 593 - 593"
  },
  {
    "left": "ID:a",
    "right": "ID:a",
    "op": "*",
    "leftType": "unknown",
    "rightType": "unknown",
    "parent": "BinaryExpression",
    "grandParent": "NewExpression",
    "src": "data/js/programs_all/stylus/stylus/lib/functions/index.js : 593 - 593"
  },
  {
    "left": "ID:channel",
    "right": "LIT:255",
    "op": "/",
    "leftType": "unknown",
    "rightType": "number",
    "parent": "AssignmentExpression",
    "grandParent": "ExpressionStatement",
    "src": "data/js/programs_all/stylus/stylus/lib/functions/index.js : 620 - 620"
  },
  {
    "left": "LIT:0.03928",
    "right": "ID:channel",
    "op": ">",
    "leftType": "number",
    "rightType": "unknown",
    "parent": "ConditionalExpression",
    "grandParent": "ReturnStatement",
    "src": "data/js/programs_all/stylus/stylus/lib/functions/index.js : 621 - 621"
  },
  {
    "left": "ID:channel",
    "right": "LIT:12.92",
    "op": "/",
    "leftType": "unknown",
    "rightType": "number",
    "parent": "ConditionalExpression",
    "grandParent": "ReturnStatement",
    "src": "data/js/programs_all/stylus/stylus/lib/functions/index.js : 622 - 622"
  },
  {
    "left": "ID:channel",
    "right": "LIT:0.055",
    "op": "+",
    "leftType": "unknown",
    "rightType": "number",
    "parent": "BinaryExpression",
    "grandParent": "CallExpression",
    "src": "data/js/programs_all/stylus/stylus/lib/functions/index.js : 623 - 623"
  },
  {
    "left": "LIT:0.2126",
    "right": "ID:processChannel",
    "op": "*",
    "leftType": "number",
    "rightType": "unknown",
    "parent": "BinaryExpression",
    "grandParent": "BinaryExpression",
    "src": "data/js/programs_all/stylus/stylus/lib/functions/index.js : 626 - 626"
  },
  {
    "left": "LIT:0.7152",
    "right": "ID:processChannel",
    "op": "*",
    "leftType": "number",
    "rightType": "unknown",
    "parent": "BinaryExpression",
    "grandParent": "BinaryExpression",
    "src": "data/js/programs_all/stylus/stylus/lib/functions/index.js : 627 - 627"
  },
  {
    "left": "LIT:0.0722",
    "right": "ID:processChannel",
    "op": "*",
    "leftType": "number",
    "rightType": "unknown",
    "parent": "BinaryExpression",
    "grandParent": "NewExpression",
    "src": "data/js/programs_all/stylus/stylus/lib/functions/index.js : 628 - 628"
  },
  {
    "left": "LIT:rgba",
    "right": "ID:nodeName",
    "op": "!=",
    "leftType": "string",
    "rightType": "unknown",
    "parent": "LogicalExpression",
    "grandParent": "IfStatement",
    "src": "data/js/programs_all/stylus/stylus/lib/functions/index.js : 652 - 652"
  },
  {
    "left": "LIT:hsla",
    "right": "ID:nodeName",
    "op": "!=",
    "leftType": "string",
    "rightType": "unknown",
    "parent": "LogicalExpression",
    "grandParent": "IfStatement",
    "src": "data/js/programs_all/stylus/stylus/lib/functions/index.js : 652 - 652"
  },
  {
    "left": "LIT:1",
    "right": "ID:a",
    "op": ">",
    "leftType": "number",
    "rightType": "unknown",
    "parent": "IfStatement",
    "grandParent": "BlockStatement",
    "src": "data/js/programs_all/stylus/stylus/lib/functions/index.js : 661 - 661"
  },
  {
    "left": "ID:val",
    "right": "LIT:0.05",
    "op": "+",
    "leftType": "unknown",
    "rightType": "number",
    "parent": "VariableDeclarator",
    "grandParent": "VariableDeclaration",
    "src": "data/js/programs_all/stylus/stylus/lib/functions/index.js : 664 - 664"
  },
  {
    "left": "ID:val",
    "right": "LIT:0.05",
    "op": "+",
    "leftType": "unknown",
    "rightType": "number",
    "parent": "VariableDeclarator",
    "grandParent": "VariableDeclaration",
    "src": "data/js/programs_all/stylus/stylus/lib/functions/index.js : 665 - 665"
  },
  {
    "left": "ID:l1",
    "right": "ID:l2",
    "op": "/",
    "leftType": "unknown",
    "rightType": "unknown",
    "parent": "VariableDeclarator",
    "grandParent": "VariableDeclaration",
    "src": "data/js/programs_all/stylus/stylus/lib/functions/index.js : 666 - 666"
  },
  {
    "left": "ID:l2",
    "right": "ID:l1",
    "op": ">",
    "leftType": "unknown",
    "rightType": "unknown",
    "parent": "IfStatement",
    "grandParent": "BlockStatement",
    "src": "data/js/programs_all/stylus/stylus/lib/functions/index.js : 668 - 668"
  },
  {
    "left": "LIT:1",
    "right": "ID:ratio",
    "op": "/",
    "leftType": "number",
    "rightType": "unknown",
    "parent": "AssignmentExpression",
    "grandParent": "ExpressionStatement",
    "src": "data/js/programs_all/stylus/stylus/lib/functions/index.js : 669 - 669"
  },
  {
    "left": "ID:round",
    "right": "LIT:10",
    "op": "/",
    "leftType": "unknown",
    "rightType": "number",
    "parent": "ReturnStatement",
    "grandParent": "BlockStatement",
    "src": "data/js/programs_all/stylus/stylus/lib/functions/index.js : 671 - 671"
  },
  {
    "left": "ID:ratio",
    "right": "LIT:10",
    "op": "*",
    "leftType": "unknown",
    "rightType": "number",
    "parent": "CallExpression",
    "grandParent": "BinaryExpression",
    "src": "data/js/programs_all/stylus/stylus/lib/functions/index.js : 671 - 671"
  },
  {
    "left": "LIT:1",
    "right": "ID:a",
    "op": "<=",
    "leftType": "number",
    "rightType": "unknown",
    "parent": "IfStatement",
    "grandParent": "BlockStatement",
    "src": "data/js/programs_all/stylus/stylus/lib/functions/index.js : 674 - 674"
  },
  {
    "left": "ID:bottomChannel",
    "right": "ID:a",
    "op": "*",
    "leftType": "unknown",
    "rightType": "unknown",
    "parent": "BinaryExpression",
    "grandParent": "BinaryExpression",
    "src": "data/js/programs_all/stylus/stylus/lib/functions/index.js : 685 - 685"
  },
  {
    "left": "LIT:1",
    "right": "ID:a",
    "op": "-",
    "leftType": "number",
    "rightType": "unknown",
    "parent": "BinaryExpression",
    "grandParent": "CallExpression",
    "src": "data/js/programs_all/stylus/stylus/lib/functions/index.js : 685 - 685"
  },
  {
    "left": "ID:round",
    "right": "LIT:100",
    "op": "/",
    "leftType": "unknown",
    "rightType": "number",
    "parent": "NewExpression",
    "grandParent": "CallExpression",
    "src": "data/js/programs_all/stylus/stylus/lib/functions/index.js : 695 - 695"
  },
  {
    "left": "ID:min",
    "right": "ID:max",
    "op": "+",
    "leftType": "unknown",
    "rightType": "unknown",
    "parent": "BinaryExpression",
    "grandParent": "CallExpression",
    "src": "data/js/programs_all/stylus/stylus/lib/functions/index.js : 695 - 695"
  },
  {
    "left": "ID:round",
    "right": "LIT:100",
    "op": "/",
    "leftType": "unknown",
    "rightType": "number",
    "parent": "NewExpression",
    "grandParent": "CallExpression",
    "src": "data/js/programs_all/stylus/stylus/lib/functions/index.js : 696 - 696"
  },
  {
    "left": "ID:max",
    "right": "ID:min",
    "op": "-",
    "leftType": "unknown",
    "rightType": "unknown",
    "parent": "BinaryExpression",
    "grandParent": "CallExpression",
    "src": "data/js/programs_all/stylus/stylus/lib/functions/index.js : 696 - 696"
  },
  {
    "left": "ID:top",
    "right": "ID:bottom",
    "op": "-",
    "leftType": "unknown",
    "rightType": "unknown",
    "parent": "BinaryExpression",
    "grandParent": "ReturnStatement",
    "src": "data/js/programs_all/stylus/stylus/lib/functions/index.js : 736 - 736"
  },
  {
    "left": "ID:top",
    "right": "ID:bottom",
    "op": "-",
    "leftType": "unknown",
    "rightType": "unknown",
    "parent": "BinaryExpression",
    "grandParent": "ConditionalExpression",
    "src": "data/js/programs_all/stylus/stylus/lib/functions/index.js : 736 - 736"
  },
  {
    "left": "ID:a",
    "right": "ID:b",
    "op": "<",
    "leftType": "unknown",
    "rightType": "unknown",
    "parent": "ReturnStatement",
    "grandParent": "BlockStatement",
    "src": "data/js/programs_all/stylus/stylus/lib/functions/index.js : 737 - 737"
  },
  {
    "left": "LIT:%",
    "right": "ID:type",
    "op": "==",
    "leftType": "string",
    "rightType": "unknown",
    "parent": "IfStatement",
    "grandParent": "BlockStatement",
    "src": "data/js/programs_all/stylus/stylus/lib/functions/index.js : 740 - 740"
  },
  {
    "left": "ID:val",
    "right": "LIT:100",
    "op": "/",
    "leftType": "unknown",
    "rightType": "number",
    "parent": "AssignmentExpression",
    "grandParent": "ExpressionStatement",
    "src": "data/js/programs_all/stylus/stylus/lib/functions/index.js : 741 - 741"
  },
  {
    "left": "LIT:0",
    "right": "ID:bestAlpha",
    "op": "==",
    "leftType": "number",
    "rightType": "unknown",
    "parent": "IfStatement",
    "grandParent": "BlockStatement",
    "src": "data/js/programs_all/stylus/stylus/lib/functions/index.js : 749 - 749"
  },
  {
    "left": "ID:top",
    "right": "ID:bottom",
    "op": "-",
    "leftType": "unknown",
    "rightType": "unknown",
    "parent": "BinaryExpression",
    "grandParent": "BinaryExpression",
    "src": "data/js/programs_all/stylus/stylus/lib/functions/index.js : 752 - 752"
  },
  {
    "left": "ID:round",
    "right": "LIT:100",
    "op": "/",
    "leftType": "unknown",
    "rightType": "number",
    "parent": "NewExpression",
    "grandParent": "ReturnStatement",
    "src": "data/js/programs_all/stylus/stylus/lib/functions/index.js : 759 - 759"
  },
  {
    "left": "ID:bestAlpha",
    "right": "LIT:100",
    "op": "*",
    "leftType": "unknown",
    "rightType": "number",
    "parent": "CallExpression",
    "grandParent": "BinaryExpression",
    "src": "data/js/programs_all/stylus/stylus/lib/functions/index.js : 759 - 759"
  },
  {
    "left": "LIT:failed to locate .json file ",
    "right": "ID:path",
    "op": "+",
    "leftType": "string",
    "rightType": "unknown",
    "parent": "NewExpression",
    "grandParent": "ThrowStatement",
    "src": "data/js/programs_all/stylus/stylus/lib/functions/index.js : 802 - 802"
  },
  {
    "left": "LIT:object",
    "right": "ID:nodeName",
    "op": "==",
    "leftType": "string",
    "rightType": "unknown",
    "parent": "LogicalExpression",
    "grandParent": "IfStatement",
    "src": "data/js/programs_all/stylus/stylus/lib/functions/index.js : 807 - 807"
  },
  {
    "left": "LIT:string",
    "right": "ID:nodeName",
    "op": "==",
    "leftType": "string",
    "rightType": "unknown",
    "parent": "IfStatement",
    "grandParent": "BlockStatement",
    "src": "data/js/programs_all/stylus/stylus/lib/functions/index.js : 821 - 821"
  },
  {
    "left": "ID:prefix",
    "right": "LIT:-",
    "op": "+",
    "leftType": "unknown",
    "rightType": "string",
    "parent": "ConditionalExpression",
    "grandParent": "AssignmentExpression",
    "src": "data/js/programs_all/stylus/stylus/lib/functions/index.js : 849 - 849"
  },
  {
    "left": "ID:prefix",
    "right": "ID:key",
    "op": "+",
    "leftType": "unknown",
    "rightType": "unknown",
    "parent": "VariableDeclarator",
    "grandParent": "VariableDeclaration",
    "src": "data/js/programs_all/stylus/stylus/lib/functions/index.js : 852 - 852"
  },
  {
    "left": "LIT:string",
    "right": "ID:nodeName",
    "op": "==",
    "leftType": "string",
    "rightType": "unknown",
    "parent": "IfStatement",
    "grandParent": "BlockStatement",
    "src": "data/js/programs_all/stylus/stylus/lib/functions/index.js : 857 - 857"
  },
  {
    "left": "ID:namePrefix",
    "right": "ID:name",
    "op": "+",
    "leftType": "unknown",
    "rightType": "unknown",
    "parent": "Property",
    "grandParent": "ObjectExpression",
    "src": "data/js/programs_all/stylus/stylus/lib/functions/index.js : 858 - 858"
  },
  {
    "left": "LIT:failed to locate plugin file \"",
    "right": "ID:plugin",
    "op": "+",
    "leftType": "string",
    "rightType": "unknown",
    "parent": "BinaryExpression",
    "grandParent": "NewExpression",
    "src": "data/js/programs_all/stylus/stylus/lib/functions/index.js : 886 - 886"
  },
  {
    "left": "LIT:plugin \"",
    "right": "ID:plugin",
    "op": "+",
    "leftType": "string",
    "rightType": "unknown",
    "parent": "BinaryExpression",
    "grandParent": "NewExpression",
    "src": "data/js/programs_all/stylus/stylus/lib/functions/index.js : 891 - 891"
  },
  {
    "left": "ID:valNode",
    "right": "ID:Ident",
    "op": "instanceof",
    "leftType": "unknown",
    "rightType": "unknown",
    "parent": "ConditionalExpression",
    "grandParent": "ReturnStatement",
    "src": "data/js/programs_all/stylus/stylus/lib/functions/index.js : 1047 - 1047"
  },
  {
    "left": "ID:valNode",
    "right": "ID:Ident",
    "op": "instanceof",
    "leftType": "unknown",
    "rightType": "unknown",
    "parent": "ConditionalExpression",
    "grandParent": "ReturnStatement",
    "src": "data/js/programs_all/stylus/stylus/lib/functions/index.js : 1070 - 1070"
  },
  {
    "left": "ID:valNode",
    "right": "ID:Ident",
    "op": "instanceof",
    "leftType": "unknown",
    "rightType": "unknown",
    "parent": "ConditionalExpression",
    "grandParent": "VariableDeclarator",
    "src": "data/js/programs_all/stylus/stylus/lib/functions/index.js : 1090 - 1090"
  },
  {
    "left": "ID:i",
    "right": "ID:len",
    "op": "<",
    "leftType": "unknown",
    "rightType": "unknown",
    "parent": "ForStatement",
    "grandParent": "BlockStatement",
    "src": "data/js/programs_all/stylus/stylus/lib/functions/index.js : 1093 - 1093"
  },
  {
    "left": "LIT:1",
    "right": "ID:length",
    "op": "==",
    "leftType": "number",
    "rightType": "unknown",
    "parent": "LogicalExpression",
    "grandParent": "IfStatement",
    "src": "data/js/programs_all/stylus/stylus/lib/functions/index.js : 1111 - 1111"
  },
  {
    "left": "LIT:object",
    "right": "ID:nodeName",
    "op": "==",
    "leftType": "string",
    "rightType": "unknown",
    "parent": "LogicalExpression",
    "grandParent": "IfStatement",
    "src": "data/js/programs_all/stylus/stylus/lib/functions/index.js : 1111 - 1111"
  },
  {
    "left": "ID:i",
    "right": "ID:len",
    "op": "<",
    "leftType": "unknown",
    "rightType": "unknown",
    "parent": "ForStatement",
    "grandParent": "BlockStatement",
    "src": "data/js/programs_all/stylus/stylus/lib/functions/index.js : 1188 - 1188"
  },
  {
    "left": "ID:i",
    "right": "ID:len",
    "op": "<",
    "leftType": "unknown",
    "rightType": "unknown",
    "parent": "ForStatement",
    "grandParent": "BlockStatement",
    "src": "data/js/programs_all/stylus/stylus/lib/functions/index.js : 1218 - 1218"
  },
  {
    "left": "LIT:unit",
    "right": "ID:nodeName",
    "op": "!=",
    "leftType": "string",
    "rightType": "unknown",
    "parent": "IfStatement",
    "grandParent": "SwitchCase",
    "src": "data/js/programs_all/stylus/stylus/lib/functions/index.js : 1263 - 1263"
  },
  {
    "left": "ID:length",
    "right": "ID:width",
    "op": "<",
    "leftType": "unknown",
    "rightType": "unknown",
    "parent": "WhileStatement",
    "grandParent": "BlockStatement",
    "src": "data/js/programs_all/stylus/stylus/lib/functions/index.js : 1289 - 1289"
  },
  {
    "left": "LIT:0",
    "right": "ID:result",
    "op": "+",
    "leftType": "string",
    "rightType": "unknown",
    "parent": "AssignmentExpression",
    "grandParent": "ExpressionStatement",
    "src": "data/js/programs_all/stylus/stylus/lib/functions/index.js : 1290 - 1290"
  },
  {
    "left": "LIT:position ",
    "right": "ID:i",
    "op": "+",
    "leftType": "string",
    "rightType": "unknown",
    "parent": "CallExpression",
    "grandParent": "ExpressionStatement",
    "src": "data/js/programs_all/stylus/stylus/lib/functions/index.js : 1311 - 1311"
  },
  {
    "left": "LIT:invalid position ",
    "right": "ID:pos",
    "op": "+",
    "leftType": "string",
    "rightType": "unknown",
    "parent": "NewExpression",
    "grandParent": "ThrowStatement",
    "src": "data/js/programs_all/stylus/stylus/lib/functions/index.js : 1318 - 1318"
  },
  {
    "left": "ID:type",
    "right": "LIT:deg",
    "op": "===",
    "leftType": "unknown",
    "rightType": "string",
    "parent": "IfStatement",
    "grandParent": "BlockStatement",
    "src": "data/js/programs_all/stylus/stylus/lib/functions/index.js : 1392 - 1392"
  },
  {
    "left": "ID:PI",
    "right": "LIT:180",
    "op": "/",
    "leftType": "unknown",
    "rightType": "number",
    "parent": "AssignmentExpression",
    "grandParent": "ExpressionStatement",
    "src": "data/js/programs_all/stylus/stylus/lib/functions/index.js : 1393 - 1393"
  },
  {
    "left": "ID:round",
    "right": "ID:m",
    "op": "/",
    "leftType": "unknown",
    "rightType": "unknown",
    "parent": "VariableDeclarator",
    "grandParent": "VariableDeclaration",
    "src": "data/js/programs_all/stylus/stylus/lib/functions/index.js : 1398 - 1398"
  },
  {
    "left": "ID:sin",
    "right": "ID:m",
    "op": "*",
    "leftType": "unknown",
    "rightType": "unknown",
    "parent": "CallExpression",
    "grandParent": "BinaryExpression",
    "src": "data/js/programs_all/stylus/stylus/lib/functions/index.js : 1398 - 1398"
  },
  {
    "left": "ID:round",
    "right": "ID:m",
    "op": "/",
    "leftType": "unknown",
    "rightType": "unknown",
    "parent": "VariableDeclarator",
    "grandParent": "VariableDeclaration",
    "src": "data/js/programs_all/stylus/stylus/lib/functions/index.js : 1399 - 1399"
  },
  {
    "left": "ID:cos",
    "right": "ID:m",
    "op": "*",
    "leftType": "unknown",
    "rightType": "unknown",
    "parent": "CallExpression",
    "grandParent": "BinaryExpression",
    "src": "data/js/programs_all/stylus/stylus/lib/functions/index.js : 1399 - 1399"
  },
  {
    "left": "ID:round",
    "right": "ID:m",
    "op": "/",
    "leftType": "unknown",
    "rightType": "unknown",
    "parent": "VariableDeclarator",
    "grandParent": "VariableDeclaration",
    "src": "data/js/programs_all/stylus/stylus/lib/functions/index.js : 1400 - 1400"
  },
  {
    "left": "ID:m",
    "right": "ID:sin",
    "op": "*",
    "leftType": "unknown",
    "rightType": "unknown",
    "parent": "BinaryExpression",
    "grandParent": "CallExpression",
    "src": "data/js/programs_all/stylus/stylus/lib/functions/index.js : 1400 - 1400"
  },
  {
    "left": "LIT:%",
    "right": "ID:type",
    "op": "==",
    "leftType": "string",
    "rightType": "unknown",
    "parent": "IfStatement",
    "grandParent": "BlockStatement",
    "src": "data/js/programs_all/stylus/stylus/lib/functions/index.js : 1450 - 1450"
  },
  {
    "left": "LIT:l",
    "right": "ID:prop",
    "op": "==",
    "leftType": "string",
    "rightType": "unknown",
    "parent": "LogicalExpression",
    "grandParent": "ConditionalExpression",
    "src": "data/js/programs_all/stylus/stylus/lib/functions/index.js : 1451 - 1451"
  },
  {
    "left": "ID:val",
    "right": "LIT:0",
    "op": ">",
    "leftType": "unknown",
    "rightType": "number",
    "parent": "LogicalExpression",
    "grandParent": "ConditionalExpression",
    "src": "data/js/programs_all/stylus/stylus/lib/functions/index.js : 1451 - 1451"
  },
  {
    "left": "LIT:100",
    "right": "ID:hsl",
    "op": "-",
    "leftType": "number",
    "rightType": "unknown",
    "parent": "BinaryExpression",
    "grandParent": "BinaryExpression",
    "src": "data/js/programs_all/stylus/stylus/lib/functions/index.js : 1452 - 1452"
  },
  {
    "left": "ID:val",
    "right": "LIT:100",
    "op": "/",
    "leftType": "unknown",
    "rightType": "number",
    "parent": "BinaryExpression",
    "grandParent": "ConditionalExpression",
    "src": "data/js/programs_all/stylus/stylus/lib/functions/index.js : 1453 - 1453"
  },
  {
    "left": "ID:length",
    "right": "LIT:1",
    "op": "-",
    "leftType": "unknown",
    "rightType": "number",
    "parent": "MemberExpression",
    "grandParent": "CallExpression",
    "src": "data/js/programs_all/stylus/stylus/lib/functions/index.js : 1513 - 1513"
  },
  {
    "left": "LIT:true",
    "right": "ID:val",
    "op": "===",
    "leftType": "boolean",
    "rightType": "unknown",
    "parent": "VariableDeclarator",
    "grandParent": "VariableDeclaration",
    "src": "data/js/programs_all/stylus/stylus/lib/functions/index.js : 1514 - 1514"
  },
  {
    "left": "ID:length",
    "right": "ID:deep",
    "op": "-",
    "leftType": "unknown",
    "rightType": "unknown",
    "parent": "VariableDeclarator",
    "grandParent": "VariableDeclaration",
    "src": "data/js/programs_all/stylus/stylus/lib/functions/index.js : 1516 - 1516"
  },
  {
    "left": "ID:i",
    "right": "ID:len",
    "op": "<",
    "leftType": "unknown",
    "rightType": "unknown",
    "parent": "ForStatement",
    "grandParent": "BlockStatement",
    "src": "data/js/programs_all/stylus/stylus/lib/functions/index.js : 1516 - 1516"
  },
  {
    "left": "LIT:string",
    "right": "ID:nodeName",
    "op": "==",
    "leftType": "string",
    "rightType": "unknown",
    "parent": "LogicalExpression",
    "grandParent": "IfStatement",
    "src": "data/js/programs_all/stylus/stylus/lib/functions/index.js : 1549 - 1549"
  },
  {
    "left": "LIT:/",
    "right": "ID:charAt",
    "op": "!==",
    "leftType": "string",
    "rightType": "unknown",
    "parent": "LogicalExpression",
    "grandParent": "IfStatement",
    "src": "data/js/programs_all/stylus/stylus/lib/functions/index.js : 1550 - 1550"
  },
  {
    "left": "ID:string",
    "right": "ID:__selectorsMap__",
    "op": "in",
    "leftType": "unknown",
    "rightType": "unknown",
    "parent": "ReturnStatement",
    "grandParent": "BlockStatement",
    "src": "data/js/programs_all/stylus/stylus/lib/functions/index.js : 1579 - 1579"
  },
  {
    "left": "LIT:media",
    "right": "ID:nodeName",
    "op": "==",
    "leftType": "string",
    "rightType": "unknown",
    "parent": "IfStatement",
    "grandParent": "BlockStatement",
    "src": "data/js/programs_all/stylus/stylus/lib/functions/index.js : 1614 - 1614"
  },
  {
    "left": "LIT:0",
    "right": "ID:val",
    "op": "==",
    "leftType": "number",
    "rightType": "unknown",
    "parent": "IfStatement",
    "grandParent": "BlockStatement",
    "src": "data/js/programs_all/stylus/stylus/lib/functions/index.js : 1662 - 1662"
  },
  {
    "left": "ID:i",
    "right": "ID:val",
    "op": "<=",
    "leftType": "unknown",
    "rightType": "unknown",
    "parent": "ForStatement",
    "grandParent": "BlockStatement",
    "src": "data/js/programs_all/stylus/stylus/lib/functions/index.js : 1669 - 1669"
  },
  {
    "left": "ID:substr",
    "right": "LIT:#",
    "op": "===",
    "leftType": "unknown",
    "rightType": "string",
    "parent": "IfStatement",
    "grandParent": "BlockStatement",
    "src": "data/js/programs_all/stylus/stylus/lib/functions/index.js : 1700 - 1700"
  },
  {
    "left": "ID:length",
    "right": "LIT:4",
    "op": "===",
    "leftType": "unknown",
    "rightType": "number",
    "parent": "VariableDeclarator",
    "grandParent": "VariableDeclaration",
    "src": "data/js/programs_all/stylus/stylus/lib/functions/index.js : 1702 - 1702"
  },
  {
    "left": "ID:s",
    "right": "ID:s",
    "op": "+",
    "leftType": "unknown",
    "rightType": "unknown",
    "parent": "ConditionalExpression",
    "grandParent": "CallExpression",
    "src": "data/js/programs_all/stylus/stylus/lib/functions/index.js : 1706 - 1706"
  },
  {
    "left": "ID:substr",
    "right": "LIT:rgb",
    "op": "===",
    "leftType": "unknown",
    "rightType": "string",
    "parent": "IfStatement",
    "grandParent": "IfStatement",
    "src": "data/js/programs_all/stylus/stylus/lib/functions/index.js : 1709 - 1709"
  },
  {
    "left": "ID:i",
    "right": "ID:len",
    "op": "<",
    "leftType": "unknown",
    "rightType": "unknown",
    "parent": "ForStatement",
    "grandParent": "BlockStatement",
    "src": "data/js/programs_all/stylus/stylus/lib/functions/index.js : 1748 - 1748"
  },
  {
    "left": "ID:extname",
    "right": "LIT:.css",
    "op": "===",
    "leftType": "unknown",
    "rightType": "string",
    "parent": "IfStatement",
    "grandParent": "BlockStatement",
    "src": "data/js/programs_all/stylus/stylus/lib/visitor/sourcemapper.js : 41 - 41"
  },
  {
    "left": "ID:basename",
    "right": "LIT:.css",
    "op": "+",
    "leftType": "unknown",
    "rightType": "string",
    "parent": "AssignmentExpression",
    "grandParent": "ExpressionStatement",
    "src": "data/js/programs_all/stylus/stylus/lib/visitor/sourcemapper.js : 44 - 44"
  },
  {
    "left": "ID:basename",
    "right": "LIT:.map",
    "op": "+",
    "leftType": "unknown",
    "rightType": "string",
    "parent": "VariableDeclarator",
    "grandParent": "VariableDeclaration",
    "src": "data/js/programs_all/stylus/stylus/lib/visitor/sourcemapper.js : 70 - 70"
  },
  {
    "left": "LIT:data:application/json;base64,",
    "right": "ID:toString",
    "op": "+",
    "leftType": "string",
    "rightType": "unknown",
    "parent": "AssignmentExpression",
    "grandParent": "ExpressionStatement",
    "src": "data/js/programs_all/stylus/stylus/lib/visitor/sourcemapper.js : 78 - 78"
  },
  {
    "left": "LIT:false",
    "right": "ID:comment",
    "op": "!==",
    "leftType": "boolean",
    "rightType": "unknown",
    "parent": "LogicalExpression",
    "grandParent": "IfStatement",
    "src": "data/js/programs_all/stylus/stylus/lib/visitor/sourcemapper.js : 80 - 80"
  },
  {
    "left": "LIT:/*# sourceMappingURL=",
    "right": "ID:url",
    "op": "+",
    "leftType": "string",
    "rightType": "unknown",
    "parent": "BinaryExpression",
    "grandParent": "AssignmentExpression",
    "src": "data/js/programs_all/stylus/stylus/lib/visitor/sourcemapper.js : 81 - 81"
  },
  {
    "left": "ID:column",
    "right": "LIT:1",
    "op": "-",
    "leftType": "unknown",
    "rightType": "number",
    "parent": "Property",
    "grandParent": "ObjectExpression",
    "src": "data/js/programs_all/stylus/stylus/lib/visitor/sourcemapper.js : 101 - 101"
  },
  {
    "left": "ID:column",
    "right": "LIT:1",
    "op": "-",
    "leftType": "unknown",
    "rightType": "number",
    "parent": "Property",
    "grandParent": "ObjectExpression",
    "src": "data/js/programs_all/stylus/stylus/lib/visitor/sourcemapper.js : 105 - 105"
  },
  {
    "left": "ID:length",
    "right": "ID:idx",
    "op": "-",
    "leftType": "unknown",
    "rightType": "unknown",
    "parent": "ConditionalExpression",
    "grandParent": "AssignmentExpression",
    "src": "data/js/programs_all/stylus/stylus/lib/visitor/sourcemapper.js : 133 - 133"
  },
  {
    "left": "ID:column",
    "right": "ID:length",
    "op": "+",
    "leftType": "unknown",
    "rightType": "unknown",
    "parent": "ConditionalExpression",
    "grandParent": "AssignmentExpression",
    "src": "data/js/programs_all/stylus/stylus/lib/visitor/sourcemapper.js : 134 - 134"
  },
  {
    "left": "LIT:\\",
    "right": "ID:sep",
    "op": "==",
    "leftType": "string",
    "rightType": "unknown",
    "parent": "IfStatement",
    "grandParent": "BlockStatement",
    "src": "data/js/programs_all/stylus/stylus/lib/visitor/sourcemapper.js : 147 - 147"
  },
  {
    "left": "ID:length",
    "right": "LIT:1",
    "op": ">",
    "leftType": "unknown",
    "rightType": "number",
    "parent": "IfStatement",
    "grandParent": "BlockStatement",
    "src": "data/js/programs_all/stylus/stylus/lib/visitor/sourcemapper.js : 166 - 166"
  },
  {
    "left": "ID:lineno",
    "right": "ID:i",
    "op": "+",
    "leftType": "unknown",
    "rightType": "unknown",
    "parent": "Property",
    "grandParent": "ObjectExpression",
    "src": "data/js/programs_all/stylus/stylus/lib/visitor/sourcemapper.js : 177 - 177"
  },
  {
    "left": "ID:lineno",
    "right": "ID:i",
    "op": "+",
    "leftType": "unknown",
    "rightType": "unknown",
    "parent": "Property",
    "grandParent": "ObjectExpression",
    "src": "data/js/programs_all/stylus/stylus/lib/visitor/sourcemapper.js : 181 - 181"
  },
  {
    "left": "ID:type",
    "right": "LIT:group",
    "op": "===",
    "leftType": "unknown",
    "rightType": "string",
    "parent": "IfStatement",
    "grandParent": "BlockStatement",
    "src": "data/js/programs_all/subhog/meteor-crater/forms/fetch/fetch.js : 5 - 5"
  },
  {
    "left": "ID:type",
    "right": "LIT:multi",
    "op": "===",
    "leftType": "unknown",
    "rightType": "string",
    "parent": "IfStatement",
    "grandParent": "IfStatement",
    "src": "data/js/programs_all/subhog/meteor-crater/forms/fetch/fetch.js : 9 - 9"
  },
  {
    "left": "LIT:.crater-form-",
    "right": "ID:prefix",
    "op": "+",
    "leftType": "string",
    "rightType": "unknown",
    "parent": "BinaryExpression",
    "grandParent": "BinaryExpression",
    "src": "data/js/programs_all/subhog/meteor-crater/forms/fetch/fetch.js : 10 - 10"
  },
  {
    "left": "ID:prefix",
    "right": "LIT:-",
    "op": "+",
    "leftType": "unknown",
    "rightType": "string",
    "parent": "BinaryExpression",
    "grandParent": "BinaryExpression",
    "src": "data/js/programs_all/subhog/meteor-crater/forms/fetch/fetch.js : 17 - 17"
  },
  {
    "left": "ID:type",
    "right": "LIT:radio",
    "op": "===",
    "leftType": "unknown",
    "rightType": "string",
    "parent": "IfStatement",
    "grandParent": "IfStatement",
    "src": "data/js/programs_all/subhog/meteor-crater/forms/fetch/fetch.js : 25 - 25"
  },
  {
    "left": "LIT:#crater-form-",
    "right": "ID:prefix",
    "op": "+",
    "leftType": "string",
    "rightType": "unknown",
    "parent": "BinaryExpression",
    "grandParent": "BinaryExpression",
    "src": "data/js/programs_all/subhog/meteor-crater/forms/fetch/fetch.js : 29 - 29"
  },
  {
    "left": "ID:type",
    "right": "LIT:checkbox",
    "op": "===",
    "leftType": "unknown",
    "rightType": "string",
    "parent": "IfStatement",
    "grandParent": "IfStatement",
    "src": "data/js/programs_all/subhog/meteor-crater/forms/fetch/fetch.js : 37 - 37"
  },
  {
    "left": "LIT:#crater-form-",
    "right": "ID:prefix",
    "op": "+",
    "leftType": "string",
    "rightType": "unknown",
    "parent": "BinaryExpression",
    "grandParent": "BinaryExpression",
    "src": "data/js/programs_all/subhog/meteor-crater/forms/fetch/fetch.js : 38 - 38"
  },
  {
    "left": "ID:type",
    "right": "LIT:info",
    "op": "===",
    "leftType": "unknown",
    "rightType": "string",
    "parent": "IfStatement",
    "grandParent": "IfStatement",
    "src": "data/js/programs_all/subhog/meteor-crater/forms/fetch/fetch.js : 40 - 40"
  },
  {
    "left": "LIT:#crater-form-",
    "right": "ID:prefix",
    "op": "+",
    "leftType": "string",
    "rightType": "unknown",
    "parent": "BinaryExpression",
    "grandParent": "BinaryExpression",
    "src": "data/js/programs_all/subhog/meteor-crater/forms/fetch/fetch.js : 43 - 43"
  },
  {
    "left": "ID:type",
    "right": "LIT:datetime",
    "op": "===",
    "leftType": "unknown",
    "rightType": "string",
    "parent": "IfStatement",
    "grandParent": "BlockStatement",
    "src": "data/js/programs_all/subhog/meteor-crater/forms/fetch/fetch.js : 44 - 44"
  },
  {
    "left": "ID:type",
    "right": "LIT:number",
    "op": "===",
    "leftType": "unknown",
    "rightType": "string",
    "parent": "IfStatement",
    "grandParent": "IfStatement",
    "src": "data/js/programs_all/subhog/meteor-crater/forms/fetch/fetch.js : 46 - 46"
  },
  {
    "left": "ID:i",
    "right": "ID:length",
    "op": "<",
    "leftType": "unknown",
    "rightType": "unknown",
    "parent": "ForStatement",
    "grandParent": "BlockStatement",
    "src": "data/js/programs_all/subrosa-io/subrosa-client/src/js/app-emoticons.js : 14 - 14"
  },
  {
    "left": "ID:length",
    "right": "LIT:2",
    "op": "-",
    "leftType": "unknown",
    "rightType": "number",
    "parent": "CallExpression",
    "grandParent": "VariableDeclarator",
    "src": "data/js/programs_all/subrosa-io/subrosa-client/src/js/app-emoticons.js : 15 - 15"
  },
  {
    "left": "LIT:<i class=\"emoji emoji-",
    "right": "ID:innerCode",
    "op": "+",
    "leftType": "string",
    "rightType": "unknown",
    "parent": "BinaryExpression",
    "grandParent": "BinaryExpression",
    "src": "data/js/programs_all/subrosa-io/subrosa-client/src/js/app-emoticons.js : 18 - 18"
  },
  {
    "left": "LIT: ",
    "right": "ID:msg",
    "op": "+",
    "leftType": "string",
    "rightType": "unknown",
    "parent": "AssignmentExpression",
    "grandParent": "ExpressionStatement",
    "src": "data/js/programs_all/subrosa-io/subrosa-client/src/js/app-emoticons.js : 23 - 23"
  },
  {
    "left": "LIT: ",
    "right": "ID:shortcut",
    "op": "+",
    "leftType": "string",
    "rightType": "unknown",
    "parent": "CallExpression",
    "grandParent": "BinaryExpression",
    "src": "data/js/programs_all/subrosa-io/subrosa-client/src/js/app-emoticons.js : 27 - 27"
  },
  {
    "left": "LIT: ",
    "right": "ID:shortcut",
    "op": "+",
    "leftType": "string",
    "rightType": "unknown",
    "parent": "CallExpression",
    "grandParent": "VariableDeclarator",
    "src": "data/js/programs_all/subrosa-io/subrosa-client/src/js/app-emoticons.js : 28 - 28"
  },
  {
    "left": "ID:substr",
    "right": "LIT: <i class=\"emoji emoji-",
    "op": "+",
    "leftType": "unknown",
    "rightType": "string",
    "parent": "BinaryExpression",
    "grandParent": "BinaryExpression",
    "src": "data/js/programs_all/subrosa-io/subrosa-client/src/js/app-emoticons.js : 29 - 29"
  },
  {
    "left": "ID:shortcutBegin",
    "right": "LIT:1",
    "op": "+",
    "leftType": "unknown",
    "rightType": "number",
    "parent": "BinaryExpression",
    "grandParent": "CallExpression",
    "src": "data/js/programs_all/subrosa-io/subrosa-client/src/js/app-emoticons.js : 29 - 29"
  },
  {
    "left": "ID:i",
    "right": "ID:length",
    "op": "<",
    "leftType": "unknown",
    "rightType": "unknown",
    "parent": "ForStatement",
    "grandParent": "BlockStatement",
    "src": "data/js/programs_all/subrosa-io/subrosa-client/src/js/app-emoticons.js : 38 - 38"
  },
  {
    "left": "LIT:<i class=\"emoji emoji-",
    "right": "ID:pickerSubset",
    "op": "+",
    "leftType": "string",
    "rightType": "unknown",
    "parent": "BinaryExpression",
    "grandParent": "BinaryExpression",
    "src": "data/js/programs_all/subrosa-io/subrosa-client/src/js/app-emoticons.js : 39 - 39"
  },
  {
    "left": "ID:val",
    "right": "LIT: ",
    "op": "+",
    "leftType": "unknown",
    "rightType": "string",
    "parent": "BinaryExpression",
    "grandParent": "BinaryExpression",
    "src": "data/js/programs_all/subrosa-io/subrosa-client/src/js/app-emoticons.js : 44 - 44"
  },
  {
    "left": "ID:readyState",
    "right": "ID:OPEN",
    "op": "==",
    "leftType": "unknown",
    "rightType": "unknown",
    "parent": "IfStatement",
    "grandParent": "BlockStatement",
    "src": "data/js/programs_all/subrosa-io/subrosa-server/main.js : 21 - 21"
  },
  {
    "left": "ID:length",
    "right": "LIT:0",
    "op": ">",
    "leftType": "unknown",
    "rightType": "number",
    "parent": "IfStatement",
    "grandParent": "BlockStatement",
    "src": "data/js/programs_all/subrosa-io/subrosa-server/main.js : 29 - 29"
  },
  {
    "left": "ID:message",
    "right": "LIT:{",
    "op": "==",
    "leftType": "unknown",
    "rightType": "string",
    "parent": "IfStatement",
    "grandParent": "BlockStatement",
    "src": "data/js/programs_all/subrosa-io/subrosa-server/main.js : 30 - 30"
  },
  {
    "left": "LIT:Invalid JSON message received:",
    "right": "ID:error",
    "op": "+",
    "leftType": "string",
    "rightType": "unknown",
    "parent": "CallExpression",
    "grandParent": "ExpressionStatement",
    "src": "data/js/programs_all/subrosa-io/subrosa-server/main.js : 34 - 34"
  },
  {
    "left": "LIT:Unrecognized mapping: ",
    "right": "ID:sockType",
    "op": "+",
    "leftType": "string",
    "rightType": "unknown",
    "parent": "CallExpression",
    "grandParent": "ExpressionStatement",
    "src": "data/js/programs_all/subrosa-io/subrosa-server/main.js : 40 - 40"
  },
  {
    "left": "LIT:No message type specified:",
    "right": "ID:sockType",
    "op": "+",
    "leftType": "string",
    "rightType": "unknown",
    "parent": "CallExpression",
    "grandParent": "ExpressionStatement",
    "src": "data/js/programs_all/subrosa-io/subrosa-server/main.js : 43 - 43"
  },
  {
    "left": "LIT:user:",
    "right": "ID:uid",
    "op": "+",
    "leftType": "string",
    "rightType": "unknown",
    "parent": "CallExpression",
    "grandParent": "ExpressionStatement",
    "src": "data/js/programs_all/subrosa-io/subrosa-server/main.js : 54 - 54"
  },
  {
    "left": "ID:i",
    "right": "ID:length",
    "op": "<",
    "leftType": "unknown",
    "rightType": "unknown",
    "parent": "ForStatement",
    "grandParent": "BlockStatement",
    "src": "data/js/programs_all/subrosa-io/subrosa-server/main.js : 84 - 84"
  },
  {
    "left": "LIT:20",
    "right": "LIT:1000",
    "op": "*",
    "leftType": "number",
    "rightType": "number",
    "parent": "CallExpression",
    "grandParent": "ExpressionStatement",
    "src": "data/js/programs_all/subrosa-io/subrosa-server/main.js : 101 - 101"
  },
  {
    "left": "LIT:20",
    "right": "LIT:1000",
    "op": "*",
    "leftType": "number",
    "rightType": "number",
    "parent": "CallExpression",
    "grandParent": "ExpressionStatement",
    "src": "data/js/programs_all/subrosa-io/subrosa-server/main.js : 102 - 102"
  },
  {
    "left": "LIT:60",
    "right": "LIT:1000",
    "op": "*",
    "leftType": "number",
    "rightType": "number",
    "parent": "BinaryExpression",
    "grandParent": "BinaryExpression",
    "src": "data/js/programs_all/subrosa-io/subrosa-server/main.js : 107 - 107"
  },
  {
    "left": "LIT:60",
    "right": "LIT:1000",
    "op": "*",
    "leftType": "number",
    "rightType": "number",
    "parent": "BinaryExpression",
    "grandParent": "BinaryExpression",
    "src": "data/js/programs_all/subrosa-io/subrosa-server/main.js : 122 - 122"
  },
  {
    "left": "LIT:WARNING: Rebinding for ",
    "right": "ID:type",
    "op": "+",
    "leftType": "string",
    "rightType": "unknown",
    "parent": "CallExpression",
    "grandParent": "ExpressionStatement",
    "src": "data/js/programs_all/subrosa-io/subrosa-server/main.js : 136 - 136"
  },
  {
    "left": "ID:sorted",
    "right": "LIT:-",
    "op": "+",
    "leftType": "unknown",
    "rightType": "string",
    "parent": "BinaryExpression",
    "grandParent": "ReturnStatement",
    "src": "data/js/programs_all/subrosa-io/subrosa-server/main.js : 142 - 142"
  },
  {
    "left": "ID:i",
    "right": "ID:length",
    "op": "<",
    "leftType": "unknown",
    "rightType": "unknown",
    "parent": "ForStatement",
    "grandParent": "BlockStatement",
    "src": "data/js/programs_all/subrosa-io/subrosa-server/main.js : 151 - 151"
  },
  {
    "left": "ID:toUIDarray",
    "right": "ID:exceptUID",
    "op": "!==",
    "leftType": "unknown",
    "rightType": "unknown",
    "parent": "LogicalExpression",
    "grandParent": "IfStatement",
    "src": "data/js/programs_all/subrosa-io/subrosa-server/main.js : 152 - 152"
  },
  {
    "left": "LIT:user:",
    "right": "ID:uid",
    "op": "+",
    "leftType": "string",
    "rightType": "unknown",
    "parent": "CallExpression",
    "grandParent": "ExpressionStatement",
    "src": "data/js/programs_all/subrosa-io/subrosa-server/main.js : 173 - 173"
  },
  {
    "left": "LIT:conv:",
    "right": "ID:roomid",
    "op": "+",
    "leftType": "string",
    "rightType": "unknown",
    "parent": "CallExpression",
    "grandParent": "ExpressionStatement",
    "src": "data/js/programs_all/subrosa-io/subrosa-server/main.js : 183 - 183"
  },
  {
    "left": "ID:ranks",
    "right": "ID:rankRequired",
    "op": "<",
    "leftType": "unknown",
    "rightType": "unknown",
    "parent": "LogicalExpression",
    "grandParent": "IfStatement",
    "src": "data/js/programs_all/subrosa-io/subrosa-server/main.js : 186 - 186"
  },
  {
    "left": "ID:ranks",
    "right": "ID:ranks",
    "op": "<=",
    "leftType": "unknown",
    "rightType": "unknown",
    "parent": "LogicalExpression",
    "grandParent": "LogicalExpression",
    "src": "data/js/programs_all/subrosa-io/subrosa-server/main.js : 188 - 188"
  },
  {
    "left": "ID:ranks",
    "right": "LIT:9",
    "op": "!=",
    "leftType": "unknown",
    "rightType": "number",
    "parent": "LogicalExpression",
    "grandParent": "IfStatement",
    "src": "data/js/programs_all/subrosa-io/subrosa-server/main.js : 188 - 188"
  },
  {
    "left": "ID:i",
    "right": "ID:length",
    "op": "<",
    "leftType": "unknown",
    "rightType": "unknown",
    "parent": "ForStatement",
    "grandParent": "BlockStatement",
    "src": "data/js/programs_all/subrosa-io/subrosa-server/main.js : 205 - 205"
  },
  {
    "left": "ID:replace",
    "right": "LIT:^",
    "op": "+",
    "leftType": "unknown",
    "rightType": "string",
    "parent": "AssignmentExpression",
    "grandParent": "ExpressionStatement",
    "src": "data/js/programs_all/subrosa-io/subrosa-server/main.js : 206 - 206"
  },
  {
    "left": "LIT:&",
    "right": "ID:substr",
    "op": "+",
    "leftType": "string",
    "rightType": "unknown",
    "parent": "ReturnStatement",
    "grandParent": "BlockStatement",
    "src": "data/js/programs_all/subrosa-io/subrosa-server/main.js : 208 - 208"
  },
  {
    "left": "ID:length",
    "right": "LIT:1",
    "op": "-",
    "leftType": "unknown",
    "rightType": "number",
    "parent": "CallExpression",
    "grandParent": "BinaryExpression",
    "src": "data/js/programs_all/subrosa-io/subrosa-server/main.js : 208 - 208"
  },
  {
    "left": "ID:i",
    "right": "ID:il",
    "op": "<",
    "leftType": "unknown",
    "rightType": "unknown",
    "parent": "ForStatement",
    "grandParent": "BlockStatement",
    "src": "data/js/programs_all/subrosa-io/subrosa-server/main.js : 219 - 219"
  },
  {
    "left": "ID:input",
    "right": "LIT:&",
    "op": "==",
    "leftType": "unknown",
    "rightType": "string",
    "parent": "LogicalExpression",
    "grandParent": "IfStatement",
    "src": "data/js/programs_all/subrosa-io/subrosa-server/main.js : 221 - 221"
  },
  {
    "left": "ID:i",
    "right": "LIT:0",
    "op": "==",
    "leftType": "unknown",
    "rightType": "number",
    "parent": "LogicalExpression",
    "grandParent": "LogicalExpression",
    "src": "data/js/programs_all/subrosa-io/subrosa-server/main.js : 221 - 221"
  },
  {
    "left": "ID:input",
    "right": "LIT:!",
    "op": "!=",
    "leftType": "unknown",
    "rightType": "string",
    "parent": "LogicalExpression",
    "grandParent": "LogicalExpression",
    "src": "data/js/programs_all/subrosa-io/subrosa-server/main.js : 221 - 221"
  },
  {
    "left": "ID:i",
    "right": "LIT:1",
    "op": "-",
    "leftType": "unknown",
    "rightType": "number",
    "parent": "MemberExpression",
    "grandParent": "BinaryExpression",
    "src": "data/js/programs_all/subrosa-io/subrosa-server/main.js : 221 - 221"
  },
  {
    "left": "ID:input",
    "right": "LIT:!",
    "op": "==",
    "leftType": "unknown",
    "rightType": "string",
    "parent": "LogicalExpression",
    "grandParent": "IfStatement",
    "src": "data/js/programs_all/subrosa-io/subrosa-server/main.js : 225 - 225"
  },
  {
    "left": "ID:il",
    "right": "LIT:1",
    "op": "-",
    "leftType": "unknown",
    "rightType": "number",
    "parent": "BinaryExpression",
    "grandParent": "LogicalExpression",
    "src": "data/js/programs_all/subrosa-io/subrosa-server/main.js : 225 - 225"
  },
  {
    "left": "ID:il",
    "right": "LIT:2",
    "op": "-",
    "leftType": "unknown",
    "rightType": "number",
    "parent": "BinaryExpression",
    "grandParent": "IfStatement",
    "src": "data/js/programs_all/subrosa-io/subrosa-server/main.js : 226 - 226"
  },
  {
    "left": "ID:i",
    "right": "LIT:1",
    "op": "+",
    "leftType": "unknown",
    "rightType": "number",
    "parent": "MemberExpression",
    "grandParent": "AssignmentExpression",
    "src": "data/js/programs_all/subrosa-io/subrosa-server/main.js : 227 - 227"
  },
  {
    "left": "ID:input",
    "right": "LIT:^",
    "op": "==",
    "leftType": "unknown",
    "rightType": "string",
    "parent": "IfStatement",
    "grandParent": "IfStatement",
    "src": "data/js/programs_all/subrosa-io/subrosa-server/main.js : 230 - 230"
  },
  {
    "left": "ID:input",
    "right": "LIT:&",
    "op": "==",
    "leftType": "unknown",
    "rightType": "string",
    "parent": "LogicalExpression",
    "grandParent": "IfStatement",
    "src": "data/js/programs_all/subrosa-io/subrosa-server/main.js : 233 - 233"
  },
  {
    "left": "ID:il",
    "right": "LIT:1",
    "op": "-",
    "leftType": "unknown",
    "rightType": "number",
    "parent": "BinaryExpression",
    "grandParent": "LogicalExpression",
    "src": "data/js/programs_all/subrosa-io/subrosa-server/main.js : 233 - 233"
  },
  {
    "left": "ID:il",
    "right": "LIT:1",
    "op": "-",
    "leftType": "unknown",
    "rightType": "number",
    "parent": "BinaryExpression",
    "grandParent": "IfStatement",
    "src": "data/js/programs_all/subrosa-io/subrosa-server/main.js : 234 - 234"
  },
  {
    "left": "ID:length",
    "right": "LIT:5",
    "op": "==",
    "leftType": "unknown",
    "rightType": "number",
    "parent": "IfStatement",
    "grandParent": "BlockStatement",
    "src": "data/js/programs_all/subrosa-io/subrosa-server/main.js : 239 - 239"
  },
  {
    "left": "LIT:main.js 248: currentObj length is ",
    "right": "ID:length",
    "op": "+",
    "leftType": "string",
    "rightType": "unknown",
    "parent": "CallExpression",
    "grandParent": "ExpressionStatement",
    "src": "data/js/programs_all/subrosa-io/subrosa-server/main.js : 242 - 242"
  },
  {
    "left": "ID:length",
    "right": "LIT:0",
    "op": "===",
    "leftType": "unknown",
    "rightType": "number",
    "parent": "IfStatement",
    "grandParent": "BlockStatement",
    "src": "data/js/programs_all/substack/airport/index.js : 49 - 49"
  },
  {
    "left": "ID:key",
    "right": "ID:secret",
    "op": "!==",
    "leftType": "unknown",
    "rightType": "unknown",
    "parent": "IfStatement",
    "grandParent": "IfStatement",
    "src": "data/js/programs_all/substack/airport/index.js : 150 - 150"
  },
  {
    "left": "ID:res",
    "right": "ID:undefined",
    "op": "!==",
    "leftType": "unknown",
    "rightType": "undefined",
    "parent": "IfStatement",
    "grandParent": "BlockStatement",
    "src": "data/js/programs_all/substack/airport/index.js : 154 - 154"
  }
]