[
  {
    "left": "ID:e",
    "right": "ID:$block",
    "op": "in",
    "leftType": "unknown",
    "rightType": "unknown",
    "parent": "LogicalExpression",
    "grandParent": "Property",
    "src": "data/js/programs_all/sca-/sails-ckeditor-sample/assets/ckeditor/plugins/htmlwriter/plugin.js : 84 - 84"
  },
  {
    "left": "ID:tagName",
    "right": "LIT:pre",
    "op": "==",
    "leftType": "unknown",
    "rightType": "string",
    "parent": "LogicalExpression",
    "grandParent": "ExpressionStatement",
    "src": "data/js/programs_all/sca-/sails-ckeditor-sample/assets/ckeditor/plugins/htmlwriter/plugin.js : 166 - 166"
  },
  {
    "left": "ID:tagName",
    "right": "LIT:pre",
    "op": "==",
    "leftType": "unknown",
    "rightType": "string",
    "parent": "LogicalExpression",
    "grandParent": "ExpressionStatement",
    "src": "data/js/programs_all/sca-/sails-ckeditor-sample/assets/ckeditor/plugins/htmlwriter/plugin.js : 213 - 213"
  },
  {
    "left": "ID:length",
    "right": "LIT:0",
    "op": ">",
    "leftType": "unknown",
    "rightType": "number",
    "parent": "LogicalExpression",
    "grandParent": "IfStatement",
    "src": "data/js/programs_all/sca-/sails-ckeditor-sample/assets/ckeditor/plugins/htmlwriter/plugin.js : 262 - 262"
  },
  {
    "left": "ID:aMatch",
    "right": "LIT:%",
    "op": "==",
    "leftType": "unknown",
    "rightType": "string",
    "parent": "IfStatement",
    "grandParent": "BlockStatement",
    "src": "data/js/programs_all/sca-/sails-ckeditor-sample/assets/ckeditor/plugins/image/dialogs/image.js : 23 - 23"
  },
  {
    "left": "ID:getCustomData",
    "right": "LIT:true",
    "op": "==",
    "leftType": "unknown",
    "rightType": "string",
    "parent": "IfStatement",
    "grandParent": "BlockStatement",
    "src": "data/js/programs_all/sca-/sails-ckeditor-sample/assets/ckeditor/plugins/image/dialogs/image.js : 31 - 31"
  },
  {
    "left": "ID:id",
    "right": "LIT:txtHeight",
    "op": "==",
    "leftType": "unknown",
    "rightType": "string",
    "parent": "IfStatement",
    "grandParent": "BlockStatement",
    "src": "data/js/programs_all/sca-/sails-ckeditor-sample/assets/ckeditor/plugins/image/dialogs/image.js : 32 - 32"
  },
  {
    "left": "ID:value",
    "right": "LIT:0",
    "op": "!=",
    "leftType": "unknown",
    "rightType": "string",
    "parent": "LogicalExpression",
    "grandParent": "IfStatement",
    "src": "data/js/programs_all/sca-/sails-ckeditor-sample/assets/ckeditor/plugins/image/dialogs/image.js : 33 - 33"
  },
  {
    "left": "ID:value",
    "right": "ID:height",
    "op": "/",
    "leftType": "unknown",
    "rightType": "unknown",
    "parent": "BinaryExpression",
    "grandParent": "CallExpression",
    "src": "data/js/programs_all/sca-/sails-ckeditor-sample/assets/ckeditor/plugins/image/dialogs/image.js : 34 - 34"
  },
  {
    "left": "ID:value",
    "right": "LIT:0",
    "op": "!=",
    "leftType": "unknown",
    "rightType": "string",
    "parent": "LogicalExpression",
    "grandParent": "IfStatement",
    "src": "data/js/programs_all/sca-/sails-ckeditor-sample/assets/ckeditor/plugins/image/dialogs/image.js : 39 - 39"
  },
  {
    "left": "ID:value",
    "right": "ID:width",
    "op": "/",
    "leftType": "unknown",
    "rightType": "unknown",
    "parent": "BinaryExpression",
    "grandParent": "CallExpression",
    "src": "data/js/programs_all/sca-/sails-ckeditor-sample/assets/ckeditor/plugins/image/dialogs/image.js : 40 - 40"
  },
  {
    "left": "ID:id",
    "right": "LIT:txtdlgGenStyle",
    "op": "!=",
    "leftType": "unknown",
    "rightType": "string",
    "parent": "LogicalExpression",
    "grandParent": "IfStatement",
    "src": "data/js/programs_all/sca-/sails-ckeditor-sample/assets/ckeditor/plugins/image/dialogs/image.js : 68 - 68"
  },
  {
    "left": "ID:i",
    "right": "ID:length",
    "op": "<",
    "leftType": "unknown",
    "rightType": "unknown",
    "parent": "ForStatement",
    "grandParent": "BlockStatement",
    "src": "data/js/programs_all/sca-/sails-ckeditor-sample/assets/ckeditor/plugins/image/dialogs/image.js : 93 - 93"
  },
  {
    "left": "ID:value",
    "right": "LIT:check",
    "op": "==",
    "leftType": "unknown",
    "rightType": "string",
    "parent": "IfStatement",
    "grandParent": "BlockStatement",
    "src": "data/js/programs_all/sca-/sails-ckeditor-sample/assets/ckeditor/plugins/image/dialogs/image.js : 114 - 114"
  },
  {
    "left": "ID:getCustomData",
    "right": "LIT:true",
    "op": "==",
    "leftType": "unknown",
    "rightType": "string",
    "parent": "LogicalExpression",
    "grandParent": "IfStatement",
    "src": "data/js/programs_all/sca-/sails-ckeditor-sample/assets/ckeditor/plugins/image/dialogs/image.js : 115 - 115"
  },
  {
    "left": "ID:width",
    "right": "LIT:1000",
    "op": "*",
    "leftType": "unknown",
    "rightType": "number",
    "parent": "BinaryExpression",
    "grandParent": "VariableDeclarator",
    "src": "data/js/programs_all/sca-/sails-ckeditor-sample/assets/ckeditor/plugins/image/dialogs/image.js : 118 - 118"
  },
  {
    "left": "ID:width",
    "right": "LIT:1000",
    "op": "*",
    "leftType": "unknown",
    "rightType": "number",
    "parent": "BinaryExpression",
    "grandParent": "VariableDeclarator",
    "src": "data/js/programs_all/sca-/sails-ckeditor-sample/assets/ckeditor/plugins/image/dialogs/image.js : 119 - 119"
  },
  {
    "left": "ID:round",
    "right": "ID:round",
    "op": "==",
    "leftType": "unknown",
    "rightType": "unknown",
    "parent": "IfStatement",
    "grandParent": "BlockStatement",
    "src": "data/js/programs_all/sca-/sails-ckeditor-sample/assets/ckeditor/plugins/image/dialogs/image.js : 125 - 125"
  },
  {
    "left": "ID:value",
    "right": "ID:undefined",
    "op": "!=",
    "leftType": "unknown",
    "rightType": "undefined",
    "parent": "IfStatement",
    "grandParent": "IfStatement",
    "src": "data/js/programs_all/sca-/sails-ckeditor-sample/assets/ckeditor/plugins/image/dialogs/image.js : 129 - 129"
  },
  {
    "left": "ID:getCustomData",
    "right": "LIT:true",
    "op": "==",
    "leftType": "unknown",
    "rightType": "string",
    "parent": "IfStatement",
    "grandParent": "BlockStatement",
    "src": "data/js/programs_all/sca-/sails-ckeditor-sample/assets/ckeditor/plugins/image/dialogs/image.js : 155 - 155"
  },
  {
    "left": "ID:type",
    "right": "ID:IMAGE",
    "op": "!=",
    "leftType": "unknown",
    "rightType": "unknown",
    "parent": "IfStatement",
    "grandParent": "BlockStatement",
    "src": "data/js/programs_all/sca-/sails-ckeditor-sample/assets/ckeditor/plugins/image/dialogs/image.js : 165 - 165"
  },
  {
    "left": "ID:aMatch",
    "right": "LIT:%",
    "op": "==",
    "leftType": "unknown",
    "rightType": "string",
    "parent": "IfStatement",
    "grandParent": "BlockStatement",
    "src": "data/js/programs_all/sca-/sails-ckeditor-sample/assets/ckeditor/plugins/image/dialogs/image.js : 171 - 171"
  },
  {
    "left": "ID:id",
    "right": "LIT:txtWidth",
    "op": "==",
    "leftType": "unknown",
    "rightType": "string",
    "parent": "ConditionalExpression",
    "grandParent": "VariableDeclarator",
    "src": "data/js/programs_all/sca-/sails-ckeditor-sample/assets/ckeditor/plugins/image/dialogs/image.js : 183 - 183"
  },
  {
    "left": "ID:path",
    "right": "LIT:images/noimage.png",
    "op": "+",
    "leftType": "unknown",
    "rightType": "string",
    "parent": "CallExpression",
    "grandParent": "VariableDeclarator",
    "src": "data/js/programs_all/sca-/sails-ckeditor-sample/assets/ckeditor/plugins/image/dialogs/image.js : 227 - 227"
  },
  {
    "left": "ID:getNextId",
    "right": "LIT:_",
    "op": "+",
    "leftType": "unknown",
    "rightType": "string",
    "parent": "BinaryExpression",
    "grandParent": "ReturnStatement",
    "src": "data/js/programs_all/sca-/sails-ckeditor-sample/assets/ckeditor/plugins/image/dialogs/image.js : 238 - 238"
  },
  {
    "left": "ID:dialogType",
    "right": "LIT:image",
    "op": "==",
    "leftType": "unknown",
    "rightType": "string",
    "parent": "ConditionalExpression",
    "grandParent": "MemberExpression",
    "src": "data/js/programs_all/sca-/sails-ckeditor-sample/assets/ckeditor/plugins/image/dialogs/image.js : 247 - 247"
  },
  {
    "left": "ID:count",
    "right": "LIT:1",
    "op": "==",
    "leftType": "unknown",
    "rightType": "number",
    "parent": "IfStatement",
    "grandParent": "BlockStatement",
    "src": "data/js/programs_all/sca-/sails-ckeditor-sample/assets/ckeditor/plugins/image/dialogs/image.js : 286 - 286"
  },
  {
    "left": "ID:childTagName",
    "right": "LIT:img",
    "op": "==",
    "leftType": "unknown",
    "rightType": "string",
    "parent": "LogicalExpression",
    "grandParent": "IfStatement",
    "src": "data/js/programs_all/sca-/sails-ckeditor-sample/assets/ckeditor/plugins/image/dialogs/image.js : 289 - 289"
  },
  {
    "left": "ID:childTagName",
    "right": "LIT:input",
    "op": "==",
    "leftType": "unknown",
    "rightType": "string",
    "parent": "LogicalExpression",
    "grandParent": "IfStatement",
    "src": "data/js/programs_all/sca-/sails-ckeditor-sample/assets/ckeditor/plugins/image/dialogs/image.js : 289 - 289"
  },
  {
    "left": "ID:getName",
    "right": "LIT:img",
    "op": "==",
    "leftType": "unknown",
    "rightType": "string",
    "parent": "IfStatement",
    "grandParent": "BlockStatement",
    "src": "data/js/programs_all/sca-/sails-ckeditor-sample/assets/ckeditor/plugins/image/dialogs/image.js : 291 - 291"
  },
  {
    "left": "ID:getName",
    "right": "LIT:input",
    "op": "==",
    "leftType": "unknown",
    "rightType": "string",
    "parent": "IfStatement",
    "grandParent": "IfStatement",
    "src": "data/js/programs_all/sca-/sails-ckeditor-sample/assets/ckeditor/plugins/image/dialogs/image.js : 293 - 293"
  },
  {
    "left": "ID:dialogType",
    "right": "LIT:image",
    "op": "==",
    "leftType": "unknown",
    "rightType": "string",
    "parent": "IfStatement",
    "grandParent": "BlockStatement",
    "src": "data/js/programs_all/sca-/sails-ckeditor-sample/assets/ckeditor/plugins/image/dialogs/image.js : 298 - 298"
  },
  {
    "left": "ID:getName",
    "right": "LIT:img",
    "op": "==",
    "leftType": "unknown",
    "rightType": "string",
    "parent": "LogicalExpression",
    "grandParent": "LogicalExpression",
    "src": "data/js/programs_all/sca-/sails-ckeditor-sample/assets/ckeditor/plugins/image/dialogs/image.js : 308 - 308"
  },
  {
    "left": "ID:getName",
    "right": "LIT:input",
    "op": "==",
    "leftType": "unknown",
    "rightType": "string",
    "parent": "LogicalExpression",
    "grandParent": "LogicalExpression",
    "src": "data/js/programs_all/sca-/sails-ckeditor-sample/assets/ckeditor/plugins/image/dialogs/image.js : 309 - 309"
  },
  {
    "left": "ID:getAttribute",
    "right": "LIT:image",
    "op": "==",
    "leftType": "unknown",
    "rightType": "string",
    "parent": "LogicalExpression",
    "grandParent": "LogicalExpression",
    "src": "data/js/programs_all/sca-/sails-ckeditor-sample/assets/ckeditor/plugins/image/dialogs/image.js : 309 - 309"
  },
  {
    "left": "ID:dialogType",
    "right": "LIT:image",
    "op": "==",
    "leftType": "unknown",
    "rightType": "string",
    "parent": "LogicalExpression",
    "grandParent": "LogicalExpression",
    "src": "data/js/programs_all/sca-/sails-ckeditor-sample/assets/ckeditor/plugins/image/dialogs/image.js : 340 - 340"
  },
  {
    "left": "ID:imgTagName",
    "right": "LIT:input",
    "op": "==",
    "leftType": "unknown",
    "rightType": "string",
    "parent": "LogicalExpression",
    "grandParent": "LogicalExpression",
    "src": "data/js/programs_all/sca-/sails-ckeditor-sample/assets/ckeditor/plugins/image/dialogs/image.js : 340 - 340"
  },
  {
    "left": "ID:dialogType",
    "right": "LIT:image",
    "op": "!=",
    "leftType": "unknown",
    "rightType": "string",
    "parent": "LogicalExpression",
    "grandParent": "LogicalExpression",
    "src": "data/js/programs_all/sca-/sails-ckeditor-sample/assets/ckeditor/plugins/image/dialogs/image.js : 348 - 348"
  },
  {
    "left": "ID:imgTagName",
    "right": "LIT:img",
    "op": "==",
    "leftType": "unknown",
    "rightType": "string",
    "parent": "LogicalExpression",
    "grandParent": "LogicalExpression",
    "src": "data/js/programs_all/sca-/sails-ckeditor-sample/assets/ckeditor/plugins/image/dialogs/image.js : 348 - 348"
  },
  {
    "left": "ID:dialogType",
    "right": "LIT:image",
    "op": "==",
    "leftType": "unknown",
    "rightType": "string",
    "parent": "IfStatement",
    "grandParent": "BlockStatement",
    "src": "data/js/programs_all/sca-/sails-ckeditor-sample/assets/ckeditor/plugins/image/dialogs/image.js : 365 - 365"
  },
  {
    "left": "ID:dialogType",
    "right": "LIT:image",
    "op": "!=",
    "leftType": "unknown",
    "rightType": "string",
    "parent": "IfStatement",
    "grandParent": "BlockStatement",
    "src": "data/js/programs_all/sca-/sails-ckeditor-sample/assets/ckeditor/plugins/image/dialogs/image.js : 412 - 412"
  },
  {
    "left": "ID:length",
    "right": "LIT:0",
    "op": ">",
    "leftType": "unknown",
    "rightType": "number",
    "parent": "IfStatement",
    "grandParent": "BlockStatement",
    "src": "data/js/programs_all/sca-/sails-ckeditor-sample/assets/ckeditor/plugins/image/dialogs/image.js : 462 - 462"
  },
  {
    "left": "ID:type",
    "right": "ID:IMAGE",
    "op": "==",
    "leftType": "unknown",
    "rightType": "unknown",
    "parent": "IfStatement",
    "grandParent": "BlockStatement",
    "src": "data/js/programs_all/sca-/sails-ckeditor-sample/assets/ckeditor/plugins/image/dialogs/image.js : 492 - 492"
  },
  {
    "left": "ID:type",
    "right": "ID:IMAGE",
    "op": "==",
    "leftType": "unknown",
    "rightType": "unknown",
    "parent": "LogicalExpression",
    "grandParent": "IfStatement",
    "src": "data/js/programs_all/sca-/sails-ckeditor-sample/assets/ckeditor/plugins/image/dialogs/image.js : 504 - 504"
  },
  {
    "left": "ID:type",
    "right": "ID:CLEANUP",
    "op": "==",
    "leftType": "unknown",
    "rightType": "unknown",
    "parent": "IfStatement",
    "grandParent": "IfStatement",
    "src": "data/js/programs_all/sca-/sails-ckeditor-sample/assets/ckeditor/plugins/image/dialogs/image.js : 507 - 507"
  },
  {
    "left": "ID:type",
    "right": "ID:IMAGE",
    "op": "==",
    "leftType": "unknown",
    "rightType": "unknown",
    "parent": "IfStatement",
    "grandParent": "BlockStatement",
    "src": "data/js/programs_all/sca-/sails-ckeditor-sample/assets/ckeditor/plugins/image/dialogs/image.js : 539 - 539"
  },
  {
    "left": "ID:type",
    "right": "ID:IMAGE",
    "op": "==",
    "leftType": "unknown",
    "rightType": "unknown",
    "parent": "IfStatement",
    "grandParent": "BlockStatement",
    "src": "data/js/programs_all/sca-/sails-ckeditor-sample/assets/ckeditor/plugins/image/dialogs/image.js : 543 - 543"
  },
  {
    "left": "ID:type",
    "right": "ID:PREVIEW",
    "op": "==",
    "leftType": "unknown",
    "rightType": "unknown",
    "parent": "IfStatement",
    "grandParent": "IfStatement",
    "src": "data/js/programs_all/sca-/sails-ckeditor-sample/assets/ckeditor/plugins/image/dialogs/image.js : 546 - 546"
  },
  {
    "left": "ID:type",
    "right": "ID:CLEANUP",
    "op": "==",
    "leftType": "unknown",
    "rightType": "unknown",
    "parent": "IfStatement",
    "grandParent": "IfStatement",
    "src": "data/js/programs_all/sca-/sails-ckeditor-sample/assets/ckeditor/plugins/image/dialogs/image.js : 548 - 548"
  },
  {
    "left": "ID:parseInt",
    "right": "LIT:0",
    "op": "!==",
    "leftType": "unknown",
    "rightType": "number",
    "parent": "LogicalExpression",
    "grandParent": "UnaryExpression",
    "src": "data/js/programs_all/sca-/sails-ckeditor-sample/assets/ckeditor/plugins/image/dialogs/image.js : 580 - 580"
  },
  {
    "left": "ID:type",
    "right": "ID:IMAGE",
    "op": "==",
    "leftType": "unknown",
    "rightType": "unknown",
    "parent": "IfStatement",
    "grandParent": "BlockStatement",
    "src": "data/js/programs_all/sca-/sails-ckeditor-sample/assets/ckeditor/plugins/image/dialogs/image.js : 588 - 588"
  },
  {
    "left": "ID:type",
    "right": "ID:PREVIEW",
    "op": "==",
    "leftType": "unknown",
    "rightType": "unknown",
    "parent": "IfStatement",
    "grandParent": "IfStatement",
    "src": "data/js/programs_all/sca-/sails-ckeditor-sample/assets/ckeditor/plugins/image/dialogs/image.js : 595 - 595"
  },
  {
    "left": "ID:getCustomData",
    "right": "LIT:true",
    "op": "==",
    "leftType": "unknown",
    "rightType": "string",
    "parent": "IfStatement",
    "grandParent": "BlockStatement",
    "src": "data/js/programs_all/sca-/sails-ckeditor-sample/assets/ckeditor/plugins/image/dialogs/image.js : 599 - 599"
  },
  {
    "left": "ID:width",
    "right": "LIT:px",
    "op": "+",
    "leftType": "unknown",
    "rightType": "string",
    "parent": "CallExpression",
    "grandParent": "ExpressionStatement",
    "src": "data/js/programs_all/sca-/sails-ckeditor-sample/assets/ckeditor/plugins/image/dialogs/image.js : 600 - 600"
  },
  {
    "left": "ID:type",
    "right": "ID:CLEANUP",
    "op": "==",
    "leftType": "unknown",
    "rightType": "unknown",
    "parent": "IfStatement",
    "grandParent": "IfStatement",
    "src": "data/js/programs_all/sca-/sails-ckeditor-sample/assets/ckeditor/plugins/image/dialogs/image.js : 603 - 603"
  },
  {
    "left": "ID:parseInt",
    "right": "LIT:0",
    "op": "!==",
    "leftType": "unknown",
    "rightType": "number",
    "parent": "LogicalExpression",
    "grandParent": "UnaryExpression",
    "src": "data/js/programs_all/sca-/sails-ckeditor-sample/assets/ckeditor/plugins/image/dialogs/image.js : 620 - 620"
  },
  {
    "left": "ID:type",
    "right": "ID:IMAGE",
    "op": "==",
    "leftType": "unknown",
    "rightType": "unknown",
    "parent": "IfStatement",
    "grandParent": "BlockStatement",
    "src": "data/js/programs_all/sca-/sails-ckeditor-sample/assets/ckeditor/plugins/image/dialogs/image.js : 628 - 628"
  },
  {
    "left": "ID:type",
    "right": "ID:PREVIEW",
    "op": "==",
    "leftType": "unknown",
    "rightType": "unknown",
    "parent": "IfStatement",
    "grandParent": "IfStatement",
    "src": "data/js/programs_all/sca-/sails-ckeditor-sample/assets/ckeditor/plugins/image/dialogs/image.js : 635 - 635"
  },
  {
    "left": "ID:getCustomData",
    "right": "LIT:true",
    "op": "==",
    "leftType": "unknown",
    "rightType": "string",
    "parent": "IfStatement",
    "grandParent": "BlockStatement",
    "src": "data/js/programs_all/sca-/sails-ckeditor-sample/assets/ckeditor/plugins/image/dialogs/image.js : 639 - 639"
  },
  {
    "left": "ID:height",
    "right": "LIT:px",
    "op": "+",
    "leftType": "unknown",
    "rightType": "string",
    "parent": "CallExpression",
    "grandParent": "ExpressionStatement",
    "src": "data/js/programs_all/sca-/sails-ckeditor-sample/assets/ckeditor/plugins/image/dialogs/image.js : 640 - 640"
  },
  {
    "left": "ID:type",
    "right": "ID:CLEANUP",
    "op": "==",
    "leftType": "unknown",
    "rightType": "unknown",
    "parent": "IfStatement",
    "grandParent": "IfStatement",
    "src": "data/js/programs_all/sca-/sails-ckeditor-sample/assets/ckeditor/plugins/image/dialogs/image.js : 643 - 643"
  },
  {
    "left": "ID:getCustomData",
    "right": "LIT:true",
    "op": "==",
    "leftType": "unknown",
    "rightType": "string",
    "parent": "LogicalExpression",
    "grandParent": "IfStatement",
    "src": "data/js/programs_all/sca-/sails-ckeditor-sample/assets/ckeditor/plugins/image/dialogs/image.js : 678 - 678"
  },
  {
    "left": "ID:height",
    "right": "ID:width",
    "op": "/",
    "leftType": "unknown",
    "rightType": "unknown",
    "parent": "BinaryExpression",
    "grandParent": "VariableDeclarator",
    "src": "data/js/programs_all/sca-/sails-ckeditor-sample/assets/ckeditor/plugins/image/dialogs/image.js : 679 - 679"
  },
  {
    "left": "LIT:<div>",
    "right": "LIT:<a href=\"javascript:void(0)\" tabindex=\"-1\" title=\"",
    "op": "+",
    "leftType": "string",
    "rightType": "string",
    "parent": "BinaryExpression",
    "grandParent": "BinaryExpression",
    "src": "data/js/programs_all/sca-/sails-ckeditor-sample/assets/ckeditor/plugins/image/dialogs/image.js : 695 - 696"
  },
  {
    "left": "ID:type",
    "right": "ID:IMAGE",
    "op": "==",
    "leftType": "unknown",
    "rightType": "unknown",
    "parent": "IfStatement",
    "grandParent": "BlockStatement",
    "src": "data/js/programs_all/sca-/sails-ckeditor-sample/assets/ckeditor/plugins/image/dialogs/image.js : 723 - 723"
  },
  {
    "left": "ID:type",
    "right": "ID:IMAGE",
    "op": "==",
    "leftType": "unknown",
    "rightType": "unknown",
    "parent": "LogicalExpression",
    "grandParent": "IfStatement",
    "src": "data/js/programs_all/sca-/sails-ckeditor-sample/assets/ckeditor/plugins/image/dialogs/image.js : 734 - 734"
  },
  {
    "left": "ID:type",
    "right": "ID:PREVIEW",
    "op": "==",
    "leftType": "unknown",
    "rightType": "unknown",
    "parent": "LogicalExpression",
    "grandParent": "IfStatement",
    "src": "data/js/programs_all/sca-/sails-ckeditor-sample/assets/ckeditor/plugins/image/dialogs/image.js : 734 - 734"
  },
  {
    "left": "ID:type",
    "right": "ID:IMAGE",
    "op": "==",
    "leftType": "unknown",
    "rightType": "unknown",
    "parent": "LogicalExpression",
    "grandParent": "IfStatement",
    "src": "data/js/programs_all/sca-/sails-ckeditor-sample/assets/ckeditor/plugins/image/dialogs/image.js : 741 - 741"
  },
  {
    "left": "ID:type",
    "right": "ID:CLEANUP",
    "op": "==",
    "leftType": "unknown",
    "rightType": "unknown",
    "parent": "IfStatement",
    "grandParent": "IfStatement",
    "src": "data/js/programs_all/sca-/sails-ckeditor-sample/assets/ckeditor/plugins/image/dialogs/image.js : 743 - 743"
  },
  {
    "left": "ID:type",
    "right": "ID:IMAGE",
    "op": "==",
    "leftType": "unknown",
    "rightType": "unknown",
    "parent": "IfStatement",
    "grandParent": "BlockStatement",
    "src": "data/js/programs_all/sca-/sails-ckeditor-sample/assets/ckeditor/plugins/image/dialogs/image.js : 766 - 766"
  },
  {
    "left": "ID:marginLeftPx",
    "right": "ID:marginRightPx",
    "op": "==",
    "leftType": "unknown",
    "rightType": "unknown",
    "parent": "LogicalExpression",
    "grandParent": "AssignmentExpression",
    "src": "data/js/programs_all/sca-/sails-ckeditor-sample/assets/ckeditor/plugins/image/dialogs/image.js : 776 - 776"
  },
  {
    "left": "ID:type",
    "right": "ID:IMAGE",
    "op": "==",
    "leftType": "unknown",
    "rightType": "unknown",
    "parent": "LogicalExpression",
    "grandParent": "IfStatement",
    "src": "data/js/programs_all/sca-/sails-ckeditor-sample/assets/ckeditor/plugins/image/dialogs/image.js : 784 - 784"
  },
  {
    "left": "ID:type",
    "right": "ID:PREVIEW",
    "op": "==",
    "leftType": "unknown",
    "rightType": "unknown",
    "parent": "LogicalExpression",
    "grandParent": "IfStatement",
    "src": "data/js/programs_all/sca-/sails-ckeditor-sample/assets/ckeditor/plugins/image/dialogs/image.js : 784 - 784"
  },
  {
    "left": "ID:type",
    "right": "ID:IMAGE",
    "op": "==",
    "leftType": "unknown",
    "rightType": "unknown",
    "parent": "LogicalExpression",
    "grandParent": "IfStatement",
    "src": "data/js/programs_all/sca-/sails-ckeditor-sample/assets/ckeditor/plugins/image/dialogs/image.js : 793 - 793"
  },
  {
    "left": "ID:type",
    "right": "ID:CLEANUP",
    "op": "==",
    "leftType": "unknown",
    "rightType": "unknown",
    "parent": "IfStatement",
    "grandParent": "IfStatement",
    "src": "data/js/programs_all/sca-/sails-ckeditor-sample/assets/ckeditor/plugins/image/dialogs/image.js : 795 - 795"
  },
  {
    "left": "ID:type",
    "right": "ID:IMAGE",
    "op": "==",
    "leftType": "unknown",
    "rightType": "unknown",
    "parent": "IfStatement",
    "grandParent": "BlockStatement",
    "src": "data/js/programs_all/sca-/sails-ckeditor-sample/assets/ckeditor/plugins/image/dialogs/image.js : 817 - 817"
  },
  {
    "left": "ID:marginTopPx",
    "right": "ID:marginBottomPx",
    "op": "==",
    "leftType": "unknown",
    "rightType": "unknown",
    "parent": "LogicalExpression",
    "grandParent": "AssignmentExpression",
    "src": "data/js/programs_all/sca-/sails-ckeditor-sample/assets/ckeditor/plugins/image/dialogs/image.js : 827 - 827"
  },
  {
    "left": "ID:type",
    "right": "ID:IMAGE",
    "op": "==",
    "leftType": "unknown",
    "rightType": "unknown",
    "parent": "LogicalExpression",
    "grandParent": "IfStatement",
    "src": "data/js/programs_all/sca-/sails-ckeditor-sample/assets/ckeditor/plugins/image/dialogs/image.js : 834 - 834"
  },
  {
    "left": "ID:type",
    "right": "ID:PREVIEW",
    "op": "==",
    "leftType": "unknown",
    "rightType": "unknown",
    "parent": "LogicalExpression",
    "grandParent": "IfStatement",
    "src": "data/js/programs_all/sca-/sails-ckeditor-sample/assets/ckeditor/plugins/image/dialogs/image.js : 834 - 834"
  },
  {
    "left": "ID:type",
    "right": "ID:IMAGE",
    "op": "==",
    "leftType": "unknown",
    "rightType": "unknown",
    "parent": "LogicalExpression",
    "grandParent": "IfStatement",
    "src": "data/js/programs_all/sca-/sails-ckeditor-sample/assets/ckeditor/plugins/image/dialogs/image.js : 843 - 843"
  },
  {
    "left": "ID:type",
    "right": "ID:CLEANUP",
    "op": "==",
    "leftType": "unknown",
    "rightType": "unknown",
    "parent": "IfStatement",
    "grandParent": "IfStatement",
    "src": "data/js/programs_all/sca-/sails-ckeditor-sample/assets/ckeditor/plugins/image/dialogs/image.js : 845 - 845"
  },
  {
    "left": "ID:type",
    "right": "ID:IMAGE",
    "op": "==",
    "leftType": "unknown",
    "rightType": "unknown",
    "parent": "IfStatement",
    "grandParent": "BlockStatement",
    "src": "data/js/programs_all/sca-/sails-ckeditor-sample/assets/ckeditor/plugins/image/dialogs/image.js : 879 - 879"
  },
  {
    "left": "ID:type",
    "right": "ID:IMAGE",
    "op": "==",
    "leftType": "unknown",
    "rightType": "unknown",
    "parent": "LogicalExpression",
    "grandParent": "IfStatement",
    "src": "data/js/programs_all/sca-/sails-ckeditor-sample/assets/ckeditor/plugins/image/dialogs/image.js : 894 - 894"
  },
  {
    "left": "ID:type",
    "right": "ID:PREVIEW",
    "op": "==",
    "leftType": "unknown",
    "rightType": "unknown",
    "parent": "LogicalExpression",
    "grandParent": "IfStatement",
    "src": "data/js/programs_all/sca-/sails-ckeditor-sample/assets/ckeditor/plugins/image/dialogs/image.js : 894 - 894"
  },
  {
    "left": "ID:type",
    "right": "ID:IMAGE",
    "op": "==",
    "leftType": "unknown",
    "rightType": "unknown",
    "parent": "LogicalExpression",
    "grandParent": "IfStatement",
    "src": "data/js/programs_all/sca-/sails-ckeditor-sample/assets/ckeditor/plugins/image/dialogs/image.js : 900 - 900"
  },
  {
    "left": "ID:type",
    "right": "ID:CLEANUP",
    "op": "==",
    "leftType": "unknown",
    "rightType": "unknown",
    "parent": "IfStatement",
    "grandParent": "IfStatement",
    "src": "data/js/programs_all/sca-/sails-ckeditor-sample/assets/ckeditor/plugins/image/dialogs/image.js : 910 - 910"
  },
  {
    "left": "LIT:<div>",
    "right": "ID:htmlEncode",
    "op": "+",
    "leftType": "string",
    "rightType": "unknown",
    "parent": "BinaryExpression",
    "grandParent": "BinaryExpression",
    "src": "data/js/programs_all/sca-/sails-ckeditor-sample/assets/ckeditor/plugins/image/dialogs/image.js : 927 - 927"
  },
  {
    "left": "LIT:Lorem ipsum dolor sit amet, consectetuer adipiscing elit. ",
    "right": "LIT:Maecenas feugiat consequat diam. Maecenas metus. Vivamus diam purus, cursus a, commodo non, facilisis vitae, ",
    "op": "+",
    "leftType": "string",
    "rightType": "string",
    "parent": "BinaryExpression",
    "grandParent": "LogicalExpression",
    "src": "data/js/programs_all/sca-/sails-ckeditor-sample/assets/ckeditor/plugins/image/dialogs/image.js : 932 - 933"
  },
  {
    "left": "ID:type",
    "right": "ID:LINK",
    "op": "==",
    "leftType": "unknown",
    "rightType": "unknown",
    "parent": "IfStatement",
    "grandParent": "BlockStatement",
    "src": "data/js/programs_all/sca-/sails-ckeditor-sample/assets/ckeditor/plugins/image/dialogs/image.js : 956 - 956"
  },
  {
    "left": "ID:type",
    "right": "ID:LINK",
    "op": "==",
    "leftType": "unknown",
    "rightType": "unknown",
    "parent": "IfStatement",
    "grandParent": "BlockStatement",
    "src": "data/js/programs_all/sca-/sails-ckeditor-sample/assets/ckeditor/plugins/image/dialogs/image.js : 964 - 964"
  },
  {
    "left": "ID:type",
    "right": "ID:LINK",
    "op": "==",
    "leftType": "unknown",
    "rightType": "unknown",
    "parent": "IfStatement",
    "grandParent": "BlockStatement",
    "src": "data/js/programs_all/sca-/sails-ckeditor-sample/assets/ckeditor/plugins/image/dialogs/image.js : 1002 - 1002"
  },
  {
    "left": "ID:type",
    "right": "ID:LINK",
    "op": "==",
    "leftType": "unknown",
    "rightType": "unknown",
    "parent": "IfStatement",
    "grandParent": "BlockStatement",
    "src": "data/js/programs_all/sca-/sails-ckeditor-sample/assets/ckeditor/plugins/image/dialogs/image.js : 1006 - 1006"
  },
  {
    "left": "ID:type",
    "right": "ID:IMAGE",
    "op": "==",
    "leftType": "unknown",
    "rightType": "unknown",
    "parent": "IfStatement",
    "grandParent": "BlockStatement",
    "src": "data/js/programs_all/sca-/sails-ckeditor-sample/assets/ckeditor/plugins/image/dialogs/image.js : 1050 - 1050"
  },
  {
    "left": "ID:type",
    "right": "ID:IMAGE",
    "op": "==",
    "leftType": "unknown",
    "rightType": "unknown",
    "parent": "IfStatement",
    "grandParent": "BlockStatement",
    "src": "data/js/programs_all/sca-/sails-ckeditor-sample/assets/ckeditor/plugins/image/dialogs/image.js : 1054 - 1054"
  },
  {
    "left": "ID:type",
    "right": "ID:IMAGE",
    "op": "==",
    "leftType": "unknown",
    "rightType": "unknown",
    "parent": "IfStatement",
    "grandParent": "BlockStatement",
    "src": "data/js/programs_all/sca-/sails-ckeditor-sample/assets/ckeditor/plugins/image/dialogs/image.js : 1073 - 1073"
  },
  {
    "left": "ID:type",
    "right": "ID:IMAGE",
    "op": "==",
    "leftType": "unknown",
    "rightType": "unknown",
    "parent": "IfStatement",
    "grandParent": "BlockStatement",
    "src": "data/js/programs_all/sca-/sails-ckeditor-sample/assets/ckeditor/plugins/image/dialogs/image.js : 1077 - 1077"
  },
  {
    "left": "ID:type",
    "right": "ID:IMAGE",
    "op": "==",
    "leftType": "unknown",
    "rightType": "unknown",
    "parent": "IfStatement",
    "grandParent": "BlockStatement",
    "src": "data/js/programs_all/sca-/sails-ckeditor-sample/assets/ckeditor/plugins/image/dialogs/image.js : 1090 - 1090"
  },
  {
    "left": "ID:type",
    "right": "ID:IMAGE",
    "op": "==",
    "leftType": "unknown",
    "rightType": "unknown",
    "parent": "IfStatement",
    "grandParent": "BlockStatement",
    "src": "data/js/programs_all/sca-/sails-ckeditor-sample/assets/ckeditor/plugins/image/dialogs/image.js : 1094 - 1094"
  },
  {
    "left": "ID:type",
    "right": "ID:IMAGE",
    "op": "==",
    "leftType": "unknown",
    "rightType": "unknown",
    "parent": "IfStatement",
    "grandParent": "BlockStatement",
    "src": "data/js/programs_all/sca-/sails-ckeditor-sample/assets/ckeditor/plugins/image/dialogs/image.js : 1108 - 1108"
  },
  {
    "left": "ID:type",
    "right": "ID:IMAGE",
    "op": "==",
    "leftType": "unknown",
    "rightType": "unknown",
    "parent": "IfStatement",
    "grandParent": "BlockStatement",
    "src": "data/js/programs_all/sca-/sails-ckeditor-sample/assets/ckeditor/plugins/image/dialogs/image.js : 1112 - 1112"
  },
  {
    "left": "ID:type",
    "right": "ID:IMAGE",
    "op": "==",
    "leftType": "unknown",
    "rightType": "unknown",
    "parent": "IfStatement",
    "grandParent": "BlockStatement",
    "src": "data/js/programs_all/sca-/sails-ckeditor-sample/assets/ckeditor/plugins/image/dialogs/image.js : 1129 - 1129"
  },
  {
    "left": "ID:type",
    "right": "ID:IMAGE",
    "op": "==",
    "leftType": "unknown",
    "rightType": "unknown",
    "parent": "IfStatement",
    "grandParent": "BlockStatement",
    "src": "data/js/programs_all/sca-/sails-ckeditor-sample/assets/ckeditor/plugins/image/dialogs/image.js : 1133 - 1133"
  },
  {
    "left": "ID:type",
    "right": "ID:IMAGE",
    "op": "==",
    "leftType": "unknown",
    "rightType": "unknown",
    "parent": "IfStatement",
    "grandParent": "BlockStatement",
    "src": "data/js/programs_all/sca-/sails-ckeditor-sample/assets/ckeditor/plugins/image/dialogs/image.js : 1149 - 1149"
  },
  {
    "left": "ID:type",
    "right": "ID:IMAGE",
    "op": "==",
    "leftType": "unknown",
    "rightType": "unknown",
    "parent": "IfStatement",
    "grandParent": "BlockStatement",
    "src": "data/js/programs_all/sca-/sails-ckeditor-sample/assets/ckeditor/plugins/image/dialogs/image.js : 1153 - 1153"
  },
  {
    "left": "ID:type",
    "right": "ID:PREVIEW",
    "op": "==",
    "leftType": "unknown",
    "rightType": "unknown",
    "parent": "IfStatement",
    "grandParent": "IfStatement",
    "src": "data/js/programs_all/sca-/sails-ckeditor-sample/assets/ckeditor/plugins/image/dialogs/image.js : 1156 - 1156"
  },
  {
    "left": "ID:type",
    "right": "ID:CLEANUP",
    "op": "==",
    "leftType": "unknown",
    "rightType": "unknown",
    "parent": "IfStatement",
    "grandParent": "IfStatement",
    "src": "data/js/programs_all/sca-/sails-ckeditor-sample/assets/ckeditor/plugins/image/dialogs/image.js : 1158 - 1158"
  },
  {
    "left": "ID:type",
    "right": "ID:IMAGE",
    "op": "==",
    "leftType": "unknown",
    "rightType": "unknown",
    "parent": "IfStatement",
    "grandParent": "BlockStatement",
    "src": "data/js/programs_all/sca-/sails-ckeditor-sample/assets/ckeditor/plugins/image/dialogs/image.js : 1173 - 1173"
  },
  {
    "left": "ID:type",
    "right": "ID:IMAGE",
    "op": "==",
    "leftType": "unknown",
    "rightType": "unknown",
    "parent": "LogicalExpression",
    "grandParent": "IfStatement",
    "src": "data/js/programs_all/sca-/sails-ckeditor-sample/assets/ckeditor/plugins/image/dialogs/image.js : 1198 - 1198"
  },
  {
    "left": "ID:type",
    "right": "ID:NODE_ELEMENT",
    "op": "==",
    "leftType": "unknown",
    "rightType": "unknown",
    "parent": "IfStatement",
    "grandParent": "BlockStatement",
    "src": "data/js/programs_all/sca-/sails-ckeditor-sample/assets/ckeditor/plugins/indent/plugin.js : 56 - 56"
  },
  {
    "left": "ID:dir",
    "right": "LIT:ltr",
    "op": "==",
    "leftType": "unknown",
    "rightType": "string",
    "parent": "ConditionalExpression",
    "grandParent": "VariableDeclarator",
    "src": "data/js/programs_all/sca-/sails-ckeditor-sample/assets/ckeditor/plugins/indent/plugin.js : 67 - 67"
  },
  {
    "left": "ID:i",
    "right": "ID:length",
    "op": "<",
    "leftType": "unknown",
    "rightType": "unknown",
    "parent": "ForStatement",
    "grandParent": "BlockStatement",
    "src": "data/js/programs_all/sca-/sails-ckeditor-sample/assets/ckeditor/plugins/indent/plugin.js : 68 - 68"
  },
  {
    "left": "ID:classes",
    "right": "ID:suffix",
    "op": "+",
    "leftType": "unknown",
    "rightType": "unknown",
    "parent": "CallExpression",
    "grandParent": "IfStatement",
    "src": "data/js/programs_all/sca-/sails-ckeditor-sample/assets/ckeditor/plugins/indent/plugin.js : 69 - 69"
  },
  {
    "left": "ID:classes",
    "right": "ID:suffix",
    "op": "+",
    "leftType": "unknown",
    "rightType": "unknown",
    "parent": "CallExpression",
    "grandParent": "ExpressionStatement",
    "src": "data/js/programs_all/sca-/sails-ckeditor-sample/assets/ckeditor/plugins/indent/plugin.js : 70 - 70"
  },
  {
    "left": "ID:classes",
    "right": "ID:suffix",
    "op": "+",
    "leftType": "unknown",
    "rightType": "unknown",
    "parent": "CallExpression",
    "grandParent": "ExpressionStatement",
    "src": "data/js/programs_all/sca-/sails-ckeditor-sample/assets/ckeditor/plugins/indent/plugin.js : 71 - 71"
  },
  {
    "left": "ID:enterMode",
    "right": "ID:ENTER_BR",
    "op": "==",
    "leftType": "unknown",
    "rightType": "unknown",
    "parent": "AssignmentExpression",
    "grandParent": "ExpressionStatement",
    "src": "data/js/programs_all/sca-/sails-ckeditor-sample/assets/ckeditor/plugins/indent/plugin.js : 205 - 205"
  },
  {
    "left": "ID:SHIFT",
    "right": "LIT:9",
    "op": "+",
    "leftType": "unknown",
    "rightType": "number",
    "parent": "ConditionalExpression",
    "grandParent": "AssignmentExpression",
    "src": "data/js/programs_all/sca-/sails-ckeditor-sample/assets/ckeditor/plugins/indent/plugin.js : 228 - 228"
  },
  {
    "left": "ID:name",
    "right": "LIT:@",
    "op": "+",
    "leftType": "unknown",
    "rightType": "string",
    "parent": "BinaryExpression",
    "grandParent": "MemberExpression",
    "src": "data/js/programs_all/sca-/sails-ckeditor-sample/assets/ckeditor/plugins/indent/plugin.js : 296 - 296"
  },
  {
    "left": "ID:state",
    "right": "ID:TRISTATE_DISABLED",
    "op": "!=",
    "leftType": "unknown",
    "rightType": "unknown",
    "parent": "IfStatement",
    "grandParent": "BlockStatement",
    "src": "data/js/programs_all/sca-/sails-ckeditor-sample/assets/ckeditor/plugins/indent/plugin.js : 330 - 330"
  },
  {
    "left": "ID:version",
    "right": "LIT:9",
    "op": "<",
    "leftType": "unknown",
    "rightType": "number",
    "parent": "LogicalExpression",
    "grandParent": "IfStatement",
    "src": "data/js/programs_all/sca-/sails-ckeditor-sample/assets/ckeditor/plugins/link/dialogs/anchor.js : 59 - 59"
  }
]