[
  {
    "left": "ID:i",
    "right": "ID:length",
    "op": "<",
    "leftType": "unknown",
    "rightType": "unknown",
    "parent": "LogicalExpression",
    "grandParent": "ForStatement",
    "src": "data/js/programs_all/sca-/sails-ckeditor-sample/assets/ckeditor/plugins/blockquote/plugin.js : 8 - 8"
  },
  {
    "left": "ID:type",
    "right": "ID:NODE_ELEMENT",
    "op": "==",
    "leftType": "unknown",
    "rightType": "unknown",
    "parent": "LogicalExpression",
    "grandParent": "IfStatement",
    "src": "data/js/programs_all/sca-/sails-ckeditor-sample/assets/ckeditor/plugins/blockquote/plugin.js : 9 - 9"
  },
  {
    "left": "ID:getName",
    "right": "LIT:blockquote",
    "op": "==",
    "leftType": "unknown",
    "rightType": "string",
    "parent": "LogicalExpression",
    "grandParent": "IfStatement",
    "src": "data/js/programs_all/sca-/sails-ckeditor-sample/assets/ckeditor/plugins/blockquote/plugin.js : 34 - 34"
  },
  {
    "left": "ID:type",
    "right": "ID:NODE_ELEMENT",
    "op": "==",
    "leftType": "unknown",
    "rightType": "unknown",
    "parent": "LogicalExpression",
    "grandParent": "IfStatement",
    "src": "data/js/programs_all/sca-/sails-ckeditor-sample/assets/ckeditor/plugins/blockquote/plugin.js : 37 - 37"
  },
  {
    "left": "ID:getName",
    "right": "LIT:blockquote",
    "op": "==",
    "leftType": "unknown",
    "rightType": "string",
    "parent": "LogicalExpression",
    "grandParent": "IfStatement",
    "src": "data/js/programs_all/sca-/sails-ckeditor-sample/assets/ckeditor/plugins/blockquote/plugin.js : 44 - 44"
  },
  {
    "left": "ID:type",
    "right": "ID:NODE_ELEMENT",
    "op": "==",
    "leftType": "unknown",
    "rightType": "unknown",
    "parent": "LogicalExpression",
    "grandParent": "IfStatement",
    "src": "data/js/programs_all/sca-/sails-ckeditor-sample/assets/ckeditor/plugins/blockquote/plugin.js : 47 - 47"
  },
  {
    "left": "ID:enterMode",
    "right": "ID:ENTER_BR",
    "op": "!=",
    "leftType": "unknown",
    "rightType": "unknown",
    "parent": "AssignmentExpression",
    "grandParent": "ExpressionStatement",
    "src": "data/js/programs_all/sca-/sails-ckeditor-sample/assets/ckeditor/plugins/blockquote/plugin.js : 57 - 57"
  },
  {
    "left": "ID:state",
    "right": "ID:TRISTATE_OFF",
    "op": "==",
    "leftType": "unknown",
    "rightType": "unknown",
    "parent": "IfStatement",
    "grandParent": "BlockStatement",
    "src": "data/js/programs_all/sca-/sails-ckeditor-sample/assets/ckeditor/plugins/blockquote/plugin.js : 59 - 59"
  },
  {
    "left": "ID:length",
    "right": "LIT:1",
    "op": "<",
    "leftType": "unknown",
    "rightType": "number",
    "parent": "IfStatement",
    "grandParent": "BlockStatement",
    "src": "data/js/programs_all/sca-/sails-ckeditor-sample/assets/ckeditor/plugins/blockquote/plugin.js : 65 - 65"
  },
  {
    "left": "ID:enterMode",
    "right": "ID:ENTER_P",
    "op": "==",
    "leftType": "unknown",
    "rightType": "unknown",
    "parent": "ConditionalExpression",
    "grandParent": "CallExpression",
    "src": "data/js/programs_all/sca-/sails-ckeditor-sample/assets/ckeditor/plugins/blockquote/plugin.js : 66 - 66"
  },
  {
    "left": "ID:i",
    "right": "ID:length",
    "op": "<",
    "leftType": "unknown",
    "rightType": "unknown",
    "parent": "ForStatement",
    "grandParent": "BlockStatement",
    "src": "data/js/programs_all/sca-/sails-ckeditor-sample/assets/ckeditor/plugins/blockquote/plugin.js : 81 - 81"
  },
  {
    "left": "ID:length",
    "right": "LIT:0",
    "op": ">",
    "leftType": "unknown",
    "rightType": "number",
    "parent": "WhileStatement",
    "grandParent": "BlockStatement",
    "src": "data/js/programs_all/sca-/sails-ckeditor-sample/assets/ckeditor/plugins/blockquote/plugin.js : 94 - 94"
  },
  {
    "left": "ID:length",
    "right": "LIT:0",
    "op": ">",
    "leftType": "unknown",
    "rightType": "number",
    "parent": "WhileStatement",
    "grandParent": "BlockStatement",
    "src": "data/js/programs_all/sca-/sails-ckeditor-sample/assets/ckeditor/plugins/blockquote/plugin.js : 105 - 105"
  },
  {
    "left": "ID:getName",
    "right": "LIT:blockquote",
    "op": "==",
    "leftType": "unknown",
    "rightType": "string",
    "parent": "IfStatement",
    "grandParent": "BlockStatement",
    "src": "data/js/programs_all/sca-/sails-ckeditor-sample/assets/ckeditor/plugins/blockquote/plugin.js : 107 - 107"
  },
  {
    "left": "ID:length",
    "right": "LIT:0",
    "op": ">",
    "leftType": "unknown",
    "rightType": "number",
    "parent": "WhileStatement",
    "grandParent": "BlockStatement",
    "src": "data/js/programs_all/sca-/sails-ckeditor-sample/assets/ckeditor/plugins/blockquote/plugin.js : 122 - 122"
  },
  {
    "left": "ID:state",
    "right": "ID:TRISTATE_ON",
    "op": "==",
    "leftType": "unknown",
    "rightType": "unknown",
    "parent": "IfStatement",
    "grandParent": "IfStatement",
    "src": "data/js/programs_all/sca-/sails-ckeditor-sample/assets/ckeditor/plugins/blockquote/plugin.js : 126 - 126"
  },
  {
    "left": "ID:getName",
    "right": "LIT:blockquote",
    "op": "==",
    "leftType": "unknown",
    "rightType": "string",
    "parent": "IfStatement",
    "grandParent": "BlockStatement",
    "src": "data/js/programs_all/sca-/sails-ckeditor-sample/assets/ckeditor/plugins/blockquote/plugin.js : 134 - 134"
  },
  {
    "left": "ID:length",
    "right": "LIT:0",
    "op": ">",
    "leftType": "unknown",
    "rightType": "number",
    "parent": "WhileStatement",
    "grandParent": "BlockStatement",
    "src": "data/js/programs_all/sca-/sails-ckeditor-sample/assets/ckeditor/plugins/blockquote/plugin.js : 156 - 156"
  },
  {
    "left": "ID:length",
    "right": "LIT:1",
    "op": "-",
    "leftType": "unknown",
    "rightType": "number",
    "parent": "AssignmentExpression",
    "grandParent": "ForStatement",
    "src": "data/js/programs_all/sca-/sails-ckeditor-sample/assets/ckeditor/plugins/blockquote/plugin.js : 184 - 184"
  },
  {
    "left": "ID:i",
    "right": "LIT:0",
    "op": ">=",
    "leftType": "unknown",
    "rightType": "number",
    "parent": "ForStatement",
    "grandParent": "BlockStatement",
    "src": "data/js/programs_all/sca-/sails-ckeditor-sample/assets/ckeditor/plugins/blockquote/plugin.js : 184 - 184"
  },
  {
    "left": "ID:enterMode",
    "right": "ID:ENTER_BR",
    "op": "==",
    "leftType": "unknown",
    "rightType": "unknown",
    "parent": "IfStatement",
    "grandParent": "BlockStatement",
    "src": "data/js/programs_all/sca-/sails-ckeditor-sample/assets/ckeditor/plugins/blockquote/plugin.js : 190 - 190"
  },
  {
    "left": "ID:getName",
    "right": "LIT:div",
    "op": "==",
    "leftType": "unknown",
    "rightType": "string",
    "parent": "IfStatement",
    "grandParent": "BlockStatement",
    "src": "data/js/programs_all/sca-/sails-ckeditor-sample/assets/ckeditor/plugins/blockquote/plugin.js : 195 - 195"
  },
  {
    "left": "ID:type",
    "right": "ID:NODE_ELEMENT",
    "op": "==",
    "leftType": "unknown",
    "rightType": "unknown",
    "parent": "LogicalExpression",
    "grandParent": "UnaryExpression",
    "src": "data/js/programs_all/sca-/sails-ckeditor-sample/assets/ckeditor/plugins/blockquote/plugin.js : 197 - 197"
  },
  {
    "left": "ID:type",
    "right": "ID:NODE_ELEMENT",
    "op": "==",
    "leftType": "unknown",
    "rightType": "unknown",
    "parent": "LogicalExpression",
    "grandParent": "UnaryExpression",
    "src": "data/js/programs_all/sca-/sails-ckeditor-sample/assets/ckeditor/plugins/blockquote/plugin.js : 201 - 201"
  },
  {
    "left": "ID:version",
    "right": "LIT:8",
    "op": "<",
    "leftType": "unknown",
    "rightType": "number",
    "parent": "LogicalExpression",
    "grandParent": "IfStatement",
    "src": "data/js/programs_all/sca-/sails-ckeditor-sample/assets/ckeditor/plugins/clipboard/dialogs/paste.js : 20 - 20"
  },
  {
    "left": "ID:SHIFT",
    "right": "LIT:9",
    "op": "+",
    "leftType": "unknown",
    "rightType": "number",
    "parent": "SwitchCase",
    "grandParent": "SwitchStatement",
    "src": "data/js/programs_all/sca-/sails-ckeditor-sample/assets/ckeditor/plugins/clipboard/dialogs/paste.js : 38 - 38"
  },
  {
    "left": "ID:dir",
    "right": "LIT:rtl",
    "op": "==",
    "leftType": "unknown",
    "rightType": "string",
    "parent": "LogicalExpression",
    "grandParent": "IfStatement",
    "src": "data/js/programs_all/sca-/sails-ckeditor-sample/assets/ckeditor/plugins/clipboard/dialogs/paste.js : 80 - 80"
  },
  {
    "left": "LIT:<div style=\"white-space:normal;width:340px\">",
    "right": "ID:securityMsg",
    "op": "+",
    "leftType": "string",
    "rightType": "unknown",
    "parent": "BinaryExpression",
    "grandParent": "Property",
    "src": "data/js/programs_all/sca-/sails-ckeditor-sample/assets/ckeditor/plugins/clipboard/dialogs/paste.js : 96 - 96"
  },
  {
    "left": "LIT:<div style=\"white-space:normal;width:340px\">",
    "right": "ID:pasteMsg",
    "op": "+",
    "leftType": "string",
    "rightType": "unknown",
    "parent": "BinaryExpression",
    "grandParent": "Property",
    "src": "data/js/programs_all/sca-/sails-ckeditor-sample/assets/ckeditor/plugins/clipboard/dialogs/paste.js : 101 - 101"
  },
  {
    "left": "LIT:<html dir=\"",
    "right": "ID:contentsLangDirection",
    "op": "+",
    "leftType": "string",
    "rightType": "unknown",
    "parent": "BinaryExpression",
    "grandParent": "BinaryExpression",
    "src": "data/js/programs_all/sca-/sails-ckeditor-sample/assets/ckeditor/plugins/clipboard/dialogs/paste.js : 121 - 121"
  },
  {
    "left": "LIT:javascript:void((function(){",
    "right": "ID:encodeURIComponent",
    "op": "+",
    "leftType": "string",
    "rightType": "unknown",
    "parent": "BinaryExpression",
    "grandParent": "ConditionalExpression",
    "src": "data/js/programs_all/sca-/sails-ckeditor-sample/assets/ckeditor/plugins/clipboard/dialogs/paste.js : 133 - 137"
  },
  {
    "left": "LIT:document.open();",
    "right": "LIT:(",
    "op": "+",
    "leftType": "string",
    "rightType": "string",
    "parent": "BinaryExpression",
    "grandParent": "BinaryExpression",
    "src": "data/js/programs_all/sca-/sails-ckeditor-sample/assets/ckeditor/plugins/clipboard/dialogs/paste.js : 134 - 135"
  },
  {
    "left": "LIT:<iframe",
    "right": "LIT: class=\"cke_pasteframe\"",
    "op": "+",
    "leftType": "string",
    "rightType": "string",
    "parent": "BinaryExpression",
    "grandParent": "BinaryExpression",
    "src": "data/js/programs_all/sca-/sails-ckeditor-sample/assets/ckeditor/plugins/clipboard/dialogs/paste.js : 140 - 141"
  },
  {
    "left": "ID:offsetHeight",
    "right": "LIT:2",
    "op": "+",
    "leftType": "unknown",
    "rightType": "number",
    "parent": "BinaryExpression",
    "grandParent": "CallExpression",
    "src": "data/js/programs_all/sca-/sails-ckeditor-sample/assets/ckeditor/plugins/clipboard/dialogs/paste.js : 196 - 196"
  },
  {
    "left": "ID:indexOf",
    "right": "ID:length",
    "op": "+",
    "leftType": "unknown",
    "rightType": "unknown",
    "parent": "VariableDeclarator",
    "grandParent": "VariableDeclaration",
    "src": "data/js/programs_all/sca-/sails-ckeditor-sample/assets/ckeditor/plugins/dialog/plugin.js : 56 - 56"
  },
  {
    "left": "ID:tabIndex",
    "right": "LIT:1",
    "op": "-",
    "leftType": "unknown",
    "rightType": "number",
    "parent": "VariableDeclarator",
    "grandParent": "VariableDeclaration",
    "src": "data/js/programs_all/sca-/sails-ckeditor-sample/assets/ckeditor/plugins/dialog/plugin.js : 58 - 58"
  },
  {
    "left": "ID:tabIndex",
    "right": "ID:length",
    "op": "-",
    "leftType": "unknown",
    "rightType": "unknown",
    "parent": "BinaryExpression",
    "grandParent": "ForStatement",
    "src": "data/js/programs_all/sca-/sails-ckeditor-sample/assets/ckeditor/plugins/dialog/plugin.js : 58 - 58"
  },
  {
    "left": "ID:i",
    "right": "ID:length",
    "op": "%",
    "leftType": "unknown",
    "rightType": "unknown",
    "parent": "MemberExpression",
    "grandParent": "CallExpression",
    "src": "data/js/programs_all/sca-/sails-ckeditor-sample/assets/ckeditor/plugins/dialog/plugin.js : 59 - 59"
  },
  {
    "left": "ID:i",
    "right": "ID:length",
    "op": "%",
    "leftType": "unknown",
    "rightType": "unknown",
    "parent": "MemberExpression",
    "grandParent": "ReturnStatement",
    "src": "data/js/programs_all/sca-/sails-ckeditor-sample/assets/ckeditor/plugins/dialog/plugin.js : 60 - 60"
  },
  {
    "left": "ID:tabIndex",
    "right": "LIT:1",
    "op": "+",
    "leftType": "unknown",
    "rightType": "number",
    "parent": "VariableDeclarator",
    "grandParent": "VariableDeclaration",
    "src": "data/js/programs_all/sca-/sails-ckeditor-sample/assets/ckeditor/plugins/dialog/plugin.js : 71 - 71"
  },
  {
    "left": "ID:tabIndex",
    "right": "ID:length",
    "op": "+",
    "leftType": "unknown",
    "rightType": "unknown",
    "parent": "BinaryExpression",
    "grandParent": "ForStatement",
    "src": "data/js/programs_all/sca-/sails-ckeditor-sample/assets/ckeditor/plugins/dialog/plugin.js : 71 - 71"
  },
  {
    "left": "ID:i",
    "right": "ID:length",
    "op": "%",
    "leftType": "unknown",
    "rightType": "unknown",
    "parent": "MemberExpression",
    "grandParent": "CallExpression",
    "src": "data/js/programs_all/sca-/sails-ckeditor-sample/assets/ckeditor/plugins/dialog/plugin.js : 72 - 72"
  },
  {
    "left": "ID:i",
    "right": "ID:length",
    "op": "%",
    "leftType": "unknown",
    "rightType": "unknown",
    "parent": "MemberExpression",
    "grandParent": "ReturnStatement",
    "src": "data/js/programs_all/sca-/sails-ckeditor-sample/assets/ckeditor/plugins/dialog/plugin.js : 73 - 73"
  },
  {
    "left": "ID:i",
    "right": "ID:length",
    "op": "<",
    "leftType": "unknown",
    "rightType": "unknown",
    "parent": "ForStatement",
    "grandParent": "BlockStatement",
    "src": "data/js/programs_all/sca-/sails-ckeditor-sample/assets/ckeditor/plugins/dialog/plugin.js : 82 - 82"
  },
  {
    "left": "ID:toLowerCase",
    "right": "LIT:text",
    "op": "==",
    "leftType": "unknown",
    "rightType": "string",
    "parent": "IfStatement",
    "grandParent": "BlockStatement",
    "src": "data/js/programs_all/sca-/sails-ckeditor-sample/assets/ckeditor/plugins/dialog/plugin.js : 85 - 85"
  },
  {
    "left": "LIT:<div class=\"cke_reset_all {editorId} {editorDialogClass} {hidpi}",
    "right": "LIT:\" dir=\"{langDir}\"",
    "op": "+",
    "leftType": "string",
    "rightType": "string",
    "parent": "BinaryExpression",
    "grandParent": "BinaryExpression",
    "src": "data/js/programs_all/sca-/sails-ckeditor-sample/assets/ckeditor/plugins/dialog/plugin.js : 120 - 121"
  },
  {
    "left": "LIT:cke_editor_",
    "right": "ID:replace",
    "op": "+",
    "leftType": "string",
    "rightType": "unknown",
    "parent": "BinaryExpression",
    "grandParent": "Property",
    "src": "data/js/programs_all/sca-/sails-ckeditor-sample/assets/ckeditor/plugins/dialog/plugin.js : 152 - 152"
  },
  {
    "left": "LIT:javascript:void(function(){",
    "right": "ID:encodeURIComponent",
    "op": "+",
    "leftType": "string",
    "rightType": "unknown",
    "parent": "BinaryExpression",
    "grandParent": "VariableDeclarator",
    "src": "data/js/programs_all/sca-/sails-ckeditor-sample/assets/ckeditor/plugins/dialog/plugin.js : 164 - 164"
  },
  {
    "left": "LIT:document.open();(",
    "right": "ID:fixDomain",
    "op": "+",
    "leftType": "string",
    "rightType": "unknown",
    "parent": "BinaryExpression",
    "grandParent": "CallExpression",
    "src": "data/js/programs_all/sca-/sails-ckeditor-sample/assets/ckeditor/plugins/dialog/plugin.js : 164 - 164"
  },
  {
    "left": "LIT:<iframe",
    "right": "LIT: frameBorder=\"0\"",
    "op": "+",
    "leftType": "string",
    "rightType": "string",
    "parent": "BinaryExpression",
    "grandParent": "BinaryExpression",
    "src": "data/js/programs_all/sca-/sails-ckeditor-sample/assets/ckeditor/plugins/dialog/plugin.js : 165 - 166"
  },
  {
    "left": "ID:buttonsOrder",
    "right": "LIT:OS",
    "op": "==",
    "leftType": "unknown",
    "rightType": "string",
    "parent": "LogicalExpression",
    "grandParent": "LogicalExpression",
    "src": "data/js/programs_all/sca-/sails-ckeditor-sample/assets/ckeditor/plugins/dialog/plugin.js : 211 - 211"
  },
  {
    "left": "ID:buttonsOrder",
    "right": "LIT:rtl",
    "op": "==",
    "leftType": "unknown",
    "rightType": "string",
    "parent": "LogicalExpression",
    "grandParent": "LogicalExpression",
    "src": "data/js/programs_all/sca-/sails-ckeditor-sample/assets/ckeditor/plugins/dialog/plugin.js : 212 - 212"
  },
  {
    "left": "ID:dir",
    "right": "LIT:ltr",
    "op": "==",
    "leftType": "unknown",
    "rightType": "string",
    "parent": "LogicalExpression",
    "grandParent": "LogicalExpression",
    "src": "data/js/programs_all/sca-/sails-ckeditor-sample/assets/ckeditor/plugins/dialog/plugin.js : 212 - 212"
  },
  {
    "left": "ID:buttonsOrder",
    "right": "LIT:ltr",
    "op": "==",
    "leftType": "unknown",
    "rightType": "string",
    "parent": "LogicalExpression",
    "grandParent": "LogicalExpression",
    "src": "data/js/programs_all/sca-/sails-ckeditor-sample/assets/ckeditor/plugins/dialog/plugin.js : 212 - 212"
  },
  {
    "left": "ID:dir",
    "right": "LIT:rtl",
    "op": "==",
    "leftType": "unknown",
    "rightType": "string",
    "parent": "LogicalExpression",
    "grandParent": "LogicalExpression",
    "src": "data/js/programs_all/sca-/sails-ckeditor-sample/assets/ckeditor/plugins/dialog/plugin.js : 212 - 212"
  },
  {
    "left": "ID:dir",
    "right": "LIT:rtl",
    "op": "==",
    "leftType": "unknown",
    "rightType": "string",
    "parent": "ConditionalExpression",
    "grandParent": "MemberExpression",
    "src": "data/js/programs_all/sca-/sails-ckeditor-sample/assets/ckeditor/plugins/dialog/plugin.js : 270 - 270"
  },
  {
    "left": "LIT:removeDialogTabs",
    "right": "ID:_",
    "op": "in",
    "leftType": "string",
    "rightType": "unknown",
    "parent": "UnaryExpression",
    "grandParent": "LogicalExpression",
    "src": "data/js/programs_all/sca-/sails-ckeditor-sample/assets/ckeditor/plugins/dialog/plugin.js : 285 - 285"
  },
  {
    "left": "ID:i",
    "right": "ID:length",
    "op": "<",
    "leftType": "unknown",
    "rightType": "unknown",
    "parent": "ForStatement",
    "grandParent": "BlockStatement",
    "src": "data/js/programs_all/sca-/sails-ckeditor-sample/assets/ckeditor/plugins/dialog/plugin.js : 288 - 288"
  },
  {
    "left": "ID:length",
    "right": "LIT:2",
    "op": "==",
    "leftType": "unknown",
    "rightType": "number",
    "parent": "IfStatement",
    "grandParent": "BlockStatement",
    "src": "data/js/programs_all/sca-/sails-ckeditor-sample/assets/ckeditor/plugins/dialog/plugin.js : 290 - 290"
  },
  {
    "left": "ID:i",
    "right": "ID:length",
    "op": "<",
    "leftType": "unknown",
    "rightType": "unknown",
    "parent": "ForStatement",
    "grandParent": "BlockStatement",
    "src": "data/js/programs_all/sca-/sails-ckeditor-sample/assets/ckeditor/plugins/dialog/plugin.js : 302 - 302"
  },
  {
    "left": "ID:call",
    "right": "LIT:false",
    "op": "===",
    "leftType": "unknown",
    "rightType": "boolean",
    "parent": "IfStatement",
    "grandParent": "BlockStatement",
    "src": "data/js/programs_all/sca-/sails-ckeditor-sample/assets/ckeditor/plugins/dialog/plugin.js : 323 - 323"
  },
  {
    "left": "ID:call",
    "right": "LIT:false",
    "op": "===",
    "leftType": "unknown",
    "rightType": "boolean",
    "parent": "IfStatement",
    "grandParent": "BlockStatement",
    "src": "data/js/programs_all/sca-/sails-ckeditor-sample/assets/ckeditor/plugins/dialog/plugin.js : 330 - 330"
  },
  {
    "left": "ID:retval",
    "right": "LIT:false",
    "op": "===",
    "leftType": "unknown",
    "rightType": "boolean",
    "parent": "LogicalExpression",
    "grandParent": "VariableDeclarator",
    "src": "data/js/programs_all/sca-/sails-ckeditor-sample/assets/ckeditor/plugins/dialog/plugin.js : 356 - 356"
  },
  {
    "left": "ID:hide",
    "right": "LIT:false",
    "op": "!==",
    "leftType": "unknown",
    "rightType": "boolean",
    "parent": "IfStatement",
    "grandParent": "BlockStatement",
    "src": "data/js/programs_all/sca-/sails-ckeditor-sample/assets/ckeditor/plugins/dialog/plugin.js : 380 - 380"
  },
  {
    "left": "ID:tabIndex",
    "right": "ID:tabIndex",
    "op": "!=",
    "leftType": "unknown",
    "rightType": "unknown",
    "parent": "IfStatement",
    "grandParent": "BlockStatement",
    "src": "data/js/programs_all/sca-/sails-ckeditor-sample/assets/ckeditor/plugins/dialog/plugin.js : 390 - 390"
  },
  {
    "left": "ID:tabIndex",
    "right": "ID:tabIndex",
    "op": "-",
    "leftType": "unknown",
    "rightType": "unknown",
    "parent": "ReturnStatement",
    "grandParent": "IfStatement",
    "src": "data/js/programs_all/sca-/sails-ckeditor-sample/assets/ckeditor/plugins/dialog/plugin.js : 391 - 391"
  },
  {
    "left": "ID:focusIndex",
    "right": "ID:focusIndex",
    "op": "-",
    "leftType": "unknown",
    "rightType": "unknown",
    "parent": "ReturnStatement",
    "grandParent": "IfStatement",
    "src": "data/js/programs_all/sca-/sails-ckeditor-sample/assets/ckeditor/plugins/dialog/plugin.js : 395 - 395"
  },
  {
    "left": "ID:i",
    "right": "ID:size",
    "op": "<",
    "leftType": "unknown",
    "rightType": "unknown",
    "parent": "ForStatement",
    "grandParent": "BlockStatement",
    "src": "data/js/programs_all/sca-/sails-ckeditor-sample/assets/ckeditor/plugins/dialog/plugin.js : 399 - 399"
  },
  {
    "left": "ID:length",
    "right": "LIT:1",
    "op": "<",
    "leftType": "unknown",
    "rightType": "number",
    "parent": "IfStatement",
    "grandParent": "BlockStatement",
    "src": "data/js/programs_all/sca-/sails-ckeditor-sample/assets/ckeditor/plugins/dialog/plugin.js : 407 - 407"
  },
  {
    "left": "ID:current",
    "right": "ID:offset",
    "op": "+",
    "leftType": "unknown",
    "rightType": "unknown",
    "parent": "BinaryExpression",
    "grandParent": "BinaryExpression",
    "src": "data/js/programs_all/sca-/sails-ckeditor-sample/assets/ckeditor/plugins/dialog/plugin.js : 418 - 418"
  },
  {
    "left": "ID:currentIndex",
    "right": "ID:offset",
    "op": "+",
    "leftType": "unknown",
    "rightType": "unknown",
    "parent": "BinaryExpression",
    "grandParent": "BinaryExpression",
    "src": "data/js/programs_all/sca-/sails-ckeditor-sample/assets/ckeditor/plugins/dialog/plugin.js : 421 - 421"
  },
  {
    "left": "ID:currentIndex",
    "right": "ID:startIndex",
    "op": "==",
    "leftType": "unknown",
    "rightType": "unknown",
    "parent": "IfStatement",
    "grandParent": "BlockStatement",
    "src": "data/js/programs_all/sca-/sails-ckeditor-sample/assets/ckeditor/plugins/dialog/plugin.js : 422 - 422"
  },
  {
    "left": "ID:type",
    "right": "LIT:text",
    "op": "==",
    "leftType": "unknown",
    "rightType": "string",
    "parent": "IfStatement",
    "grandParent": "BlockStatement",
    "src": "data/js/programs_all/sca-/sails-ckeditor-sample/assets/ckeditor/plugins/dialog/plugin.js : 429 - 429"
  },
  {
    "left": "ID:me",
    "right": "ID:currentTop",
    "op": "!=",
    "leftType": "unknown",
    "rightType": "unknown",
    "parent": "IfStatement",
    "grandParent": "BlockStatement",
    "src": "data/js/programs_all/sca-/sails-ckeditor-sample/assets/ckeditor/plugins/dialog/plugin.js : 438 - 438"
  },
  {
    "left": "ID:dir",
    "right": "LIT:rtl",
    "op": "==",
    "leftType": "unknown",
    "rightType": "string",
    "parent": "VariableDeclarator",
    "grandParent": "VariableDeclaration",
    "src": "data/js/programs_all/sca-/sails-ckeditor-sample/assets/ckeditor/plugins/dialog/plugin.js : 442 - 442"
  },
  {
    "left": "ID:keystroke",
    "right": "LIT:9",
    "op": "==",
    "leftType": "unknown",
    "rightType": "number",
    "parent": "LogicalExpression",
    "grandParent": "IfStatement",
    "src": "data/js/programs_all/sca-/sails-ckeditor-sample/assets/ckeditor/plugins/dialog/plugin.js : 447 - 447"
  },
  {
    "left": "ID:SHIFT",
    "right": "LIT:9",
    "op": "+",
    "leftType": "unknown",
    "rightType": "number",
    "parent": "BinaryExpression",
    "grandParent": "LogicalExpression",
    "src": "data/js/programs_all/sca-/sails-ckeditor-sample/assets/ckeditor/plugins/dialog/plugin.js : 447 - 447"
  },
  {
    "left": "ID:SHIFT",
    "right": "LIT:9",
    "op": "+",
    "leftType": "unknown",
    "rightType": "number",
    "parent": "BinaryExpression",
    "grandParent": "VariableDeclarator",
    "src": "data/js/programs_all/sca-/sails-ckeditor-sample/assets/ckeditor/plugins/dialog/plugin.js : 448 - 448"
  },
  {
    "left": "ID:ALT",
    "right": "LIT:121",
    "op": "+",
    "leftType": "unknown",
    "rightType": "number",
    "parent": "BinaryExpression",
    "grandParent": "LogicalExpression",
    "src": "data/js/programs_all/sca-/sails-ckeditor-sample/assets/ckeditor/plugins/dialog/plugin.js : 462 - 462"
  },
  {
    "left": "ID:getPageCount",
    "right": "LIT:1",
    "op": ">",
    "leftType": "unknown",
    "rightType": "number",
    "parent": "LogicalExpression",
    "grandParent": "IfStatement",
    "src": "data/js/programs_all/sca-/sails-ckeditor-sample/assets/ckeditor/plugins/dialog/plugin.js : 462 - 462"
  },
  {
    "left": "ID:keystroke",
    "right": "LIT:37",
    "op": "==",
    "leftType": "unknown",
    "rightType": "number",
    "parent": "LogicalExpression",
    "grandParent": "LogicalExpression",
    "src": "data/js/programs_all/sca-/sails-ckeditor-sample/assets/ckeditor/plugins/dialog/plugin.js : 467 - 467"
  },
  {
    "left": "ID:keystroke",
    "right": "LIT:39",
    "op": "==",
    "leftType": "unknown",
    "rightType": "number",
    "parent": "LogicalExpression",
    "grandParent": "LogicalExpression",
    "src": "data/js/programs_all/sca-/sails-ckeditor-sample/assets/ckeditor/plugins/dialog/plugin.js : 467 - 467"
  },
  {
    "left": "ID:keystroke",
    "right": "LIT:13",
    "op": "==",
    "leftType": "unknown",
    "rightType": "number",
    "parent": "LogicalExpression",
    "grandParent": "LogicalExpression",
    "src": "data/js/programs_all/sca-/sails-ckeditor-sample/assets/ckeditor/plugins/dialog/plugin.js : 473 - 473"
  },
  {
    "left": "ID:keystroke",
    "right": "LIT:32",
    "op": "==",
    "leftType": "unknown",
    "rightType": "number",
    "parent": "LogicalExpression",
    "grandParent": "LogicalExpression",
    "src": "data/js/programs_all/sca-/sails-ckeditor-sample/assets/ckeditor/plugins/dialog/plugin.js : 473 - 473"
  },
  {
    "left": "ID:keystroke",
    "right": "LIT:13",
    "op": "==",
    "leftType": "unknown",
    "rightType": "number",
    "parent": "IfStatement",
    "grandParent": "IfStatement",
    "src": "data/js/programs_all/sca-/sails-ckeditor-sample/assets/ckeditor/plugins/dialog/plugin.js : 481 - 481"
  },
  {
    "left": "ID:type",
    "right": "LIT:button",
    "op": "!=",
    "leftType": "unknown",
    "rightType": "string",
    "parent": "LogicalExpression",
    "grandParent": "LogicalExpression",
    "src": "data/js/programs_all/sca-/sails-ckeditor-sample/assets/ckeditor/plugins/dialog/plugin.js : 484 - 484"
  },
  {
    "left": "ID:keystroke",
    "right": "LIT:27",
    "op": "==",
    "leftType": "unknown",
    "rightType": "number",
    "parent": "IfStatement",
    "grandParent": "IfStatement",
    "src": "data/js/programs_all/sca-/sails-ckeditor-sample/assets/ckeditor/plugins/dialog/plugin.js : 490 - 490"
  },
  {
    "left": "ID:hide",
    "right": "LIT:false",
    "op": "!==",
    "leftType": "unknown",
    "rightType": "boolean",
    "parent": "IfStatement",
    "grandParent": "BlockStatement",
    "src": "data/js/programs_all/sca-/sails-ckeditor-sample/assets/ckeditor/plugins/dialog/plugin.js : 497 - 497"
  },
  {
    "left": "ID:pageCount",
    "right": "LIT:1",
    "op": ">",
    "leftType": "unknown",
    "rightType": "number",
    "parent": "LogicalExpression",
    "grandParent": "IfStatement",
    "src": "data/js/programs_all/sca-/sails-ckeditor-sample/assets/ckeditor/plugins/dialog/plugin.js : 549 - 549"
  },
  {
    "left": "ID:i",
    "right": "ID:length",
    "op": "<",
    "leftType": "unknown",
    "rightType": "unknown",
    "parent": "ForStatement",
    "grandParent": "BlockStatement",
    "src": "data/js/programs_all/sca-/sails-ckeditor-sample/assets/ckeditor/plugins/dialog/plugin.js : 585 - 585"
  },
  {
    "left": "ID:i",
    "right": "ID:length",
    "op": "<",
    "leftType": "unknown",
    "rightType": "unknown",
    "parent": "ForStatement",
    "grandParent": "BlockStatement",
    "src": "data/js/programs_all/sca-/sails-ckeditor-sample/assets/ckeditor/plugins/dialog/plugin.js : 617 - 617"
  },
  {
    "left": "ID:width",
    "right": "ID:width",
    "op": "==",
    "leftType": "unknown",
    "rightType": "unknown",
    "parent": "LogicalExpression",
    "grandParent": "LogicalExpression",
    "src": "data/js/programs_all/sca-/sails-ckeditor-sample/assets/ckeditor/plugins/dialog/plugin.js : 672 - 672"
  },
  {
    "left": "ID:height",
    "right": "ID:height",
    "op": "==",
    "leftType": "unknown",
    "rightType": "unknown",
    "parent": "LogicalExpression",
    "grandParent": "IfStatement",
    "src": "data/js/programs_all/sca-/sails-ckeditor-sample/assets/ckeditor/plugins/dialog/plugin.js : 672 - 672"
  },
  {
    "left": "ID:width",
    "right": "LIT:px",
    "op": "+",
    "leftType": "unknown",
    "rightType": "string",
    "parent": "Property",
    "grandParent": "ObjectExpression",
    "src": "data/js/programs_all/sca-/sails-ckeditor-sample/assets/ckeditor/plugins/dialog/plugin.js : 688 - 688"
  },
  {
    "left": "ID:height",
    "right": "LIT:px",
    "op": "+",
    "leftType": "unknown",
    "rightType": "string",
    "parent": "Property",
    "grandParent": "ObjectExpression",
    "src": "data/js/programs_all/sca-/sails-ckeditor-sample/assets/ckeditor/plugins/dialog/plugin.js : 689 - 689"
  },
  {
    "left": "ID:dir",
    "right": "LIT:rtl",
    "op": "==",
    "leftType": "unknown",
    "rightType": "string",
    "parent": "LogicalExpression",
    "grandParent": "IfStatement",
    "src": "data/js/programs_all/sca-/sails-ckeditor-sample/assets/ckeditor/plugins/dialog/plugin.js : 693 - 693"
  },
  {
    "left": "ID:width",
    "right": "ID:width",
    "op": "-",
    "leftType": "unknown",
    "rightType": "unknown",
    "parent": "BinaryExpression",
    "grandParent": "AssignmentExpression",
    "src": "data/js/programs_all/sca-/sails-ckeditor-sample/assets/ckeditor/plugins/dialog/plugin.js : 694 - 694"
  },
  {
    "left": "ID:dir",
    "right": "LIT:rtl",
    "op": "==",
    "leftType": "unknown",
    "rightType": "string",
    "parent": "VariableDeclarator",
    "grandParent": "VariableDeclaration",
    "src": "data/js/programs_all/sca-/sails-ckeditor-sample/assets/ckeditor/plugins/dialog/plugin.js : 728 - 728"
  },
  {
    "left": "ID:getComputedStyle",
    "right": "LIT:fixed",
    "op": "==",
    "leftType": "unknown",
    "rightType": "string",
    "parent": "VariableDeclarator",
    "grandParent": "VariableDeclaration",
    "src": "data/js/programs_all/sca-/sails-ckeditor-sample/assets/ckeditor/plugins/dialog/plugin.js : 729 - 729"
  },
  {
    "left": "ID:x",
    "right": "ID:x",
    "op": "==",
    "leftType": "unknown",
    "rightType": "unknown",
    "parent": "LogicalExpression",
    "grandParent": "LogicalExpression",
    "src": "data/js/programs_all/sca-/sails-ckeditor-sample/assets/ckeditor/plugins/dialog/plugin.js : 742 - 742"
  },
  {
    "left": "ID:y",
    "right": "ID:y",
    "op": "==",
    "leftType": "unknown",
    "rightType": "unknown",
    "parent": "LogicalExpression",
    "grandParent": "IfStatement",
    "src": "data/js/programs_all/sca-/sails-ckeditor-sample/assets/ckeditor/plugins/dialog/plugin.js : 742 - 742"
  },
  {
    "left": "ID:width",
    "right": "ID:width",
    "op": "-",
    "leftType": "unknown",
    "rightType": "unknown",
    "parent": "BinaryExpression",
    "grandParent": "AssignmentExpression",
    "src": "data/js/programs_all/sca-/sails-ckeditor-sample/assets/ckeditor/plugins/dialog/plugin.js : 758 - 758"
  },
  {
    "left": "ID:y",
    "right": "LIT:0",
    "op": ">",
    "leftType": "unknown",
    "rightType": "number",
    "parent": "ConditionalExpression",
    "grandParent": "BinaryExpression",
    "src": "data/js/programs_all/sca-/sails-ckeditor-sample/assets/ckeditor/plugins/dialog/plugin.js : 761 - 761"
  },
  {
    "left": "ID:x",
    "right": "LIT:0",
    "op": ">",
    "leftType": "unknown",
    "rightType": "number",
    "parent": "ConditionalExpression",
    "grandParent": "BinaryExpression",
    "src": "data/js/programs_all/sca-/sails-ckeditor-sample/assets/ckeditor/plugins/dialog/plugin.js : 762 - 762"
  },
  {
    "left": "ID:version",
    "right": "LIT:10900",
    "op": "<",
    "leftType": "unknown",
    "rightType": "number",
    "parent": "LogicalExpression",
    "grandParent": "IfStatement",
    "src": "data/js/programs_all/sca-/sails-ckeditor-sample/assets/ckeditor/plugins/dialog/plugin.js : 797 - 797"
  },
  {
    "left": "ID:currentZIndex",
    "right": "LIT:null",
    "op": "===",
    "leftType": "unknown",
    "rightType": "null",
    "parent": "IfStatement",
    "grandParent": "BlockStatement",
    "src": "data/js/programs_all/sca-/sails-ckeditor-sample/assets/ckeditor/plugins/dialog/plugin.js : 816 - 816"
  },
  {
    "left": "ID:currentTop",
    "right": "LIT:null",
    "op": "===",
    "leftType": "unknown",
    "rightType": "null",
    "parent": "IfStatement",
    "grandParent": "BlockStatement",
    "src": "data/js/programs_all/sca-/sails-ckeditor-sample/assets/ckeditor/plugins/dialog/plugin.js : 821 - 821"
  },
  {
    "left": "ID:baseFloatZIndex",
    "right": "LIT:2",
    "op": "/",
    "leftType": "unknown",
    "rightType": "number",
    "parent": "CallExpression",
    "grandParent": "AssignmentExpression",
    "src": "data/js/programs_all/sca-/sails-ckeditor-sample/assets/ckeditor/plugins/dialog/plugin.js : 829 - 829"
  },
  {
    "left": "ID:type",
    "right": "LIT:hbox",
    "op": "==",
    "leftType": "unknown",
    "rightType": "string",
    "parent": "LogicalExpression",
    "grandParent": "LogicalExpression",
    "src": "data/js/programs_all/sca-/sails-ckeditor-sample/assets/ckeditor/plugins/dialog/plugin.js : 854 - 854"
  },
  {
    "left": "ID:type",
    "right": "LIT:vbox",
    "op": "==",
    "leftType": "unknown",
    "rightType": "string",
    "parent": "LogicalExpression",
    "grandParent": "LogicalExpression",
    "src": "data/js/programs_all/sca-/sails-ckeditor-sample/assets/ckeditor/plugins/dialog/plugin.js : 854 - 854"
  },
  {
    "left": "ID:width",
    "right": "ID:width",
    "op": "-",
    "leftType": "unknown",
    "rightType": "unknown",
    "parent": "BinaryExpression",
    "grandParent": "VariableDeclarator",
    "src": "data/js/programs_all/sca-/sails-ckeditor-sample/assets/ckeditor/plugins/dialog/plugin.js : 906 - 906"
  },
  {
    "left": "ID:height",
    "right": "ID:height",
    "op": "-",
    "leftType": "unknown",
    "rightType": "unknown",
    "parent": "BinaryExpression",
    "grandParent": "VariableDeclarator",
    "src": "data/js/programs_all/sca-/sails-ckeditor-sample/assets/ckeditor/plugins/dialog/plugin.js : 907 - 907"
  },
  {
    "left": "ID:posY",
    "right": "LIT:0",
    "op": ">",
    "leftType": "unknown",
    "rightType": "number",
    "parent": "ConditionalExpression",
    "grandParent": "BinaryExpression",
    "src": "data/js/programs_all/sca-/sails-ckeditor-sample/assets/ckeditor/plugins/dialog/plugin.js : 911 - 911"
  },
  {
    "left": "ID:posX",
    "right": "LIT:0",
    "op": ">",
    "leftType": "unknown",
    "rightType": "number",
    "parent": "ConditionalExpression",
    "grandParent": "BinaryExpression",
    "src": "data/js/programs_all/sca-/sails-ckeditor-sample/assets/ckeditor/plugins/dialog/plugin.js : 912 - 912"
  },
  {
    "left": "ID:currentFocusIndex",
    "right": "ID:focusIndex",
    "op": "==",
    "leftType": "unknown",
    "rightType": "unknown",
    "parent": "LogicalExpression",
    "grandParent": "IfStatement",
    "src": "data/js/programs_all/sca-/sails-ckeditor-sample/assets/ckeditor/plugins/dialog/plugin.js : 988 - 988"
  },
  {
    "left": "ID:currentTop",
    "right": "LIT:this",
    "op": "!=",
    "leftType": "unknown",
    "rightType": "object",
    "parent": "WhileStatement",
    "grandParent": "BlockStatement",
    "src": "data/js/programs_all/sca-/sails-ckeditor-sample/assets/ckeditor/plugins/dialog/plugin.js : 1016 - 1016"
  },
  {
    "left": "ID:parseInt",
    "right": "ID:floor",
    "op": "+",
    "leftType": "unknown",
    "rightType": "unknown",
    "parent": "CallExpression",
    "grandParent": "ExpressionStatement",
    "src": "data/js/programs_all/sca-/sails-ckeditor-sample/assets/ckeditor/plugins/dialog/plugin.js : 1024 - 1024"
  },
  {
    "left": "ID:baseFloatZIndex",
    "right": "LIT:2",
    "op": "/",
    "leftType": "unknown",
    "rightType": "number",
    "parent": "CallExpression",
    "grandParent": "BinaryExpression",
    "src": "data/js/programs_all/sca-/sails-ckeditor-sample/assets/ckeditor/plugins/dialog/plugin.js : 1024 - 1024"
  },
  {
    "left": "LIT: title=\"",
    "right": "ID:htmlEncode",
    "op": "+",
    "leftType": "string",
    "rightType": "unknown",
    "parent": "BinaryExpression",
    "grandParent": "ConditionalExpression",
    "src": "data/js/programs_all/sca-/sails-ckeditor-sample/assets/ckeditor/plugins/dialog/plugin.js : 1062 - 1062"
  },
  {
    "left": "ID:type",
    "right": "LIT:hbox",
    "op": "!=",
    "leftType": "unknown",
    "rightType": "string",
    "parent": "LogicalExpression",
    "grandParent": "LogicalExpression",
    "src": "data/js/programs_all/sca-/sails-ckeditor-sample/assets/ckeditor/plugins/dialog/plugin.js : 1080 - 1080"
  },
  {
    "left": "ID:type",
    "right": "LIT:vbox",
    "op": "!=",
    "leftType": "unknown",
    "rightType": "string",
    "parent": "LogicalExpression",
    "grandParent": "IfStatement",
    "src": "data/js/programs_all/sca-/sails-ckeditor-sample/assets/ckeditor/plugins/dialog/plugin.js : 1080 - 1080"
  },
  {
    "left": "LIT:cke_",
    "right": "ID:id",
    "op": "+",
    "leftType": "string",
    "rightType": "unknown",
    "parent": "BinaryExpression",
    "grandParent": "BinaryExpression",
    "src": "data/js/programs_all/sca-/sails-ckeditor-sample/assets/ckeditor/plugins/dialog/plugin.js : 1097 - 1097"
  },
  {
    "left": "ID:pageCount",
    "right": "LIT:0",
    "op": ">",
    "leftType": "unknown",
    "rightType": "number",
    "parent": "ConditionalExpression",
    "grandParent": "ArrayExpression",
    "src": "data/js/programs_all/sca-/sails-ckeditor-sample/assets/ckeditor/plugins/dialog/plugin.js : 1100 - 1100"
  },
  {
    "left": "ID:version",
    "right": "LIT:10900",
    "op": ">=",
    "leftType": "unknown",
    "rightType": "number",
    "parent": "LogicalExpression",
    "grandParent": "LogicalExpression",
    "src": "data/js/programs_all/sca-/sails-ckeditor-sample/assets/ckeditor/plugins/dialog/plugin.js : 1104 - 1104"
  },
  {
    "left": "LIT:CTRL+",
    "right": "ID:accessKey",
    "op": "+",
    "leftType": "string",
    "rightType": "unknown",
    "parent": "CallExpression",
    "grandParent": "ExpressionStatement",
    "src": "data/js/programs_all/sca-/sails-ckeditor-sample/assets/ckeditor/plugins/dialog/plugin.js : 1131 - 1131"
  },
  {
    "left": "LIT:CTRL+",
    "right": "ID:accessKey",
    "op": "+",
    "leftType": "string",
    "rightType": "unknown",
    "parent": "MemberExpression",
    "grandParent": "AssignmentExpression",
    "src": "data/js/programs_all/sca-/sails-ckeditor-sample/assets/ckeditor/plugins/dialog/plugin.js : 1132 - 1132"
  },
  {
    "left": "ID:currentTabId",
    "right": "ID:id",
    "op": "==",
    "leftType": "unknown",
    "rightType": "unknown",
    "parent": "IfStatement",
    "grandParent": "BlockStatement",
    "src": "data/js/programs_all/sca-/sails-ckeditor-sample/assets/ckeditor/plugins/dialog/plugin.js : 1144 - 1144"
  },
  {
    "left": "ID:fire",
    "right": "LIT:true",
    "op": "===",
    "leftType": "unknown",
    "rightType": "boolean",
    "parent": "IfStatement",
    "grandParent": "BlockStatement",
    "src": "data/js/programs_all/sca-/sails-ckeditor-sample/assets/ckeditor/plugins/dialog/plugin.js : 1151 - 1151"
  },
  {
    "left": "ID:i",
    "right": "ID:id",
    "op": "!=",
    "leftType": "unknown",
    "rightType": "unknown",
    "parent": "IfStatement",
    "grandParent": "BlockStatement",
    "src": "data/js/programs_all/sca-/sails-ckeditor-sample/assets/ckeditor/plugins/dialog/plugin.js : 1158 - 1158"
  },
  {
    "left": "ID:i",
    "right": "ID:id",
    "op": "!=",
    "leftType": "unknown",
    "rightType": "unknown",
    "parent": "CallExpression",
    "grandParent": "ExpressionStatement",
    "src": "data/js/programs_all/sca-/sails-ckeditor-sample/assets/ckeditor/plugins/dialog/plugin.js : 1162 - 1162"
  },
  {
    "left": "ID:pageCount",
    "right": "LIT:1",
    "op": "===",
    "leftType": "unknown",
    "rightType": "number",
    "parent": "ConditionalExpression",
    "grandParent": "BinaryExpression",
    "src": "data/js/programs_all/sca-/sails-ckeditor-sample/assets/ckeditor/plugins/dialog/plugin.js : 1189 - 1189"
  },
  {
    "left": "ID:pageCount",
    "right": "LIT:1",
    "op": "==",
    "leftType": "unknown",
    "rightType": "number",
    "parent": "LogicalExpression",
    "grandParent": "LogicalExpression",
    "src": "data/js/programs_all/sca-/sails-ckeditor-sample/assets/ckeditor/plugins/dialog/plugin.js : 1201 - 1201"
  },
  {
    "left": "ID:id",
    "right": "ID:currentTabId",
    "op": "==",
    "leftType": "unknown",
    "rightType": "unknown",
    "parent": "IfStatement",
    "grandParent": "IfStatement",
    "src": "data/js/programs_all/sca-/sails-ckeditor-sample/assets/ckeditor/plugins/dialog/plugin.js : 1204 - 1204"
  },
  {
    "left": "ID:index",
    "right": "LIT:1",
    "op": "+",
    "leftType": "unknown",
    "rightType": "number",
    "parent": "VariableDeclarator",
    "grandParent": "VariableDeclaration",
    "src": "data/js/programs_all/sca-/sails-ckeditor-sample/assets/ckeditor/plugins/dialog/plugin.js : 1370 - 1370"
  },
  {
    "left": "ID:i",
    "right": "ID:length",
    "op": "<",
    "leftType": "unknown",
    "rightType": "unknown",
    "parent": "ForStatement",
    "grandParent": "BlockStatement",
    "src": "data/js/programs_all/sca-/sails-ckeditor-sample/assets/ckeditor/plugins/dialog/plugin.js : 1370 - 1370"
  },
  {
    "left": "LIT:(?:^|;)",
    "right": "ID:dialogName",
    "op": "+",
    "leftType": "string",
    "rightType": "unknown",
    "parent": "BinaryExpression",
    "grandParent": "BinaryExpression",
    "src": "data/js/programs_all/sca-/sails-ckeditor-sample/assets/ckeditor/plugins/dialog/plugin.js : 1484 - 1484"
  },
  {
    "left": "ID:hide",
    "right": "LIT:false",
    "op": "!==",
    "leftType": "unknown",
    "rightType": "boolean",
    "parent": "IfStatement",
    "grandParent": "BlockStatement",
    "src": "data/js/programs_all/sca-/sails-ckeditor-sample/assets/ckeditor/plugins/dialog/plugin.js : 1503 - 1503"
  },
  {
    "left": "ID:hide",
    "right": "LIT:false",
    "op": "!==",
    "leftType": "unknown",
    "rightType": "boolean",
    "parent": "IfStatement",
    "grandParent": "BlockStatement",
    "src": "data/js/programs_all/sca-/sails-ckeditor-sample/assets/ckeditor/plugins/dialog/plugin.js : 1534 - 1534"
  },
  {
    "left": "ID:id",
    "right": "ID:id",
    "op": "==",
    "leftType": "unknown",
    "rightType": "unknown",
    "parent": "IfStatement",
    "grandParent": "BlockStatement",
    "src": "data/js/programs_all/sca-/sails-ckeditor-sample/assets/ckeditor/plugins/dialog/plugin.js : 1586 - 1586"
  },
  {
    "left": "ID:id",
    "right": "ID:nextSiblingId",
    "op": "==",
    "leftType": "unknown",
    "rightType": "unknown",
    "parent": "IfStatement",
    "grandParent": "BlockStatement",
    "src": "data/js/programs_all/sca-/sails-ckeditor-sample/assets/ckeditor/plugins/dialog/plugin.js : 1602 - 1602"
  },
  {
    "left": "ID:id",
    "right": "ID:id",
    "op": "==",
    "leftType": "unknown",
    "rightType": "unknown",
    "parent": "IfStatement",
    "grandParent": "BlockStatement",
    "src": "data/js/programs_all/sca-/sails-ckeditor-sample/assets/ckeditor/plugins/dialog/plugin.js : 1626 - 1626"
  },
  {
    "left": "ID:x",
    "right": "ID:x",
    "op": "-",
    "leftType": "unknown",
    "rightType": "unknown",
    "parent": "VariableDeclarator",
    "grandParent": "VariableDeclaration",
    "src": "data/js/programs_all/sca-/sails-ckeditor-sample/assets/ckeditor/plugins/dialog/plugin.js : 1814 - 1814"
  },
  {
    "left": "ID:y",
    "right": "ID:y",
    "op": "-",
    "leftType": "unknown",
    "rightType": "unknown",
    "parent": "VariableDeclarator",
    "grandParent": "VariableDeclaration",
    "src": "data/js/programs_all/sca-/sails-ckeditor-sample/assets/ckeditor/plugins/dialog/plugin.js : 1815 - 1815"
  },
  {
    "left": "ID:x",
    "right": "ID:margins",
    "op": "+",
    "leftType": "unknown",
    "rightType": "unknown",
    "parent": "BinaryExpression",
    "grandParent": "IfStatement",
    "src": "data/js/programs_all/sca-/sails-ckeditor-sample/assets/ckeditor/plugins/dialog/plugin.js : 1822 - 1822"
  },
  {
    "left": "ID:x",
    "right": "ID:margins",
    "op": "-",
    "leftType": "unknown",
    "rightType": "unknown",
    "parent": "BinaryExpression",
    "grandParent": "IfStatement",
    "src": "data/js/programs_all/sca-/sails-ckeditor-sample/assets/ckeditor/plugins/dialog/plugin.js : 1824 - 1824"
  },
  {
    "left": "ID:width",
    "right": "ID:width",
    "op": "-",
    "leftType": "unknown",
    "rightType": "unknown",
    "parent": "BinaryExpression",
    "grandParent": "BinaryExpression",
    "src": "data/js/programs_all/sca-/sails-ckeditor-sample/assets/ckeditor/plugins/dialog/plugin.js : 1824 - 1824"
  },
  {
    "left": "ID:width",
    "right": "ID:width",
    "op": "-",
    "leftType": "unknown",
    "rightType": "unknown",
    "parent": "BinaryExpression",
    "grandParent": "AssignmentExpression",
    "src": "data/js/programs_all/sca-/sails-ckeditor-sample/assets/ckeditor/plugins/dialog/plugin.js : 1825 - 1825"
  },
  {
    "left": "ID:dir",
    "right": "LIT:rtl",
    "op": "==",
    "leftType": "unknown",
    "rightType": "string",
    "parent": "ConditionalExpression",
    "grandParent": "BinaryExpression",
    "src": "data/js/programs_all/sca-/sails-ckeditor-sample/assets/ckeditor/plugins/dialog/plugin.js : 1825 - 1825"
  },
  {
    "left": "ID:y",
    "right": "ID:margins",
    "op": "+",
    "leftType": "unknown",
    "rightType": "unknown",
    "parent": "BinaryExpression",
    "grandParent": "IfStatement",
    "src": "data/js/programs_all/sca-/sails-ckeditor-sample/assets/ckeditor/plugins/dialog/plugin.js : 1829 - 1829"
  },
  {
    "left": "ID:y",
    "right": "ID:margins",
    "op": "-",
    "leftType": "unknown",
    "rightType": "unknown",
    "parent": "BinaryExpression",
    "grandParent": "IfStatement",
    "src": "data/js/programs_all/sca-/sails-ckeditor-sample/assets/ckeditor/plugins/dialog/plugin.js : 1831 - 1831"
  },
  {
    "left": "ID:height",
    "right": "ID:height",
    "op": "-",
    "leftType": "unknown",
    "rightType": "unknown",
    "parent": "BinaryExpression",
    "grandParent": "BinaryExpression",
    "src": "data/js/programs_all/sca-/sails-ckeditor-sample/assets/ckeditor/plugins/dialog/plugin.js : 1831 - 1831"
  },
  {
    "left": "ID:height",
    "right": "ID:height",
    "op": "-",
    "leftType": "unknown",
    "rightType": "unknown",
    "parent": "BinaryExpression",
    "grandParent": "AssignmentExpression",
    "src": "data/js/programs_all/sca-/sails-ckeditor-sample/assets/ckeditor/plugins/dialog/plugin.js : 1832 - 1832"
  },
  {
    "left": "ID:resizable",
    "right": "ID:DIALOG_RESIZE_NONE",
    "op": "==",
    "leftType": "unknown",
    "rightType": "unknown",
    "parent": "IfStatement",
    "grandParent": "BlockStatement",
    "src": "data/js/programs_all/sca-/sails-ckeditor-sample/assets/ckeditor/plugins/dialog/plugin.js : 1873 - 1873"
  },
  {
    "left": "ID:height",
    "right": "ID:getSize",
    "op": "-",
    "leftType": "unknown",
    "rightType": "unknown",
    "parent": "AssignmentExpression",
    "grandParent": "ExpressionStatement",
    "src": "data/js/programs_all/sca-/sails-ckeditor-sample/assets/ckeditor/plugins/dialog/plugin.js : 1892 - 1892"
  },
  {
    "left": "ID:width",
    "right": "ID:getSize",
    "op": "-",
    "leftType": "unknown",
    "rightType": "unknown",
    "parent": "AssignmentExpression",
    "grandParent": "ExpressionStatement",
    "src": "data/js/programs_all/sca-/sails-ckeditor-sample/assets/ckeditor/plugins/dialog/plugin.js : 1893 - 1893"
  },
  {
    "left": "ID:resizable",
    "right": "ID:DIALOG_RESIZE_WIDTH",
    "op": "==",
    "leftType": "unknown",
    "rightType": "unknown",
    "parent": "IfStatement",
    "grandParent": "BlockStatement",
    "src": "data/js/programs_all/sca-/sails-ckeditor-sample/assets/ckeditor/plugins/dialog/plugin.js : 1914 - 1914"
  },
  {
    "left": "ID:resizable",
    "right": "ID:DIALOG_RESIZE_HEIGHT",
    "op": "==",
    "leftType": "unknown",
    "rightType": "unknown",
    "parent": "IfStatement",
    "grandParent": "IfStatement",
    "src": "data/js/programs_all/sca-/sails-ckeditor-sample/assets/ckeditor/plugins/dialog/plugin.js : 1916 - 1916"
  },
  {
    "left": "LIT:<div",
    "right": "LIT: class=\"cke_resizer",
    "op": "+",
    "leftType": "string",
    "rightType": "string",
    "parent": "BinaryExpression",
    "grandParent": "BinaryExpression",
    "src": "data/js/programs_all/sca-/sails-ckeditor-sample/assets/ckeditor/plugins/dialog/plugin.js : 1919 - 1920"
  },
  {
    "left": "ID:dir",
    "right": "LIT:ltr",
    "op": "==",
    "leftType": "unknown",
    "rightType": "string",
    "parent": "ConditionalExpression",
    "grandParent": "BinaryExpression",
    "src": "data/js/programs_all/sca-/sails-ckeditor-sample/assets/ckeditor/plugins/dialog/plugin.js : 1925 - 1925"
  },
  {
    "left": "ID:dir",
    "right": "LIT:rtl",
    "op": "==",
    "leftType": "unknown",
    "rightType": "string",
    "parent": "VariableDeclarator",
    "grandParent": "VariableDeclaration",
    "src": "data/js/programs_all/sca-/sails-ckeditor-sample/assets/ckeditor/plugins/dialog/plugin.js : 1934 - 1934"
  },
  {
    "left": "ID:screenX",
    "right": "ID:x",
    "op": "-",
    "leftType": "unknown",
    "rightType": "unknown",
    "parent": "BinaryExpression",
    "grandParent": "VariableDeclarator",
    "src": "data/js/programs_all/sca-/sails-ckeditor-sample/assets/ckeditor/plugins/dialog/plugin.js : 1935 - 1935"
  },
  {
    "left": "ID:screenY",
    "right": "ID:y",
    "op": "-",
    "leftType": "unknown",
    "rightType": "unknown",
    "parent": "VariableDeclarator",
    "grandParent": "VariableDeclaration",
    "src": "data/js/programs_all/sca-/sails-ckeditor-sample/assets/ckeditor/plugins/dialog/plugin.js : 1936 - 1936"
  },
  {
    "left": "ID:y",
    "right": "ID:internalHeight",
    "op": "+",
    "leftType": "unknown",
    "rightType": "unknown",
    "parent": "BinaryExpression",
    "grandParent": "IfStatement",
    "src": "data/js/programs_all/sca-/sails-ckeditor-sample/assets/ckeditor/plugins/dialog/plugin.js : 1945 - 1945"
  },
  {
    "left": "ID:height",
    "right": "ID:y",
    "op": "-",
    "leftType": "unknown",
    "rightType": "unknown",
    "parent": "AssignmentExpression",
    "grandParent": "ExpressionStatement",
    "src": "data/js/programs_all/sca-/sails-ckeditor-sample/assets/ckeditor/plugins/dialog/plugin.js : 1946 - 1946"
  },
  {
    "left": "ID:resizable",
    "right": "ID:DIALOG_RESIZE_WIDTH",
    "op": "==",
    "leftType": "unknown",
    "rightType": "unknown",
    "parent": "LogicalExpression",
    "grandParent": "IfStatement",
    "src": "data/js/programs_all/sca-/sails-ckeditor-sample/assets/ckeditor/plugins/dialog/plugin.js : 1952 - 1952"
  },
  {
    "left": "ID:resizable",
    "right": "ID:DIALOG_RESIZE_BOTH",
    "op": "==",
    "leftType": "unknown",
    "rightType": "unknown",
    "parent": "LogicalExpression",
    "grandParent": "IfStatement",
    "src": "data/js/programs_all/sca-/sails-ckeditor-sample/assets/ckeditor/plugins/dialog/plugin.js : 1952 - 1952"
  },
  {
    "left": "ID:internalWidth",
    "right": "ID:wrapperWidth",
    "op": "-",
    "leftType": "unknown",
    "rightType": "unknown",
    "parent": "CallExpression",
    "grandParent": "AssignmentExpression",
    "src": "data/js/programs_all/sca-/sails-ckeditor-sample/assets/ckeditor/plugins/dialog/plugin.js : 1953 - 1953"
  },
  {
    "left": "ID:resizable",
    "right": "ID:DIALOG_RESIZE_HEIGHT",
    "op": "==",
    "leftType": "unknown",
    "rightType": "unknown",
    "parent": "LogicalExpression",
    "grandParent": "IfStatement",
    "src": "data/js/programs_all/sca-/sails-ckeditor-sample/assets/ckeditor/plugins/dialog/plugin.js : 1955 - 1955"
  },
  {
    "left": "ID:resizable",
    "right": "ID:DIALOG_RESIZE_BOTH",
    "op": "==",
    "leftType": "unknown",
    "rightType": "unknown",
    "parent": "LogicalExpression",
    "grandParent": "IfStatement",
    "src": "data/js/programs_all/sca-/sails-ckeditor-sample/assets/ckeditor/plugins/dialog/plugin.js : 1955 - 1955"
  },
  {
    "left": "ID:internalHeight",
    "right": "ID:wrapperHeight",
    "op": "-",
    "leftType": "unknown",
    "rightType": "unknown",
    "parent": "CallExpression",
    "grandParent": "AssignmentExpression",
    "src": "data/js/programs_all/sca-/sails-ckeditor-sample/assets/ckeditor/plugins/dialog/plugin.js : 1956 - 1956"
  },
  {
    "left": "LIT:background-color: ",
    "right": "ID:backgroundColorStyle",
    "op": "+",
    "leftType": "string",
    "rightType": "unknown",
    "parent": "ConditionalExpression",
    "grandParent": "ArrayExpression",
    "src": "data/js/programs_all/sca-/sails-ckeditor-sample/assets/ckeditor/plugins/dialog/plugin.js : 2007 - 2007"
  },
  {
    "left": "LIT:<html><body style=\\'background-color:",
    "right": "ID:backgroundColorStyle",
    "op": "+",
    "leftType": "string",
    "rightType": "unknown",
    "parent": "BinaryExpression",
    "grandParent": "VariableDeclarator",
    "src": "data/js/programs_all/sca-/sails-ckeditor-sample/assets/ckeditor/plugins/dialog/plugin.js : 2013 - 2013"
  },
  {
    "left": "LIT:<iframe",
    "right": "LIT: hidefocus=\"true\"",
    "op": "+",
    "leftType": "string",
    "rightType": "string",
    "parent": "BinaryExpression",
    "grandParent": "BinaryExpression",
    "src": "data/js/programs_all/sca-/sails-ckeditor-sample/assets/ckeditor/plugins/dialog/plugin.js : 2015 - 2016"
  },
  {
    "left": "LIT:void((function(){",
    "right": "ID:encodeURIComponent",
    "op": "+",
    "leftType": "string",
    "rightType": "unknown",
    "parent": "BinaryExpression",
    "grandParent": "CallExpression",
    "src": "data/js/programs_all/sca-/sails-ckeditor-sample/assets/ckeditor/plugins/dialog/plugin.js : 2021 - 2027"
  },
  {
    "left": "LIT:document.open();",
    "right": "LIT:(",
    "op": "+",
    "leftType": "string",
    "rightType": "string",
    "parent": "BinaryExpression",
    "grandParent": "BinaryExpression",
    "src": "data/js/programs_all/sca-/sails-ckeditor-sample/assets/ckeditor/plugins/dialog/plugin.js : 2022 - 2024"
  },
  {
    "left": "LIT:\"",
    "right": "LIT: style=\"",
    "op": "+",
    "leftType": "string",
    "rightType": "string",
    "parent": "BinaryExpression",
    "grandParent": "BinaryExpression",
    "src": "data/js/programs_all/sca-/sails-ckeditor-sample/assets/ckeditor/plugins/dialog/plugin.js : 2029 - 2030"
  },
  {
    "left": "ID:backgroundCoverOpacity",
    "right": "ID:undefined",
    "op": "!=",
    "leftType": "unknown",
    "rightType": "undefined",
    "parent": "ConditionalExpression",
    "grandParent": "CallExpression",
    "src": "data/js/programs_all/sca-/sails-ckeditor-sample/assets/ckeditor/plugins/dialog/plugin.js : 2043 - 2043"
  },
  {
    "left": "ID:width",
    "right": "LIT:px",
    "op": "+",
    "leftType": "unknown",
    "rightType": "string",
    "parent": "Property",
    "grandParent": "ObjectExpression",
    "src": "data/js/programs_all/sca-/sails-ckeditor-sample/assets/ckeditor/plugins/dialog/plugin.js : 2061 - 2061"
  },
  {
    "left": "ID:height",
    "right": "LIT:px",
    "op": "+",
    "leftType": "unknown",
    "rightType": "string",
    "parent": "Property",
    "grandParent": "ObjectExpression",
    "src": "data/js/programs_all/sca-/sails-ckeditor-sample/assets/ckeditor/plugins/dialog/plugin.js : 2062 - 2062"
  },
  {
    "left": "ID:x",
    "right": "LIT:px",
    "op": "+",
    "leftType": "unknown",
    "rightType": "string",
    "parent": "Property",
    "grandParent": "ObjectExpression",
    "src": "data/js/programs_all/sca-/sails-ckeditor-sample/assets/ckeditor/plugins/dialog/plugin.js : 2070 - 2070"
  },
  {
    "left": "ID:y",
    "right": "LIT:px",
    "op": "+",
    "leftType": "unknown",
    "rightType": "string",
    "parent": "Property",
    "grandParent": "ObjectExpression",
    "src": "data/js/programs_all/sca-/sails-ckeditor-sample/assets/ckeditor/plugins/dialog/plugin.js : 2071 - 2071"
  },
  {
    "left": "ID:length",
    "right": "LIT:1",
    "op": "-",
    "leftType": "unknown",
    "rightType": "number",
    "parent": "MemberExpression",
    "grandParent": "AssignmentExpression",
    "src": "data/js/programs_all/sca-/sails-ckeditor-sample/assets/ckeditor/plugins/dialog/plugin.js : 2141 - 2141"
  },
  {
    "left": "ID:length",
    "right": "LIT:1",
    "op": "-",
    "leftType": "unknown",
    "rightType": "number",
    "parent": "MemberExpression",
    "grandParent": "AssignmentExpression",
    "src": "data/js/programs_all/sca-/sails-ckeditor-sample/assets/ckeditor/plugins/dialog/plugin.js : 2156 - 2156"
  },
  {
    "left": "ID:length",
    "right": "LIT:1",
    "op": "-",
    "leftType": "unknown",
    "rightType": "number",
    "parent": "VariableDeclarator",
    "grandParent": "VariableDeclaration",
    "src": "data/js/programs_all/sca-/sails-ckeditor-sample/assets/ckeditor/plugins/dialog/plugin.js : 2177 - 2177"
  },
  {
    "left": "ID:j",
    "right": "LIT:0",
    "op": ">=",
    "leftType": "unknown",
    "rightType": "number",
    "parent": "ForStatement",
    "grandParent": "BlockStatement",
    "src": "data/js/programs_all/sca-/sails-ckeditor-sample/assets/ckeditor/plugins/dialog/plugin.js : 2177 - 2177"
  },
  {
    "left": "ID:dialog",
    "right": "ID:obj",
    "op": "==",
    "leftType": "unknown",
    "rightType": "unknown",
    "parent": "LogicalExpression",
    "grandParent": "IfStatement",
    "src": "data/js/programs_all/sca-/sails-ckeditor-sample/assets/ckeditor/plugins/dialog/plugin.js : 2178 - 2178"
  },
  {
    "left": "ID:uiElement",
    "right": "ID:obj",
    "op": "==",
    "leftType": "unknown",
    "rightType": "unknown",
    "parent": "LogicalExpression",
    "grandParent": "IfStatement",
    "src": "data/js/programs_all/sca-/sails-ckeditor-sample/assets/ckeditor/plugins/dialog/plugin.js : 2178 - 2178"
  },
  {
    "left": "ID:length",
    "right": "LIT:0",
    "op": "===",
    "leftType": "unknown",
    "rightType": "number",
    "parent": "IfStatement",
    "grandParent": "BlockStatement",
    "src": "data/js/programs_all/sca-/sails-ckeditor-sample/assets/ckeditor/plugins/dialog/plugin.js : 2181 - 2181"
  },
  {
    "left": "ID:length",
    "right": "LIT:4",
    "op": "<",
    "leftType": "unknown",
    "rightType": "number",
    "parent": "IfStatement",
    "grandParent": "BlockStatement",
    "src": "data/js/programs_all/sca-/sails-ckeditor-sample/assets/ckeditor/plugins/dialog/plugin.js : 2244 - 2244"
  },
  {
    "left": "ID:getNextId",
    "right": "LIT:_uiElement",
    "op": "+",
    "leftType": "unknown",
    "rightType": "string",
    "parent": "LogicalExpression",
    "grandParent": "AssignmentExpression",
    "src": "data/js/programs_all/sca-/sails-ckeditor-sample/assets/ckeditor/plugins/dialog/plugin.js : 2252 - 2252"
  },
  {
    "left": "LIT:cke_dialog_ui_",
    "right": "ID:type",
    "op": "+",
    "leftType": "string",
    "rightType": "unknown",
    "parent": "MemberExpression",
    "grandParent": "AssignmentExpression",
    "src": "data/js/programs_all/sca-/sails-ckeditor-sample/assets/ckeditor/plugins/dialog/plugin.js : 2267 - 2267"
  },
  {
    "left": "ID:i",
    "right": "ID:length",
    "op": "<",
    "leftType": "unknown",
    "rightType": "unknown",
    "parent": "ForStatement",
    "grandParent": "BlockStatement",
    "src": "data/js/programs_all/sca-/sails-ckeditor-sample/assets/ckeditor/plugins/dialog/plugin.js : 2274 - 2274"
  },
  {
    "left": "ID:align",
    "right": "LIT:left",
    "op": "==",
    "leftType": "unknown",
    "rightType": "string",
    "parent": "ConditionalExpression",
    "grandParent": "AssignmentExpression",
    "src": "data/js/programs_all/sca-/sails-ckeditor-sample/assets/ckeditor/plugins/dialog/plugin.js : 2293 - 2293"
  },
  {
    "left": "ID:align",
    "right": "LIT:right",
    "op": "==",
    "leftType": "unknown",
    "rightType": "string",
    "parent": "ConditionalExpression",
    "grandParent": "AssignmentExpression",
    "src": "data/js/programs_all/sca-/sails-ckeditor-sample/assets/ckeditor/plugins/dialog/plugin.js : 2294 - 2294"
  },
  {
    "left": "ID:i",
    "right": "LIT::",
    "op": "+",
    "leftType": "unknown",
    "rightType": "string",
    "parent": "BinaryExpression",
    "grandParent": "CallExpression",
    "src": "data/js/programs_all/sca-/sails-ckeditor-sample/assets/ckeditor/plugins/dialog/plugin.js : 2298 - 2298"
  },
  {
    "left": "ID:length",
    "right": "LIT:1",
    "op": "-",
    "leftType": "unknown",
    "rightType": "number",
    "parent": "AssignmentExpression",
    "grandParent": "ForStatement",
    "src": "data/js/programs_all/sca-/sails-ckeditor-sample/assets/ckeditor/plugins/dialog/plugin.js : 2301 - 2301"
  },
  {
    "left": "ID:i",
    "right": "LIT:0",
    "op": ">=",
    "leftType": "unknown",
    "rightType": "number",
    "parent": "ForStatement",
    "grandParent": "BlockStatement",
    "src": "data/js/programs_all/sca-/sails-ckeditor-sample/assets/ckeditor/plugins/dialog/plugin.js : 2301 - 2301"
  },
  {
    "left": "ID:styleStr",
    "right": "LIT:",
    "op": "===",
    "leftType": "unknown",
    "rightType": "string",
    "parent": "IfStatement",
    "grandParent": "BlockStatement",
    "src": "data/js/programs_all/sca-/sails-ckeditor-sample/assets/ckeditor/plugins/dialog/plugin.js : 2302 - 2302"
  },
  {
    "left": "ID:length",
    "right": "LIT:0",
    "op": ">",
    "leftType": "unknown",
    "rightType": "number",
    "parent": "IfStatement",
    "grandParent": "BlockStatement",
    "src": "data/js/programs_all/sca-/sails-ckeditor-sample/assets/ckeditor/plugins/dialog/plugin.js : 2305 - 2305"
  },
  {
    "left": "ID:style",
    "right": "LIT:; ",
    "op": "+",
    "leftType": "unknown",
    "rightType": "string",
    "parent": "ConditionalExpression",
    "grandParent": "BinaryExpression",
    "src": "data/js/programs_all/sca-/sails-ckeditor-sample/assets/ckeditor/plugins/dialog/plugin.js : 2306 - 2306"
  },
  {
    "left": "ID:i",
    "right": "LIT:=\"",
    "op": "+",
    "leftType": "unknown",
    "rightType": "string",
    "parent": "BinaryExpression",
    "grandParent": "BinaryExpression",
    "src": "data/js/programs_all/sca-/sails-ckeditor-sample/assets/ckeditor/plugins/dialog/plugin.js : 2310 - 2310"
  },
  {
    "left": "LIT:CTRL+",
    "right": "ID:accessKey",
    "op": "+",
    "leftType": "string",
    "rightType": "unknown",
    "parent": "CallExpression",
    "grandParent": "ExpressionStatement",
    "src": "data/js/programs_all/sca-/sails-ckeditor-sample/assets/ckeditor/plugins/dialog/plugin.js : 2350 - 2350"
  },
  {
    "left": "ID:version",
    "right": "LIT:8",
    "op": "<",
    "leftType": "unknown",
    "rightType": "number",
    "parent": "LogicalExpression",
    "grandParent": "ConditionalExpression",
    "src": "data/js/programs_all/sca-/sails-ckeditor-sample/assets/ckeditor/plugins/dialog/plugin.js : 2356 - 2356"
  },
  {
    "left": "ID:push",
    "right": "LIT:1",
    "op": "-",
    "leftType": "unknown",
    "rightType": "number",
    "parent": "AssignmentExpression",
    "grandParent": "ExpressionStatement",
    "src": "data/js/programs_all/sca-/sails-ckeditor-sample/assets/ckeditor/plugins/dialog/plugin.js : 2380 - 2380"
  },
  {
    "left": "ID:length",
    "right": "LIT:4",
    "op": "<",
    "leftType": "unknown",
    "rightType": "number",
    "parent": "IfStatement",
    "grandParent": "BlockStatement",
    "src": "data/js/programs_all/sca-/sails-ckeditor-sample/assets/ckeditor/plugins/dialog/plugin.js : 2410 - 2410"
  },
  {
    "left": "ID:i",
    "right": "ID:length",
    "op": "<",
    "leftType": "unknown",
    "rightType": "unknown",
    "parent": "ForStatement",
    "grandParent": "BlockStatement",
    "src": "data/js/programs_all/sca-/sails-ckeditor-sample/assets/ckeditor/plugins/dialog/plugin.js : 2423 - 2423"
  },
  {
    "left": "ID:i",
    "right": "LIT:0",
    "op": "===",
    "leftType": "unknown",
    "rightType": "number",
    "parent": "IfStatement",
    "grandParent": "BlockStatement",
    "src": "data/js/programs_all/sca-/sails-ckeditor-sample/assets/ckeditor/plugins/dialog/plugin.js : 2426 - 2426"
  },
  {
    "left": "ID:length",
    "right": "LIT:1",
    "op": "-",
    "leftType": "unknown",
    "rightType": "number",
    "parent": "BinaryExpression",
    "grandParent": "IfStatement",
    "src": "data/js/programs_all/sca-/sails-ckeditor-sample/assets/ckeditor/plugins/dialog/plugin.js : 2428 - 2428"
  },
  {
    "left": "LIT:width:",
    "right": "ID:cssLength",
    "op": "+",
    "leftType": "string",
    "rightType": "unknown",
    "parent": "CallExpression",
    "grandParent": "ExpressionStatement",
    "src": "data/js/programs_all/sca-/sails-ckeditor-sample/assets/ckeditor/plugins/dialog/plugin.js : 2433 - 2433"
  },
  {
    "left": "LIT:width:",
    "right": "ID:floor",
    "op": "+",
    "leftType": "string",
    "rightType": "unknown",
    "parent": "BinaryExpression",
    "grandParent": "CallExpression",
    "src": "data/js/programs_all/sca-/sails-ckeditor-sample/assets/ckeditor/plugins/dialog/plugin.js : 2435 - 2435"
  },
  {
    "left": "LIT:100",
    "right": "ID:length",
    "op": "/",
    "leftType": "number",
    "rightType": "unknown",
    "parent": "CallExpression",
    "grandParent": "BinaryExpression",
    "src": "data/js/programs_all/sca-/sails-ckeditor-sample/assets/ckeditor/plugins/dialog/plugin.js : 2435 - 2435"
  },
  {
    "left": "LIT:height:",
    "right": "ID:cssLength",
    "op": "+",
    "leftType": "string",
    "rightType": "unknown",
    "parent": "CallExpression",
    "grandParent": "ExpressionStatement",
    "src": "data/js/programs_all/sca-/sails-ckeditor-sample/assets/ckeditor/plugins/dialog/plugin.js : 2437 - 2437"
  },
  {
    "left": "ID:padding",
    "right": "ID:undefined",
    "op": "!=",
    "leftType": "unknown",
    "rightType": "undefined",
    "parent": "LogicalExpression",
    "grandParent": "IfStatement",
    "src": "data/js/programs_all/sca-/sails-ckeditor-sample/assets/ckeditor/plugins/dialog/plugin.js : 2438 - 2438"
  },
  {
    "left": "LIT:padding:",
    "right": "ID:cssLength",
    "op": "+",
    "leftType": "string",
    "rightType": "unknown",
    "parent": "CallExpression",
    "grandParent": "ExpressionStatement",
    "src": "data/js/programs_all/sca-/sails-ckeditor-sample/assets/ckeditor/plugins/dialog/plugin.js : 2439 - 2439"
  },
  {
    "left": "LIT:text-align:",
    "right": "ID:align",
    "op": "+",
    "leftType": "string",
    "rightType": "unknown",
    "parent": "CallExpression",
    "grandParent": "ExpressionStatement",
    "src": "data/js/programs_all/sca-/sails-ckeditor-sample/assets/ckeditor/plugins/dialog/plugin.js : 2442 - 2442"
  },
  {
    "left": "ID:length",
    "right": "LIT:0",
    "op": ">",
    "leftType": "unknown",
    "rightType": "number",
    "parent": "IfStatement",
    "grandParent": "BlockStatement",
    "src": "data/js/programs_all/sca-/sails-ckeditor-sample/assets/ckeditor/plugins/dialog/plugin.js : 2443 - 2443"
  },
  {
    "left": "LIT:style=\"",
    "right": "ID:join",
    "op": "+",
    "leftType": "string",
    "rightType": "unknown",
    "parent": "BinaryExpression",
    "grandParent": "CallExpression",
    "src": "data/js/programs_all/sca-/sails-ckeditor-sample/assets/ckeditor/plugins/dialog/plugin.js : 2444 - 2444"
  },
  {
    "left": "ID:length",
    "right": "LIT:3",
    "op": "<",
    "leftType": "unknown",
    "rightType": "number",
    "parent": "IfStatement",
    "grandParent": "BlockStatement",
    "src": "data/js/programs_all/sca-/sails-ckeditor-sample/assets/ckeditor/plugins/dialog/plugin.js : 2481 - 2481"
  },
  {
    "left": "LIT:width:",
    "right": "ID:cssLength",
    "op": "+",
    "leftType": "string",
    "rightType": "unknown",
    "parent": "CallExpression",
    "grandParent": "ExpressionStatement",
    "src": "data/js/programs_all/sca-/sails-ckeditor-sample/assets/ckeditor/plugins/dialog/plugin.js : 2495 - 2495"
  },
  {
    "left": "ID:dir",
    "right": "LIT:ltr",
    "op": "==",
    "leftType": "unknown",
    "rightType": "string",
    "parent": "ConditionalExpression",
    "grandParent": "LogicalExpression",
    "src": "data/js/programs_all/sca-/sails-ckeditor-sample/assets/ckeditor/plugins/dialog/plugin.js : 2503 - 2503"
  },
  {
    "left": "ID:i",
    "right": "ID:length",
    "op": "<",
    "leftType": "unknown",
    "rightType": "unknown",
    "parent": "ForStatement",
    "grandParent": "BlockStatement",
    "src": "data/js/programs_all/sca-/sails-ckeditor-sample/assets/ckeditor/plugins/dialog/plugin.js : 2506 - 2506"
  },
  {
    "left": "LIT:width:",
    "right": "ID:cssLength",
    "op": "+",
    "leftType": "string",
    "rightType": "unknown",
    "parent": "CallExpression",
    "grandParent": "ExpressionStatement",
    "src": "data/js/programs_all/sca-/sails-ckeditor-sample/assets/ckeditor/plugins/dialog/plugin.js : 2510 - 2510"
  },
  {
    "left": "LIT:height:",
    "right": "ID:cssLength",
    "op": "+",
    "leftType": "string",
    "rightType": "unknown",
    "parent": "CallExpression",
    "grandParent": "ExpressionStatement",
    "src": "data/js/programs_all/sca-/sails-ckeditor-sample/assets/ckeditor/plugins/dialog/plugin.js : 2512 - 2512"
  },
  {
    "left": "LIT:height:",
    "right": "ID:floor",
    "op": "+",
    "leftType": "string",
    "rightType": "unknown",
    "parent": "BinaryExpression",
    "grandParent": "CallExpression",
    "src": "data/js/programs_all/sca-/sails-ckeditor-sample/assets/ckeditor/plugins/dialog/plugin.js : 2514 - 2514"
  },
  {
    "left": "LIT:100",
    "right": "ID:length",
    "op": "/",
    "leftType": "number",
    "rightType": "unknown",
    "parent": "CallExpression",
    "grandParent": "BinaryExpression",
    "src": "data/js/programs_all/sca-/sails-ckeditor-sample/assets/ckeditor/plugins/dialog/plugin.js : 2514 - 2514"
  },
  {
    "left": "ID:padding",
    "right": "ID:undefined",
    "op": "!=",
    "leftType": "unknown",
    "rightType": "undefined",
    "parent": "LogicalExpression",
    "grandParent": "IfStatement",
    "src": "data/js/programs_all/sca-/sails-ckeditor-sample/assets/ckeditor/plugins/dialog/plugin.js : 2515 - 2515"
  },
  {
    "left": "LIT:padding:",
    "right": "ID:cssLength",
    "op": "+",
    "leftType": "string",
    "rightType": "unknown",
    "parent": "CallExpression",
    "grandParent": "ExpressionStatement",
    "src": "data/js/programs_all/sca-/sails-ckeditor-sample/assets/ckeditor/plugins/dialog/plugin.js : 2516 - 2516"
  },
  {
    "left": "LIT:text-align:",
    "right": "ID:align",
    "op": "+",
    "leftType": "string",
    "rightType": "unknown",
    "parent": "CallExpression",
    "grandParent": "ExpressionStatement",
    "src": "data/js/programs_all/sca-/sails-ckeditor-sample/assets/ckeditor/plugins/dialog/plugin.js : 2519 - 2519"
  },
  {
    "left": "ID:length",
    "right": "LIT:0",
    "op": ">",
    "leftType": "unknown",
    "rightType": "number",
    "parent": "IfStatement",
    "grandParent": "BlockStatement",
    "src": "data/js/programs_all/sca-/sails-ckeditor-sample/assets/ckeditor/plugins/dialog/plugin.js : 2520 - 2520"
  },
  {
    "left": "ID:currentTabId",
    "right": "ID:tabId",
    "op": "!=",
    "leftType": "unknown",
    "rightType": "unknown",
    "parent": "IfStatement",
    "grandParent": "BlockStatement",
    "src": "data/js/programs_all/sca-/sails-ckeditor-sample/assets/ckeditor/plugins/dialog/plugin.js : 2634 - 2634"
  },
  {
    "left": "ID:length",
    "right": "LIT:1",
    "op": "<",
    "leftType": "unknown",
    "rightType": "number",
    "parent": "IfStatement",
    "grandParent": "BlockStatement",
    "src": "data/js/programs_all/sca-/sails-ckeditor-sample/assets/ckeditor/plugins/dialog/plugin.js : 2821 - 2821"
  },
  {
    "left": "ID:length",
    "right": "LIT:2",
    "op": "<",
    "leftType": "unknown",
    "rightType": "number",
    "parent": "IfStatement",
    "grandParent": "BlockStatement",
    "src": "data/js/programs_all/sca-/sails-ckeditor-sample/assets/ckeditor/plugins/dialog/plugin.js : 2829 - 2829"
  },
  {
    "left": "ID:i",
    "right": "ID:length",
    "op": "<",
    "leftType": "unknown",
    "rightType": "unknown",
    "parent": "LogicalExpression",
    "grandParent": "ForStatement",
    "src": "data/js/programs_all/sca-/sails-ckeditor-sample/assets/ckeditor/plugins/dialog/plugin.js : 2846 - 2846"
  },
  {
    "left": "ID:i",
    "right": "ID:length",
    "op": "<",
    "leftType": "unknown",
    "rightType": "unknown",
    "parent": "ForStatement",
    "grandParent": "BlockStatement",
    "src": "data/js/programs_all/sca-/sails-ckeditor-sample/assets/ckeditor/plugins/dialog/plugin.js : 2920 - 2920"
  },
  {
    "left": "ID:i",
    "right": "ID:length",
    "op": "<",
    "leftType": "unknown",
    "rightType": "unknown",
    "parent": "LogicalExpression",
    "grandParent": "IfStatement",
    "src": "data/js/programs_all/sca-/sails-ckeditor-sample/assets/ckeditor/plugins/dialog/plugin.js : 2927 - 2927"
  },
  {
    "left": "ID:i",
    "right": "ID:length",
    "op": "<",
    "leftType": "unknown",
    "rightType": "unknown",
    "parent": "LogicalExpression",
    "grandParent": "IfStatement",
    "src": "data/js/programs_all/sca-/sails-ckeditor-sample/assets/ckeditor/plugins/dialog/plugin.js : 2932 - 2932"
  },
  {
    "left": "ID:relation",
    "right": "ID:VALIDATE_AND",
    "op": "==",
    "leftType": "unknown",
    "rightType": "unknown",
    "parent": "ConditionalExpression",
    "grandParent": "VariableDeclarator",
    "src": "data/js/programs_all/sca-/sails-ckeditor-sample/assets/ckeditor/plugins/dialog/plugin.js : 2935 - 2935"
  },
  {
    "left": "ID:i",
    "right": "ID:length",
    "op": "<",
    "leftType": "unknown",
    "rightType": "unknown",
    "parent": "ForStatement",
    "grandParent": "BlockStatement",
    "src": "data/js/programs_all/sca-/sails-ckeditor-sample/assets/ckeditor/plugins/dialog/plugin.js : 2936 - 2936"
  },
  {
    "left": "ID:relation",
    "right": "ID:VALIDATE_AND",
    "op": "==",
    "leftType": "unknown",
    "rightType": "unknown",
    "parent": "IfStatement",
    "grandParent": "BlockStatement",
    "src": "data/js/programs_all/sca-/sails-ckeditor-sample/assets/ckeditor/plugins/dialog/plugin.js : 2937 - 2937"
  },
  {
    "left": "ID:val",
    "right": "ID:value",
    "op": "==",
    "leftType": "unknown",
    "rightType": "unknown",
    "parent": "ReturnStatement",
    "grandParent": "BlockStatement",
    "src": "data/js/programs_all/sca-/sails-ckeditor-sample/assets/ckeditor/plugins/dialog/plugin.js : 2990 - 2990"
  },
  {
    "left": "ID:val",
    "right": "ID:value",
    "op": "!=",
    "leftType": "unknown",
    "rightType": "unknown",
    "parent": "ReturnStatement",
    "grandParent": "BlockStatement",
    "src": "data/js/programs_all/sca-/sails-ckeditor-sample/assets/ckeditor/plugins/dialog/plugin.js : 2996 - 2996"
  },
  {
    "left": "ID:currentTop",
    "right": "LIT:null",
    "op": "===",
    "leftType": "unknown",
    "rightType": "null",
    "parent": "IfStatement",
    "grandParent": "BlockStatement",
    "src": "data/js/programs_all/sca-/sails-ckeditor-sample/assets/ckeditor/plugins/dialog/plugin.js : 3035 - 3035"
  },
  {
    "left": "ID:dialogDefinitions",
    "right": "LIT:failed",
    "op": "==",
    "leftType": "unknown",
    "rightType": "string",
    "parent": "IfStatement",
    "grandParent": "IfStatement",
    "src": "data/js/programs_all/sca-/sails-ckeditor-sample/assets/ckeditor/plugins/dialog/plugin.js : 3047 - 3047"
  },
  {
    "left": "LIT:[CKEDITOR.dialog.openDialog] Dialog \"",
    "right": "ID:dialogName",
    "op": "+",
    "leftType": "string",
    "rightType": "unknown",
    "parent": "BinaryExpression",
    "grandParent": "NewExpression",
    "src": "data/js/programs_all/sca-/sails-ckeditor-sample/assets/ckeditor/plugins/dialog/plugin.js : 3049 - 3049"
  }
]