[
  {
    "left": "LIT:(anonymous_",
    "right": "ID:functionId",
    "op": "+",
    "leftType": "string",
    "rightType": "unknown",
    "parent": "BinaryExpression",
    "grandParent": "ConditionalExpression",
    "src": "data/js/programs_all/unit-coverage/unit-coverage/lib/processors/function-counters.js : 41 - 41"
  },
  {
    "left": "ID:cwd",
    "right": "LIT:/1.js",
    "op": "+",
    "leftType": "unknown",
    "rightType": "string",
    "parent": "NewExpression",
    "grandParent": "VariableDeclarator",
    "src": "data/js/programs_all/unit-coverage/unit-coverage/test/lib/processors/function-counters.js : 12 - 12"
  },
  {
    "left": "ID:cwd",
    "right": "LIT:/excluded.js",
    "op": "+",
    "leftType": "unknown",
    "rightType": "string",
    "parent": "NewExpression",
    "grandParent": "VariableDeclarator",
    "src": "data/js/programs_all/unit-coverage/unit-coverage/test/lib/processors/function-counters.js : 22 - 22"
  },
  {
    "left": "LIT:// anonymous function here\n",
    "right": "LIT:var f1 = function() {\n",
    "op": "+",
    "leftType": "string",
    "rightType": "string",
    "parent": "BinaryExpression",
    "grandParent": "BinaryExpression",
    "src": "data/js/programs_all/unit-coverage/unit-coverage/test/lib/processors/function-counters.js : 104 - 105"
  },
  {
    "left": "LIT:// named function here\n",
    "right": "LIT:    function f1() {\n",
    "op": "+",
    "leftType": "string",
    "rightType": "string",
    "parent": "BinaryExpression",
    "grandParent": "BinaryExpression",
    "src": "data/js/programs_all/unit-coverage/unit-coverage/test/lib/processors/function-counters.js : 112 - 113"
  },
  {
    "left": "ID:__dirname",
    "right": "LIT:/",
    "op": "+",
    "leftType": "unknown",
    "rightType": "string",
    "parent": "BinaryExpression",
    "grandParent": "CallExpression",
    "src": "data/js/programs_all/unit-coverage/unit-coverage/test/lib/reporters/html.js : 22 - 22"
  },
  {
    "left": "LIT:var z = {",
    "right": "LIT:    f: y ? function() {} : 1",
    "op": "+",
    "leftType": "string",
    "rightType": "string",
    "parent": "ArrayExpression",
    "grandParent": "MemberExpression",
    "src": "data/js/programs_all/unit-coverage/unit-coverage/test/lib/reporters/html.js : 36 - 37"
  },
  {
    "left": "LIT:<span class=\"thread-file\"></span>",
    "right": "LIT:<span class=\"thread-link-name\">file1.js</span>",
    "op": "+",
    "leftType": "string",
    "rightType": "string",
    "parent": "BinaryExpression",
    "grandParent": "CallExpression",
    "src": "data/js/programs_all/unit-coverage/unit-coverage/test/lib/reporters/html.js : 56 - 57"
  },
  {
    "left": "LIT:<span class=\"thread-file\"></span>",
    "right": "LIT:<span class=\"thread-link-name\">f.js</span>",
    "op": "+",
    "leftType": "string",
    "rightType": "string",
    "parent": "BinaryExpression",
    "grandParent": "CallExpression",
    "src": "data/js/programs_all/unit-coverage/unit-coverage/test/lib/reporters/html.js : 61 - 62"
  },
  {
    "left": "ID:__dirname",
    "right": "LIT:/code.js",
    "op": "+",
    "leftType": "unknown",
    "rightType": "string",
    "parent": "CallExpression",
    "grandParent": "CallExpression",
    "src": "data/js/programs_all/unit-coverage/unit-coverage/test/lib/reporters/teamcity.js : 21 - 21"
  },
  {
    "left": "LIT:expected",
    "right": "ID:options",
    "op": "in",
    "leftType": "string",
    "rightType": "unknown",
    "parent": "IfStatement",
    "grandParent": "BlockStatement",
    "src": "data/js/programs_all/unitjs/unit.js/src/assertion-fail.js : 36 - 36"
  },
  {
    "left": "LIT: | expected: ",
    "right": "ID:expected",
    "op": "+",
    "leftType": "string",
    "rightType": "unknown",
    "parent": "AssignmentExpression",
    "grandParent": "ExpressionStatement",
    "src": "data/js/programs_all/unitjs/unit.js/src/assertion-fail.js : 41 - 41"
  },
  {
    "left": "LIT:Does not contains inappropriate assertions ",
    "right": "LIT:from the assertions containers",
    "op": "+",
    "leftType": "string",
    "rightType": "string",
    "parent": "CallExpression",
    "grandParent": "ExpressionStatement",
    "src": "data/js/programs_all/unitjs/unit.js/test/src/asserters/error.js : 21 - 22"
  },
  {
    "left": "ID:exception",
    "right": "ID:Error",
    "op": "instanceof",
    "leftType": "unknown",
    "rightType": "unknown",
    "parent": "LogicalExpression",
    "grandParent": "ReturnStatement",
    "src": "data/js/programs_all/unitjs/unit.js/test/src/asserters/error.js : 334 - 334"
  },
  {
    "left": "ID:error",
    "right": "ID:RegExp",
    "op": "instanceof",
    "leftType": "unknown",
    "rightType": "unknown",
    "parent": "ReturnStatement",
    "grandParent": "BlockStatement",
    "src": "data/js/programs_all/unitjs/unit.js/test/src/asserters/error.js : 356 - 356"
  },
  {
    "left": "ID:exception",
    "right": "ID:Error",
    "op": "instanceof",
    "leftType": "unknown",
    "rightType": "unknown",
    "parent": "LogicalExpression",
    "grandParent": "ReturnStatement",
    "src": "data/js/programs_all/unitjs/unit.js/test/src/asserters/error.js : 430 - 430"
  },
  {
    "left": "ID:error",
    "right": "ID:RegExp",
    "op": "instanceof",
    "leftType": "unknown",
    "rightType": "unknown",
    "parent": "ReturnStatement",
    "grandParent": "BlockStatement",
    "src": "data/js/programs_all/unitjs/unit.js/test/src/asserters/error.js : 452 - 452"
  },
  {
    "left": "ID:hello",
    "right": "LIT:world",
    "op": "==",
    "leftType": "unknown",
    "rightType": "string",
    "parent": "ReturnStatement",
    "grandParent": "BlockStatement",
    "src": "data/js/programs_all/unitjs/unit.js/test/src/asserters/object.js : 190 - 190"
  },
  {
    "left": "ID:hello",
    "right": "LIT:foo",
    "op": "==",
    "leftType": "unknown",
    "rightType": "string",
    "parent": "ReturnStatement",
    "grandParent": "BlockStatement",
    "src": "data/js/programs_all/unitjs/unit.js/test/src/asserters/object.js : 196 - 196"
  },
  {
    "left": "ID:hello",
    "right": "LIT:E.T",
    "op": "==",
    "leftType": "unknown",
    "rightType": "string",
    "parent": "ReturnStatement",
    "grandParent": "BlockStatement",
    "src": "data/js/programs_all/unitjs/unit.js/test/src/asserters/object.js : 207 - 207"
  },
  {
    "left": "ID:hello",
    "right": "LIT:world",
    "op": "==",
    "leftType": "unknown",
    "rightType": "string",
    "parent": "ReturnStatement",
    "grandParent": "BlockStatement",
    "src": "data/js/programs_all/unitjs/unit.js/test/src/asserters/object.js : 214 - 214"
  },
  {
    "left": "ID:hello",
    "right": "LIT:world",
    "op": "==",
    "leftType": "unknown",
    "rightType": "string",
    "parent": "ReturnStatement",
    "grandParent": "BlockStatement",
    "src": "data/js/programs_all/unitjs/unit.js/test/src/asserters/object.js : 225 - 225"
  },
  {
    "left": "ID:hello",
    "right": "LIT:foo",
    "op": "==",
    "leftType": "unknown",
    "rightType": "string",
    "parent": "ReturnStatement",
    "grandParent": "BlockStatement",
    "src": "data/js/programs_all/unitjs/unit.js/test/src/asserters/object.js : 231 - 231"
  },
  {
    "left": "ID:hello",
    "right": "LIT:E.T",
    "op": "==",
    "leftType": "unknown",
    "rightType": "string",
    "parent": "ReturnStatement",
    "grandParent": "BlockStatement",
    "src": "data/js/programs_all/unitjs/unit.js/test/src/asserters/object.js : 242 - 242"
  },
  {
    "left": "ID:hello",
    "right": "LIT:world",
    "op": "==",
    "leftType": "unknown",
    "rightType": "string",
    "parent": "ReturnStatement",
    "grandParent": "BlockStatement",
    "src": "data/js/programs_all/unitjs/unit.js/test/src/asserters/object.js : 249 - 249"
  },
  {
    "left": "ID:key",
    "right": "LIT:joker",
    "op": "==",
    "leftType": "unknown",
    "rightType": "string",
    "parent": "IfStatement",
    "grandParent": "BlockStatement",
    "src": "data/js/programs_all/unitjs/unit.js/test/src/asserters/object.js : 261 - 261"
  },
  {
    "left": "ID:key",
    "right": "LIT:other",
    "op": "==",
    "leftType": "unknown",
    "rightType": "string",
    "parent": "IfStatement",
    "grandParent": "BlockStatement",
    "src": "data/js/programs_all/unitjs/unit.js/test/src/asserters/object.js : 286 - 286"
  },
  {
    "left": "ID:key",
    "right": "LIT:foo",
    "op": "==",
    "leftType": "unknown",
    "rightType": "string",
    "parent": "IfStatement",
    "grandParent": "BlockStatement",
    "src": "data/js/programs_all/unitjs/unit.js/test/src/asserters/object.js : 297 - 297"
  },
  {
    "left": "ID:callCount",
    "right": "ID:num",
    "op": "===",
    "leftType": "unknown",
    "rightType": "unknown",
    "parent": "CallExpression",
    "grandParent": "ExpressionStatement",
    "src": "data/js/programs_all/unitjs/unit.js/test/src/helpers.js : 29 - 29"
  },
  {
    "left": "ID:defAt",
    "right": "LIT:18",
    "op": "+",
    "leftType": "unknown",
    "rightType": "number",
    "parent": "CallExpression",
    "grandParent": "ExpressionStatement",
    "src": "data/js/programs_all/unitjs/unit.js/test/src/helpers.js : 222 - 222"
  },
  {
    "left": "ID:total",
    "right": "LIT:2",
    "op": "+",
    "leftType": "unknown",
    "rightType": "number",
    "parent": "CallExpression",
    "grandParent": "MemberExpression",
    "src": "data/js/programs_all/unitjs/unit.js/test/src/helpers.js : 273 - 273"
  },
  {
    "left": "ID:countAssert",
    "right": "LIT:1",
    "op": "+",
    "leftType": "unknown",
    "rightType": "number",
    "parent": "CallExpression",
    "grandParent": "MemberExpression",
    "src": "data/js/programs_all/unitjs/unit.js/test/src/helpers.js : 276 - 276"
  },
  {
    "left": "ID:countAssertOk",
    "right": "LIT:1",
    "op": "+",
    "leftType": "unknown",
    "rightType": "number",
    "parent": "CallExpression",
    "grandParent": "ExpressionStatement",
    "src": "data/js/programs_all/unitjs/unit.js/test/src/helpers.js : 279 - 279"
  }
]