[
  {
    "left": "ID:length",
    "right": "LIT:0",
    "op": "===",
    "leftType": "unknown",
    "rightType": "number",
    "parent": "ReturnStatement",
    "grandParent": "BlockStatement",
    "src": "data/js/programs_all/fholm/IronJS/Src/Tests/ietestcenter/chapter15/15.2/15.2.3/15.2.3.6/15.2.3.6-4-126.js : 37 - 37"
  },
  {
    "left": "ID:length",
    "right": "LIT:0",
    "op": "===",
    "leftType": "unknown",
    "rightType": "number",
    "parent": "ReturnStatement",
    "grandParent": "BlockStatement",
    "src": "data/js/programs_all/fholm/IronJS/Src/Tests/ietestcenter/chapter15/15.2/15.2.3/15.2.3.6/15.2.3.6-4-131.js : 37 - 37"
  },
  {
    "left": "ID:length",
    "right": "LIT:2",
    "op": "===",
    "leftType": "unknown",
    "rightType": "number",
    "parent": "ReturnStatement",
    "grandParent": "BlockStatement",
    "src": "data/js/programs_all/fholm/IronJS/Src/Tests/ietestcenter/chapter15/15.2/15.2.3/15.2.3.6/15.2.3.6-4-137.js : 37 - 37"
  },
  {
    "left": "ID:length",
    "right": "LIT:2",
    "op": "===",
    "leftType": "unknown",
    "rightType": "number",
    "parent": "LogicalExpression",
    "grandParent": "LogicalExpression",
    "src": "data/js/programs_all/fholm/IronJS/Src/Tests/ietestcenter/chapter15/15.2/15.2.3/15.2.3.6/15.2.3.6-4-151.js : 55 - 55"
  },
  {
    "left": "ID:length",
    "right": "LIT:4294967294",
    "op": "===",
    "leftType": "unknown",
    "rightType": "number",
    "parent": "ReturnStatement",
    "grandParent": "BlockStatement",
    "src": "data/js/programs_all/fholm/IronJS/Src/Tests/ietestcenter/chapter15/15.2/15.2.3/15.2.3.6/15.2.3.6-4-154.js : 38 - 38"
  },
  {
    "left": "ID:length",
    "right": "LIT:4294967295",
    "op": "===",
    "leftType": "unknown",
    "rightType": "number",
    "parent": "ReturnStatement",
    "grandParent": "BlockStatement",
    "src": "data/js/programs_all/fholm/IronJS/Src/Tests/ietestcenter/chapter15/15.2/15.2.3/15.2.3.6/15.2.3.6-4-155.js : 38 - 38"
  },
  {
    "left": "ID:length",
    "right": "LIT:1",
    "op": "===",
    "leftType": "unknown",
    "rightType": "number",
    "parent": "LogicalExpression",
    "grandParent": "ReturnStatement",
    "src": "data/js/programs_all/fholm/IronJS/Src/Tests/ietestcenter/chapter15/15.2/15.2.3/15.2.3.6/15.2.3.6-4-171.js : 38 - 38"
  },
  {
    "left": "ID:length",
    "right": "LIT:0",
    "op": "===",
    "leftType": "unknown",
    "rightType": "number",
    "parent": "LogicalExpression",
    "grandParent": "ReturnStatement",
    "src": "data/js/programs_all/fholm/IronJS/Src/Tests/ietestcenter/chapter15/15.2/15.2.3/15.2.3.6/15.2.3.6-4-181.js : 40 - 40"
  },
  {
    "left": "ID:length",
    "right": "LIT:0",
    "op": "===",
    "leftType": "unknown",
    "rightType": "number",
    "parent": "LogicalExpression",
    "grandParent": "LogicalExpression",
    "src": "data/js/programs_all/fholm/IronJS/Src/Tests/ietestcenter/chapter15/15.2/15.2.3/15.2.3.6/15.2.3.6-4-185.js : 35 - 35"
  },
  {
    "left": "ID:arrObj",
    "right": "LIT:100",
    "op": "===",
    "leftType": "unknown",
    "rightType": "number",
    "parent": "LogicalExpression",
    "grandParent": "ReturnStatement",
    "src": "data/js/programs_all/fholm/IronJS/Src/Tests/ietestcenter/chapter15/15.2/15.2.3/15.2.3.6/15.2.3.6-4-185.js : 35 - 35"
  },
  {
    "left": "ID:e",
    "right": "ID:TypeError",
    "op": "instanceof",
    "leftType": "unknown",
    "rightType": "unknown",
    "parent": "LogicalExpression",
    "grandParent": "ReturnStatement",
    "src": "data/js/programs_all/fholm/IronJS/Src/Tests/ietestcenter/chapter15/15.2/15.2.3/15.2.3.6/15.2.3.6-4-24.js : 50 - 50"
  },
  {
    "left": "ID:foo",
    "right": "LIT:11",
    "op": "===",
    "leftType": "unknown",
    "rightType": "number",
    "parent": "LogicalExpression",
    "grandParent": "ReturnStatement",
    "src": "data/js/programs_all/fholm/IronJS/Src/Tests/ietestcenter/chapter15/15.2/15.2.3/15.2.3.6/15.2.3.6-4-24.js : 50 - 50"
  },
  {
    "left": "ID:e",
    "right": "ID:TypeError",
    "op": "instanceof",
    "leftType": "unknown",
    "rightType": "unknown",
    "parent": "LogicalExpression",
    "grandParent": "ReturnStatement",
    "src": "data/js/programs_all/fholm/IronJS/Src/Tests/ietestcenter/chapter15/15.2/15.2.3/15.2.3.6/15.2.3.6-4-246.js : 43 - 43"
  },
  {
    "left": "ID:e",
    "right": "ID:TypeError",
    "op": "instanceof",
    "leftType": "unknown",
    "rightType": "unknown",
    "parent": "LogicalExpression",
    "grandParent": "ReturnStatement",
    "src": "data/js/programs_all/fholm/IronJS/Src/Tests/ietestcenter/chapter15/15.2/15.2.3/15.2.3.6/15.2.3.6-4-247.js : 42 - 42"
  },
  {
    "left": "ID:e",
    "right": "ID:TypeError",
    "op": "instanceof",
    "leftType": "unknown",
    "rightType": "unknown",
    "parent": "LogicalExpression",
    "grandParent": "ReturnStatement",
    "src": "data/js/programs_all/fholm/IronJS/Src/Tests/ietestcenter/chapter15/15.2/15.2.3/15.2.3.6/15.2.3.6-4-252.js : 45 - 45"
  },
  {
    "left": "ID:e",
    "right": "ID:TypeError",
    "op": "instanceof",
    "leftType": "unknown",
    "rightType": "unknown",
    "parent": "LogicalExpression",
    "grandParent": "ReturnStatement",
    "src": "data/js/programs_all/fholm/IronJS/Src/Tests/ietestcenter/chapter15/15.2/15.2.3/15.2.3.6/15.2.3.6-4-253.js : 45 - 45"
  },
  {
    "left": "ID:arrObj",
    "right": "ID:getFunc",
    "op": "===",
    "leftType": "unknown",
    "rightType": "unknown",
    "parent": "VariableDeclarator",
    "grandParent": "VariableDeclaration",
    "src": "data/js/programs_all/fholm/IronJS/Src/Tests/ietestcenter/chapter15/15.2/15.2.3/15.2.3.6/15.2.3.6-4-256.js : 47 - 47"
  },
  {
    "left": "ID:p",
    "right": "LIT:1",
    "op": "===",
    "leftType": "unknown",
    "rightType": "string",
    "parent": "IfStatement",
    "grandParent": "BlockStatement",
    "src": "data/js/programs_all/fholm/IronJS/Src/Tests/ietestcenter/chapter15/15.2/15.2.3/15.2.3.6/15.2.3.6-4-256.js : 53 - 53"
  },
  {
    "left": "ID:e",
    "right": "ID:TypeError",
    "op": "instanceof",
    "leftType": "unknown",
    "rightType": "unknown",
    "parent": "LogicalExpression",
    "grandParent": "LogicalExpression",
    "src": "data/js/programs_all/fholm/IronJS/Src/Tests/ietestcenter/chapter15/15.2/15.2.3/15.2.3.6/15.2.3.6-4-256.js : 62 - 62"
  },
  {
    "left": "ID:e",
    "right": "ID:TypeError",
    "op": "instanceof",
    "leftType": "unknown",
    "rightType": "unknown",
    "parent": "LogicalExpression",
    "grandParent": "ReturnStatement",
    "src": "data/js/programs_all/fholm/IronJS/Src/Tests/ietestcenter/chapter15/15.2/15.2.3/15.2.3.6/15.2.3.6-4-26.js : 48 - 48"
  },
  {
    "left": "ID:property",
    "right": "LIT:11",
    "op": "===",
    "leftType": "unknown",
    "rightType": "number",
    "parent": "LogicalExpression",
    "grandParent": "ReturnStatement",
    "src": "data/js/programs_all/fholm/IronJS/Src/Tests/ietestcenter/chapter15/15.2/15.2.3/15.2.3.6/15.2.3.6-4-26.js : 48 - 48"
  },
  {
    "left": "ID:property",
    "right": "LIT:12",
    "op": "===",
    "leftType": "unknown",
    "rightType": "number",
    "parent": "LogicalExpression",
    "grandParent": "ReturnStatement",
    "src": "data/js/programs_all/fholm/IronJS/Src/Tests/ietestcenter/chapter15/15.2/15.2.3/15.2.3.6/15.2.3.6-4-27.js : 48 - 48"
  },
  {
    "left": "ID:e",
    "right": "ID:TypeError",
    "op": "instanceof",
    "leftType": "unknown",
    "rightType": "unknown",
    "parent": "LogicalExpression",
    "grandParent": "ReturnStatement",
    "src": "data/js/programs_all/fholm/IronJS/Src/Tests/ietestcenter/chapter15/15.2/15.2.3/15.2.3.6/15.2.3.6-4-284.js : 41 - 41"
  },
  {
    "left": "ID:a",
    "right": "LIT:10",
    "op": "===",
    "leftType": "unknown",
    "rightType": "number",
    "parent": "VariableDeclarator",
    "grandParent": "VariableDeclaration",
    "src": "data/js/programs_all/fholm/IronJS/Src/Tests/ietestcenter/chapter15/15.2/15.2.3/15.2.3.6/15.2.3.6-4-293-3.js : 38 - 38"
  },
  {
    "left": "ID:a",
    "right": "LIT:10",
    "op": "===",
    "leftType": "unknown",
    "rightType": "number",
    "parent": "VariableDeclarator",
    "grandParent": "VariableDeclaration",
    "src": "data/js/programs_all/fholm/IronJS/Src/Tests/ietestcenter/chapter15/15.2/15.2.3/15.2.3.6/15.2.3.6-4-294-1.js : 42 - 42"
  },
  {
    "left": "ID:e",
    "right": "ID:TypeError",
    "op": "instanceof",
    "leftType": "unknown",
    "rightType": "unknown",
    "parent": "LogicalExpression",
    "grandParent": "LogicalExpression",
    "src": "data/js/programs_all/fholm/IronJS/Src/Tests/ietestcenter/chapter15/15.2/15.2.3/15.2.3.6/15.2.3.6-4-294-1.js : 43 - 43"
  },
  {
    "left": "ID:e",
    "right": "ID:TypeError",
    "op": "instanceof",
    "leftType": "unknown",
    "rightType": "unknown",
    "parent": "LogicalExpression",
    "grandParent": "ReturnStatement",
    "src": "data/js/programs_all/fholm/IronJS/Src/Tests/ietestcenter/chapter15/15.2/15.2.3/15.2.3.6/15.2.3.6-4-296.js : 42 - 42"
  },
  {
    "left": "ID:e",
    "right": "ID:TypeError",
    "op": "instanceof",
    "leftType": "unknown",
    "rightType": "unknown",
    "parent": "LogicalExpression",
    "grandParent": "ReturnStatement",
    "src": "data/js/programs_all/fholm/IronJS/Src/Tests/ietestcenter/chapter15/15.2/15.2.3/15.2.3.6/15.2.3.6-4-298.js : 48 - 48"
  },
  {
    "left": "ID:e",
    "right": "ID:TypeError",
    "op": "instanceof",
    "leftType": "unknown",
    "rightType": "unknown",
    "parent": "LogicalExpression",
    "grandParent": "ReturnStatement",
    "src": "data/js/programs_all/fholm/IronJS/Src/Tests/ietestcenter/chapter15/15.2/15.2.3/15.2.3.6/15.2.3.6-4-312.js : 44 - 44"
  },
  {
    "left": "ID:c",
    "right": "LIT:3",
    "op": "===",
    "leftType": "unknown",
    "rightType": "number",
    "parent": "AssignmentExpression",
    "grandParent": "ExpressionStatement",
    "src": "data/js/programs_all/fholm/IronJS/Src/Tests/ietestcenter/chapter15/15.2/15.2.3/15.2.3.6/15.2.3.6-4-323-1.js : 43 - 43"
  },
  {
    "left": "ID:e",
    "right": "ID:TypeError",
    "op": "instanceof",
    "leftType": "unknown",
    "rightType": "unknown",
    "parent": "LogicalExpression",
    "grandParent": "LogicalExpression",
    "src": "data/js/programs_all/fholm/IronJS/Src/Tests/ietestcenter/chapter15/15.2/15.2.3/15.2.3.6/15.2.3.6-4-323-1.js : 44 - 44"
  },
  {
    "left": "ID:e",
    "right": "ID:TypeError",
    "op": "instanceof",
    "leftType": "unknown",
    "rightType": "unknown",
    "parent": "LogicalExpression",
    "grandParent": "ReturnStatement",
    "src": "data/js/programs_all/fholm/IronJS/Src/Tests/ietestcenter/chapter15/15.2/15.2.3/15.2.3.6/15.2.3.6-4-324.js : 42 - 42"
  },
  {
    "left": "ID:prop",
    "right": "LIT:2010",
    "op": "===",
    "leftType": "unknown",
    "rightType": "number",
    "parent": "VariableDeclarator",
    "grandParent": "VariableDeclaration",
    "src": "data/js/programs_all/fholm/IronJS/Src/Tests/ietestcenter/chapter15/15.2/15.2.3/15.2.3.6/15.2.3.6-4-326.js : 37 - 37"
  },
  {
    "left": "ID:prop",
    "right": "LIT:1001",
    "op": "===",
    "leftType": "unknown",
    "rightType": "number",
    "parent": "LogicalExpression",
    "grandParent": "ReturnStatement",
    "src": "data/js/programs_all/fholm/IronJS/Src/Tests/ietestcenter/chapter15/15.2/15.2.3/15.2.3.6/15.2.3.6-4-326.js : 40 - 40"
  },
  {
    "left": "ID:e",
    "right": "ID:TypeError",
    "op": "instanceof",
    "leftType": "unknown",
    "rightType": "unknown",
    "parent": "LogicalExpression",
    "grandParent": "ReturnStatement",
    "src": "data/js/programs_all/fholm/IronJS/Src/Tests/ietestcenter/chapter15/15.2/15.2.3/15.2.3.6/15.2.3.6-4-33.js : 44 - 44"
  },
  {
    "left": "ID:foo",
    "right": "LIT:12",
    "op": "===",
    "leftType": "unknown",
    "rightType": "number",
    "parent": "LogicalExpression",
    "grandParent": "ReturnStatement",
    "src": "data/js/programs_all/fholm/IronJS/Src/Tests/ietestcenter/chapter15/15.2/15.2.3/15.2.3.6/15.2.3.6-4-33.js : 44 - 44"
  },
  {
    "left": "ID:prop",
    "right": "LIT:2010",
    "op": "===",
    "leftType": "unknown",
    "rightType": "number",
    "parent": "VariableDeclarator",
    "grandParent": "VariableDeclaration",
    "src": "data/js/programs_all/fholm/IronJS/Src/Tests/ietestcenter/chapter15/15.2/15.2.3/15.2.3.6/15.2.3.6-4-333.js : 37 - 37"
  },
  {
    "left": "ID:prop",
    "right": "LIT:1001",
    "op": "===",
    "leftType": "unknown",
    "rightType": "number",
    "parent": "LogicalExpression",
    "grandParent": "ReturnStatement",
    "src": "data/js/programs_all/fholm/IronJS/Src/Tests/ietestcenter/chapter15/15.2/15.2.3/15.2.3.6/15.2.3.6-4-333.js : 40 - 40"
  },
  {
    "left": "ID:writable",
    "right": "LIT:true",
    "op": "===",
    "leftType": "unknown",
    "rightType": "boolean",
    "parent": "LogicalExpression",
    "grandParent": "LogicalExpression",
    "src": "data/js/programs_all/fholm/IronJS/Src/Tests/ietestcenter/chapter15/15.2/15.2.3/15.2.3.6/15.2.3.6-4-336.js : 45 - 45"
  },
  {
    "left": "ID:prop",
    "right": "LIT:2010",
    "op": "===",
    "leftType": "unknown",
    "rightType": "number",
    "parent": "LogicalExpression",
    "grandParent": "LogicalExpression",
    "src": "data/js/programs_all/fholm/IronJS/Src/Tests/ietestcenter/chapter15/15.2/15.2.3/15.2.3.6/15.2.3.6-4-336.js : 45 - 45"
  },
  {
    "left": "ID:writable",
    "right": "LIT:false",
    "op": "===",
    "leftType": "unknown",
    "rightType": "boolean",
    "parent": "LogicalExpression",
    "grandParent": "ReturnStatement",
    "src": "data/js/programs_all/fholm/IronJS/Src/Tests/ietestcenter/chapter15/15.2/15.2.3/15.2.3.6/15.2.3.6-4-336.js : 45 - 45"
  },
  {
    "left": "ID:enumerable",
    "right": "LIT:true",
    "op": "===",
    "leftType": "unknown",
    "rightType": "boolean",
    "parent": "LogicalExpression",
    "grandParent": "LogicalExpression",
    "src": "data/js/programs_all/fholm/IronJS/Src/Tests/ietestcenter/chapter15/15.2/15.2.3/15.2.3.6/15.2.3.6-4-337.js : 48 - 48"
  },
  {
    "left": "ID:prop",
    "right": "LIT:2010",
    "op": "===",
    "leftType": "unknown",
    "rightType": "number",
    "parent": "LogicalExpression",
    "grandParent": "LogicalExpression",
    "src": "data/js/programs_all/fholm/IronJS/Src/Tests/ietestcenter/chapter15/15.2/15.2.3/15.2.3.6/15.2.3.6-4-337.js : 48 - 48"
  },
  {
    "left": "ID:enumerable",
    "right": "LIT:true",
    "op": "===",
    "leftType": "unknown",
    "rightType": "boolean",
    "parent": "LogicalExpression",
    "grandParent": "LogicalExpression",
    "src": "data/js/programs_all/fholm/IronJS/Src/Tests/ietestcenter/chapter15/15.2/15.2.3/15.2.3.6/15.2.3.6-4-337.js : 48 - 48"
  },
  {
    "left": "ID:e",
    "right": "ID:TypeError",
    "op": "instanceof",
    "leftType": "unknown",
    "rightType": "unknown",
    "parent": "LogicalExpression",
    "grandParent": "ReturnStatement",
    "src": "data/js/programs_all/fholm/IronJS/Src/Tests/ietestcenter/chapter15/15.2/15.2.3/15.2.3.6/15.2.3.6-4-337.js : 48 - 48"
  },
  {
    "left": "ID:prop",
    "right": "LIT:2010",
    "op": "===",
    "leftType": "unknown",
    "rightType": "number",
    "parent": "VariableDeclarator",
    "grandParent": "VariableDeclaration",
    "src": "data/js/programs_all/fholm/IronJS/Src/Tests/ietestcenter/chapter15/15.2/15.2.3/15.2.3.6/15.2.3.6-4-340.js : 37 - 37"
  },
  {
    "left": "ID:prop",
    "right": "LIT:1001",
    "op": "===",
    "leftType": "unknown",
    "rightType": "number",
    "parent": "LogicalExpression",
    "grandParent": "ReturnStatement",
    "src": "data/js/programs_all/fholm/IronJS/Src/Tests/ietestcenter/chapter15/15.2/15.2.3/15.2.3.6/15.2.3.6-4-340.js : 40 - 40"
  },
  {
    "left": "ID:configurable",
    "right": "LIT:true",
    "op": "===",
    "leftType": "unknown",
    "rightType": "boolean",
    "parent": "LogicalExpression",
    "grandParent": "LogicalExpression",
    "src": "data/js/programs_all/fholm/IronJS/Src/Tests/ietestcenter/chapter15/15.2/15.2.3/15.2.3.6/15.2.3.6-4-345.js : 45 - 45"
  },
  {
    "left": "ID:prop",
    "right": "LIT:2010",
    "op": "===",
    "leftType": "unknown",
    "rightType": "number",
    "parent": "LogicalExpression",
    "grandParent": "LogicalExpression",
    "src": "data/js/programs_all/fholm/IronJS/Src/Tests/ietestcenter/chapter15/15.2/15.2.3/15.2.3.6/15.2.3.6-4-345.js : 45 - 45"
  },
  {
    "left": "ID:configurable",
    "right": "LIT:false",
    "op": "===",
    "leftType": "unknown",
    "rightType": "boolean",
    "parent": "LogicalExpression",
    "grandParent": "ReturnStatement",
    "src": "data/js/programs_all/fholm/IronJS/Src/Tests/ietestcenter/chapter15/15.2/15.2.3/15.2.3.6/15.2.3.6-4-345.js : 45 - 45"
  },
  {
    "left": "ID:value",
    "right": "LIT:2010",
    "op": "===",
    "leftType": "unknown",
    "rightType": "number",
    "parent": "LogicalExpression",
    "grandParent": "LogicalExpression",
    "src": "data/js/programs_all/fholm/IronJS/Src/Tests/ietestcenter/chapter15/15.2/15.2.3/15.2.3.6/15.2.3.6-4-353.js : 50 - 50"
  },
  {
    "left": "ID:prop",
    "right": "LIT:2010",
    "op": "===",
    "leftType": "unknown",
    "rightType": "number",
    "parent": "LogicalExpression",
    "grandParent": "LogicalExpression",
    "src": "data/js/programs_all/fholm/IronJS/Src/Tests/ietestcenter/chapter15/15.2/15.2.3/15.2.3.6/15.2.3.6-4-353.js : 50 - 50"
  },
  {
    "left": "ID:e",
    "right": "ID:TypeError",
    "op": "instanceof",
    "leftType": "unknown",
    "rightType": "unknown",
    "parent": "LogicalExpression",
    "grandParent": "ReturnStatement",
    "src": "data/js/programs_all/fholm/IronJS/Src/Tests/ietestcenter/chapter15/15.2/15.2.3/15.2.3.6/15.2.3.6-4-353.js : 50 - 50"
  },
  {
    "left": "ID:obj",
    "right": "LIT:2010",
    "op": "===",
    "leftType": "unknown",
    "rightType": "number",
    "parent": "VariableDeclarator",
    "grandParent": "VariableDeclaration",
    "src": "data/js/programs_all/fholm/IronJS/Src/Tests/ietestcenter/chapter15/15.2/15.2.3/15.2.3.6/15.2.3.6-4-354-6.js : 37 - 37"
  },
  {
    "left": "ID:obj",
    "right": "LIT:2010",
    "op": "===",
    "leftType": "unknown",
    "rightType": "number",
    "parent": "LogicalExpression",
    "grandParent": "ReturnStatement",
    "src": "data/js/programs_all/fholm/IronJS/Src/Tests/ietestcenter/chapter15/15.2/15.2.3/15.2.3.6/15.2.3.6-4-354-6.js : 40 - 40"
  },
  {
    "left": "ID:e",
    "right": "ID:TypeError",
    "op": "instanceof",
    "leftType": "unknown",
    "rightType": "unknown",
    "parent": "LogicalExpression",
    "grandParent": "ReturnStatement",
    "src": "data/js/programs_all/fholm/IronJS/Src/Tests/ietestcenter/chapter15/15.2/15.2.3/15.2.3.6/15.2.3.6-4-36.js : 44 - 44"
  },
  {
    "left": "ID:foo",
    "right": "LIT:12",
    "op": "===",
    "leftType": "unknown",
    "rightType": "number",
    "parent": "LogicalExpression",
    "grandParent": "ReturnStatement",
    "src": "data/js/programs_all/fholm/IronJS/Src/Tests/ietestcenter/chapter15/15.2/15.2.3/15.2.3.6/15.2.3.6-4-36.js : 44 - 44"
  },
  {
    "left": "ID:p",
    "right": "LIT:prop",
    "op": "===",
    "leftType": "unknown",
    "rightType": "string",
    "parent": "IfStatement",
    "grandParent": "BlockStatement",
    "src": "data/js/programs_all/fholm/IronJS/Src/Tests/ietestcenter/chapter15/15.2/15.2.3/15.2.3.6/15.2.3.6-4-369.js : 40 - 40"
  },
  {
    "left": "ID:enumerable",
    "right": "LIT:false",
    "op": "===",
    "leftType": "unknown",
    "rightType": "boolean",
    "parent": "LogicalExpression",
    "grandParent": "ReturnStatement",
    "src": "data/js/programs_all/fholm/IronJS/Src/Tests/ietestcenter/chapter15/15.2/15.2.3/15.2.3.6/15.2.3.6-4-369.js : 44 - 44"
  },
  {
    "left": "ID:e",
    "right": "ID:TypeError",
    "op": "instanceof",
    "leftType": "unknown",
    "rightType": "unknown",
    "parent": "LogicalExpression",
    "grandParent": "ReturnStatement",
    "src": "data/js/programs_all/fholm/IronJS/Src/Tests/ietestcenter/chapter15/15.2/15.2.3/15.2.3.6/15.2.3.6-4-37.js : 44 - 44"
  },
  {
    "left": "ID:foo",
    "right": "LIT:12",
    "op": "===",
    "leftType": "unknown",
    "rightType": "number",
    "parent": "LogicalExpression",
    "grandParent": "ReturnStatement",
    "src": "data/js/programs_all/fholm/IronJS/Src/Tests/ietestcenter/chapter15/15.2/15.2.3/15.2.3.6/15.2.3.6-4-37.js : 44 - 44"
  },
  {
    "left": "ID:enumerable",
    "right": "LIT:false",
    "op": "===",
    "leftType": "unknown",
    "rightType": "boolean",
    "parent": "LogicalExpression",
    "grandParent": "LogicalExpression",
    "src": "data/js/programs_all/fholm/IronJS/Src/Tests/ietestcenter/chapter15/15.2/15.2.3/15.2.3.6/15.2.3.6-4-372.js : 45 - 45"
  },
  {
    "left": "ID:prop",
    "right": "LIT:2010",
    "op": "===",
    "leftType": "unknown",
    "rightType": "number",
    "parent": "LogicalExpression",
    "grandParent": "LogicalExpression",
    "src": "data/js/programs_all/fholm/IronJS/Src/Tests/ietestcenter/chapter15/15.2/15.2.3/15.2.3.6/15.2.3.6-4-372.js : 45 - 45"
  },
  {
    "left": "ID:enumerable",
    "right": "LIT:true",
    "op": "===",
    "leftType": "unknown",
    "rightType": "boolean",
    "parent": "LogicalExpression",
    "grandParent": "ReturnStatement",
    "src": "data/js/programs_all/fholm/IronJS/Src/Tests/ietestcenter/chapter15/15.2/15.2.3/15.2.3.6/15.2.3.6-4-372.js : 45 - 45"
  },
  {
    "left": "ID:configurable",
    "right": "LIT:true",
    "op": "===",
    "leftType": "unknown",
    "rightType": "boolean",
    "parent": "LogicalExpression",
    "grandParent": "LogicalExpression",
    "src": "data/js/programs_all/fholm/IronJS/Src/Tests/ietestcenter/chapter15/15.2/15.2.3/15.2.3.6/15.2.3.6-4-373.js : 45 - 45"
  },
  {
    "left": "ID:prop",
    "right": "LIT:2010",
    "op": "===",
    "leftType": "unknown",
    "rightType": "number",
    "parent": "LogicalExpression",
    "grandParent": "LogicalExpression",
    "src": "data/js/programs_all/fholm/IronJS/Src/Tests/ietestcenter/chapter15/15.2/15.2.3/15.2.3.6/15.2.3.6-4-373.js : 45 - 45"
  },
  {
    "left": "ID:configurable",
    "right": "LIT:false",
    "op": "===",
    "leftType": "unknown",
    "rightType": "boolean",
    "parent": "LogicalExpression",
    "grandParent": "ReturnStatement",
    "src": "data/js/programs_all/fholm/IronJS/Src/Tests/ietestcenter/chapter15/15.2/15.2.3/15.2.3.6/15.2.3.6-4-373.js : 45 - 45"
  },
  {
    "left": "ID:prop",
    "right": "LIT:2010",
    "op": "===",
    "leftType": "unknown",
    "rightType": "number",
    "parent": "VariableDeclarator",
    "grandParent": "VariableDeclaration",
    "src": "data/js/programs_all/fholm/IronJS/Src/Tests/ietestcenter/chapter15/15.2/15.2.3/15.2.3.6/15.2.3.6-4-375.js : 37 - 37"
  },
  {
    "left": "ID:prop",
    "right": "LIT:2010",
    "op": "===",
    "leftType": "unknown",
    "rightType": "number",
    "parent": "LogicalExpression",
    "grandParent": "ReturnStatement",
    "src": "data/js/programs_all/fholm/IronJS/Src/Tests/ietestcenter/chapter15/15.2/15.2.3/15.2.3.6/15.2.3.6-4-375.js : 40 - 40"
  },
  {
    "left": "ID:p",
    "right": "LIT:prop",
    "op": "===",
    "leftType": "unknown",
    "rightType": "string",
    "parent": "IfStatement",
    "grandParent": "BlockStatement",
    "src": "data/js/programs_all/fholm/IronJS/Src/Tests/ietestcenter/chapter15/15.2/15.2.3/15.2.3.6/15.2.3.6-4-376.js : 40 - 40"
  },
  {
    "left": "ID:enumerable",
    "right": "LIT:false",
    "op": "===",
    "leftType": "unknown",
    "rightType": "boolean",
    "parent": "LogicalExpression",
    "grandParent": "ReturnStatement",
    "src": "data/js/programs_all/fholm/IronJS/Src/Tests/ietestcenter/chapter15/15.2/15.2.3/15.2.3.6/15.2.3.6-4-376.js : 44 - 44"
  },
  {
    "left": "ID:prop",
    "right": "LIT:1001",
    "op": "===",
    "leftType": "unknown",
    "rightType": "number",
    "parent": "LogicalExpression",
    "grandParent": "ReturnStatement",
    "src": "data/js/programs_all/fholm/IronJS/Src/Tests/ietestcenter/chapter15/15.2/15.2.3/15.2.3.6/15.2.3.6-4-382.js : 37 - 37"
  },
  {
    "left": "ID:value",
    "right": "LIT:1001",
    "op": "===",
    "leftType": "unknown",
    "rightType": "number",
    "parent": "LogicalExpression",
    "grandParent": "ReturnStatement",
    "src": "data/js/programs_all/fholm/IronJS/Src/Tests/ietestcenter/chapter15/15.2/15.2.3/15.2.3.6/15.2.3.6-4-382.js : 37 - 37"
  },
  {
    "left": "ID:prop",
    "right": "ID:tempObj",
    "op": "===",
    "leftType": "unknown",
    "rightType": "unknown",
    "parent": "LogicalExpression",
    "grandParent": "ReturnStatement",
    "src": "data/js/programs_all/fholm/IronJS/Src/Tests/ietestcenter/chapter15/15.2/15.2.3/15.2.3.6/15.2.3.6-4-385.js : 38 - 38"
  },
  {
    "left": "ID:value",
    "right": "ID:tempObj",
    "op": "===",
    "leftType": "unknown",
    "rightType": "unknown",
    "parent": "LogicalExpression",
    "grandParent": "ReturnStatement",
    "src": "data/js/programs_all/fholm/IronJS/Src/Tests/ietestcenter/chapter15/15.2/15.2.3/15.2.3.6/15.2.3.6-4-385.js : 38 - 38"
  },
  {
    "left": "ID:prop",
    "right": "ID:strObj",
    "op": "===",
    "leftType": "unknown",
    "rightType": "unknown",
    "parent": "LogicalExpression",
    "grandParent": "ReturnStatement",
    "src": "data/js/programs_all/fholm/IronJS/Src/Tests/ietestcenter/chapter15/15.2/15.2.3/15.2.3.6/15.2.3.6-4-387.js : 38 - 38"
  },
  {
    "left": "ID:value",
    "right": "ID:strObj",
    "op": "===",
    "leftType": "unknown",
    "rightType": "unknown",
    "parent": "LogicalExpression",
    "grandParent": "ReturnStatement",
    "src": "data/js/programs_all/fholm/IronJS/Src/Tests/ietestcenter/chapter15/15.2/15.2.3/15.2.3.6/15.2.3.6-4-387.js : 38 - 38"
  },
  {
    "left": "ID:prop",
    "right": "ID:numObj",
    "op": "===",
    "leftType": "unknown",
    "rightType": "unknown",
    "parent": "LogicalExpression",
    "grandParent": "ReturnStatement",
    "src": "data/js/programs_all/fholm/IronJS/Src/Tests/ietestcenter/chapter15/15.2/15.2.3/15.2.3.6/15.2.3.6-4-388.js : 38 - 38"
  },
  {
    "left": "ID:value",
    "right": "ID:numObj",
    "op": "===",
    "leftType": "unknown",
    "rightType": "unknown",
    "parent": "LogicalExpression",
    "grandParent": "ReturnStatement",
    "src": "data/js/programs_all/fholm/IronJS/Src/Tests/ietestcenter/chapter15/15.2/15.2.3/15.2.3.6/15.2.3.6-4-388.js : 38 - 38"
  },
  {
    "left": "ID:e",
    "right": "ID:TypeError",
    "op": "instanceof",
    "leftType": "unknown",
    "rightType": "unknown",
    "parent": "LogicalExpression",
    "grandParent": "ReturnStatement",
    "src": "data/js/programs_all/fholm/IronJS/Src/Tests/ietestcenter/chapter15/15.2/15.2.3/15.2.3.6/15.2.3.6-4-39.js : 44 - 44"
  },
  {
    "left": "ID:foo",
    "right": "LIT:12",
    "op": "===",
    "leftType": "unknown",
    "rightType": "number",
    "parent": "LogicalExpression",
    "grandParent": "ReturnStatement",
    "src": "data/js/programs_all/fholm/IronJS/Src/Tests/ietestcenter/chapter15/15.2/15.2.3/15.2.3.6/15.2.3.6-4-39.js : 44 - 44"
  },
  {
    "left": "ID:name",
    "right": "LIT:Team Meeting",
    "op": "===",
    "leftType": "unknown",
    "rightType": "string",
    "parent": "LogicalExpression",
    "grandParent": "LogicalExpression",
    "src": "data/js/programs_all/fholm/IronJS/Src/Tests/ietestcenter/chapter15/15.2/15.2.3/15.2.3.6/15.2.3.6-4-413.js : 62 - 62"
  },
  {
    "left": "ID:startTime",
    "right": "ID:dateObj",
    "op": "===",
    "leftType": "unknown",
    "rightType": "unknown",
    "parent": "LogicalExpression",
    "grandParent": "LogicalExpression",
    "src": "data/js/programs_all/fholm/IronJS/Src/Tests/ietestcenter/chapter15/15.2/15.2.3/15.2.3.6/15.2.3.6-4-413.js : 63 - 63"
  },
  {
    "left": "ID:conferenceCall",
    "right": "LIT:4255551212",
    "op": "===",
    "leftType": "unknown",
    "rightType": "string",
    "parent": "LogicalExpression",
    "grandParent": "ReturnStatement",
    "src": "data/js/programs_all/fholm/IronJS/Src/Tests/ietestcenter/chapter15/15.2/15.2.3/15.2.3.6/15.2.3.6-4-413.js : 64 - 64"
  },
  {
    "left": "ID:p",
    "right": "LIT:startTime",
    "op": "===",
    "leftType": "unknown",
    "rightType": "string",
    "parent": "IfStatement",
    "grandParent": "BlockStatement",
    "src": "data/js/programs_all/fholm/IronJS/Src/Tests/ietestcenter/chapter15/15.2/15.2.3/15.2.3.6/15.2.3.6-4-416.js : 58 - 58"
  },
  {
    "left": "ID:p",
    "right": "LIT:name",
    "op": "===",
    "leftType": "unknown",
    "rightType": "string",
    "parent": "IfStatement",
    "grandParent": "BlockStatement",
    "src": "data/js/programs_all/fholm/IronJS/Src/Tests/ietestcenter/chapter15/15.2/15.2.3/15.2.3.6/15.2.3.6-4-416.js : 61 - 61"
  },
  {
    "left": "ID:p",
    "right": "LIT:conferenceCall",
    "op": "===",
    "leftType": "unknown",
    "rightType": "string",
    "parent": "IfStatement",
    "grandParent": "BlockStatement",
    "src": "data/js/programs_all/fholm/IronJS/Src/Tests/ietestcenter/chapter15/15.2/15.2.3/15.2.3.6/15.2.3.6-4-416.js : 64 - 64"
  },
  {
    "left": "ID:configurable",
    "right": "LIT:true",
    "op": "===",
    "leftType": "unknown",
    "rightType": "boolean",
    "parent": "LogicalExpression",
    "grandParent": "LogicalExpression",
    "src": "data/js/programs_all/fholm/IronJS/Src/Tests/ietestcenter/chapter15/15.2/15.2.3/15.2.3.6/15.2.3.6-4-425.js : 43 - 43"
  },
  {
    "left": "ID:configurable",
    "right": "LIT:false",
    "op": "===",
    "leftType": "unknown",
    "rightType": "boolean",
    "parent": "LogicalExpression",
    "grandParent": "LogicalExpression",
    "src": "data/js/programs_all/fholm/IronJS/Src/Tests/ietestcenter/chapter15/15.2/15.2.3/15.2.3.6/15.2.3.6-4-434.js : 43 - 43"
  },
  {
    "left": "ID:e",
    "right": "ID:TypeError",
    "op": "instanceof",
    "leftType": "unknown",
    "rightType": "unknown",
    "parent": "LogicalExpression",
    "grandParent": "ReturnStatement",
    "src": "data/js/programs_all/fholm/IronJS/Src/Tests/ietestcenter/chapter15/15.2/15.2.3/15.2.3.6/15.2.3.6-4-436.js : 52 - 52"
  },
  {
    "left": "ID:set",
    "right": "ID:setFunc",
    "op": "===",
    "leftType": "unknown",
    "rightType": "unknown",
    "parent": "LogicalExpression",
    "grandParent": "ReturnStatement",
    "src": "data/js/programs_all/fholm/IronJS/Src/Tests/ietestcenter/chapter15/15.2/15.2.3/15.2.3.6/15.2.3.6-4-463.js : 51 - 51"
  },
  {
    "left": "ID:prop",
    "right": "LIT:1001",
    "op": "===",
    "leftType": "unknown",
    "rightType": "number",
    "parent": "VariableDeclarator",
    "grandParent": "VariableDeclaration",
    "src": "data/js/programs_all/fholm/IronJS/Src/Tests/ietestcenter/chapter15/15.2/15.2.3/15.2.3.6/15.2.3.6-4-480.js : 54 - 54"
  },
  {
    "left": "ID:get",
    "right": "ID:getFunc",
    "op": "===",
    "leftType": "unknown",
    "rightType": "unknown",
    "parent": "LogicalExpression",
    "grandParent": "ReturnStatement",
    "src": "data/js/programs_all/fholm/IronJS/Src/Tests/ietestcenter/chapter15/15.2/15.2.3/15.2.3.6/15.2.3.6-4-480.js : 57 - 57"
  },
  {
    "left": "ID:p1",
    "right": "LIT:prop",
    "op": "===",
    "leftType": "unknown",
    "rightType": "string",
    "parent": "IfStatement",
    "grandParent": "BlockStatement",
    "src": "data/js/programs_all/fholm/IronJS/Src/Tests/ietestcenter/chapter15/15.2/15.2.3/15.2.3.6/15.2.3.6-4-482.js : 46 - 46"
  },
  {
    "left": "ID:p2",
    "right": "LIT:prop",
    "op": "===",
    "leftType": "unknown",
    "rightType": "string",
    "parent": "IfStatement",
    "grandParent": "BlockStatement",
    "src": "data/js/programs_all/fholm/IronJS/Src/Tests/ietestcenter/chapter15/15.2/15.2.3/15.2.3.6/15.2.3.6-4-482.js : 57 - 57"
  },
  {
    "left": "ID:enumerable",
    "right": "LIT:false",
    "op": "===",
    "leftType": "unknown",
    "rightType": "boolean",
    "parent": "LogicalExpression",
    "grandParent": "LogicalExpression",
    "src": "data/js/programs_all/fholm/IronJS/Src/Tests/ietestcenter/chapter15/15.2/15.2.3/15.2.3.6/15.2.3.6-4-482.js : 62 - 62"
  },
  {
    "left": "ID:enumerable",
    "right": "LIT:true",
    "op": "===",
    "leftType": "unknown",
    "rightType": "boolean",
    "parent": "LogicalExpression",
    "grandParent": "ReturnStatement",
    "src": "data/js/programs_all/fholm/IronJS/Src/Tests/ietestcenter/chapter15/15.2/15.2.3/15.2.3.6/15.2.3.6-4-482.js : 62 - 62"
  },
  {
    "left": "ID:p",
    "right": "LIT:prop",
    "op": "===",
    "leftType": "unknown",
    "rightType": "string",
    "parent": "IfStatement",
    "grandParent": "BlockStatement",
    "src": "data/js/programs_all/fholm/IronJS/Src/Tests/ietestcenter/chapter15/15.2/15.2.3/15.2.3.6/15.2.3.6-4-487.js : 47 - 47"
  },
  {
    "left": "ID:enumerable",
    "right": "LIT:false",
    "op": "===",
    "leftType": "unknown",
    "rightType": "boolean",
    "parent": "LogicalExpression",
    "grandParent": "ReturnStatement",
    "src": "data/js/programs_all/fholm/IronJS/Src/Tests/ietestcenter/chapter15/15.2/15.2.3/15.2.3.6/15.2.3.6-4-487.js : 52 - 52"
  },
  {
    "left": "ID:configurable",
    "right": "LIT:false",
    "op": "===",
    "leftType": "unknown",
    "rightType": "boolean",
    "parent": "LogicalExpression",
    "grandParent": "LogicalExpression",
    "src": "data/js/programs_all/fholm/IronJS/Src/Tests/ietestcenter/chapter15/15.2/15.2.3/15.2.3.6/15.2.3.6-4-492.js : 54 - 54"
  },
  {
    "left": "ID:configurable",
    "right": "LIT:false",
    "op": "===",
    "leftType": "unknown",
    "rightType": "boolean",
    "parent": "LogicalExpression",
    "grandParent": "LogicalExpression",
    "src": "data/js/programs_all/fholm/IronJS/Src/Tests/ietestcenter/chapter15/15.2/15.2.3/15.2.3.6/15.2.3.6-4-492.js : 54 - 54"
  },
  {
    "left": "ID:e",
    "right": "ID:TypeError",
    "op": "instanceof",
    "leftType": "unknown",
    "rightType": "unknown",
    "parent": "LogicalExpression",
    "grandParent": "ReturnStatement",
    "src": "data/js/programs_all/fholm/IronJS/Src/Tests/ietestcenter/chapter15/15.2/15.2.3/15.2.3.6/15.2.3.6-4-492.js : 54 - 54"
  },
  {
    "left": "ID:get",
    "right": "ID:getFunc",
    "op": "===",
    "leftType": "unknown",
    "rightType": "unknown",
    "parent": "LogicalExpression",
    "grandParent": "LogicalExpression",
    "src": "data/js/programs_all/fholm/IronJS/Src/Tests/ietestcenter/chapter15/15.2/15.2.3/15.2.3.6/15.2.3.6-4-494.js : 45 - 45"
  },
  {
    "left": "ID:prop",
    "right": "LIT:1001",
    "op": "===",
    "leftType": "unknown",
    "rightType": "number",
    "parent": "LogicalExpression",
    "grandParent": "ReturnStatement",
    "src": "data/js/programs_all/fholm/IronJS/Src/Tests/ietestcenter/chapter15/15.2/15.2.3/15.2.3.6/15.2.3.6-4-494.js : 45 - 45"
  },
  {
    "left": "ID:configurable",
    "right": "LIT:true",
    "op": "===",
    "leftType": "unknown",
    "rightType": "boolean",
    "parent": "LogicalExpression",
    "grandParent": "LogicalExpression",
    "src": "data/js/programs_all/fholm/IronJS/Src/Tests/ietestcenter/chapter15/15.2/15.2.3/15.2.3.6/15.2.3.6-4-515.js : 47 - 47"
  },
  {
    "left": "ID:configurable",
    "right": "LIT:true",
    "op": "===",
    "leftType": "unknown",
    "rightType": "boolean",
    "parent": "LogicalExpression",
    "grandParent": "LogicalExpression",
    "src": "data/js/programs_all/fholm/IronJS/Src/Tests/ietestcenter/chapter15/15.2/15.2.3/15.2.3.6/15.2.3.6-4-537.js : 54 - 54"
  },
  {
    "left": "ID:configurable",
    "right": "LIT:false",
    "op": "===",
    "leftType": "unknown",
    "rightType": "boolean",
    "parent": "LogicalExpression",
    "grandParent": "LogicalExpression",
    "src": "data/js/programs_all/fholm/IronJS/Src/Tests/ietestcenter/chapter15/15.2/15.2.3/15.2.3.6/15.2.3.6-4-537.js : 54 - 54"
  },
  {
    "left": "ID:e",
    "right": "ID:TypeError",
    "op": "instanceof",
    "leftType": "unknown",
    "rightType": "unknown",
    "parent": "LogicalExpression",
    "grandParent": "AssignmentExpression",
    "src": "data/js/programs_all/fholm/IronJS/Src/Tests/ietestcenter/chapter15/15.2/15.2.3/15.2.3.6/15.2.3.6-4-540-1.js : 52 - 52"
  },
  {
    "left": "ID:e1",
    "right": "ID:TypeError",
    "op": "instanceof",
    "leftType": "unknown",
    "rightType": "unknown",
    "parent": "LogicalExpression",
    "grandParent": "LogicalExpression",
    "src": "data/js/programs_all/fholm/IronJS/Src/Tests/ietestcenter/chapter15/15.2/15.2.3/15.2.3.6/15.2.3.6-4-540-1.js : 63 - 63"
  },
  {
    "left": "ID:e",
    "right": "ID:TypeError",
    "op": "instanceof",
    "leftType": "unknown",
    "rightType": "unknown",
    "parent": "LogicalExpression",
    "grandParent": "AssignmentExpression",
    "src": "data/js/programs_all/fholm/IronJS/Src/Tests/ietestcenter/chapter15/15.2/15.2.3/15.2.3.6/15.2.3.6-4-540-8.js : 54 - 54"
  },
  {
    "left": "ID:e1",
    "right": "ID:TypeError",
    "op": "instanceof",
    "leftType": "unknown",
    "rightType": "unknown",
    "parent": "LogicalExpression",
    "grandParent": "LogicalExpression",
    "src": "data/js/programs_all/fholm/IronJS/Src/Tests/ietestcenter/chapter15/15.2/15.2.3/15.2.3.6/15.2.3.6-4-540-8.js : 65 - 65"
  },
  {
    "left": "ID:set",
    "right": "ID:setFunc",
    "op": "===",
    "leftType": "unknown",
    "rightType": "unknown",
    "parent": "LogicalExpression",
    "grandParent": "LogicalExpression",
    "src": "data/js/programs_all/fholm/IronJS/Src/Tests/ietestcenter/chapter15/15.2/15.2.3/15.2.3.6/15.2.3.6-4-540.js : 51 - 51"
  },
  {
    "left": "ID:verifySetFunc",
    "right": "LIT:overrideData",
    "op": "===",
    "leftType": "unknown",
    "rightType": "string",
    "parent": "LogicalExpression",
    "grandParent": "ReturnStatement",
    "src": "data/js/programs_all/fholm/IronJS/Src/Tests/ietestcenter/chapter15/15.2/15.2.3/15.2.3.6/15.2.3.6-4-540.js : 51 - 51"
  },
  {
    "left": "ID:p",
    "right": "LIT:prop",
    "op": "===",
    "leftType": "unknown",
    "rightType": "string",
    "parent": "IfStatement",
    "grandParent": "BlockStatement",
    "src": "data/js/programs_all/fholm/IronJS/Src/Tests/ietestcenter/chapter15/15.2/15.2.3/15.2.3.6/15.2.3.6-4-550.js : 51 - 51"
  },
  {
    "left": "ID:enumerable",
    "right": "LIT:false",
    "op": "===",
    "leftType": "unknown",
    "rightType": "boolean",
    "parent": "LogicalExpression",
    "grandParent": "ReturnStatement",
    "src": "data/js/programs_all/fholm/IronJS/Src/Tests/ietestcenter/chapter15/15.2/15.2.3/15.2.3.6/15.2.3.6-4-550.js : 56 - 56"
  },
  {
    "left": "ID:set",
    "right": "ID:setFunc",
    "op": "===",
    "leftType": "unknown",
    "rightType": "unknown",
    "parent": "LogicalExpression",
    "grandParent": "LogicalExpression",
    "src": "data/js/programs_all/fholm/IronJS/Src/Tests/ietestcenter/chapter15/15.2/15.2.3/15.2.3.6/15.2.3.6-4-558.js : 51 - 51"
  },
  {
    "left": "ID:verifySetFunc",
    "right": "LIT:overrideData",
    "op": "===",
    "leftType": "unknown",
    "rightType": "string",
    "parent": "LogicalExpression",
    "grandParent": "ReturnStatement",
    "src": "data/js/programs_all/fholm/IronJS/Src/Tests/ietestcenter/chapter15/15.2/15.2.3/15.2.3.6/15.2.3.6-4-558.js : 51 - 51"
  },
  {
    "left": "ID:prop",
    "right": "LIT:1001",
    "op": "===",
    "leftType": "unknown",
    "rightType": "number",
    "parent": "VariableDeclarator",
    "grandParent": "VariableDeclaration",
    "src": "data/js/programs_all/fholm/IronJS/Src/Tests/ietestcenter/chapter15/15.2/15.2.3/15.2.3.6/15.2.3.6-4-561.js : 47 - 47"
  },
  {
    "left": "ID:prop",
    "right": "LIT:1001",
    "op": "===",
    "leftType": "unknown",
    "rightType": "number",
    "parent": "VariableDeclarator",
    "grandParent": "VariableDeclaration",
    "src": "data/js/programs_all/fholm/IronJS/Src/Tests/ietestcenter/chapter15/15.2/15.2.3/15.2.3.6/15.2.3.6-4-561.js : 57 - 57"
  },
  {
    "left": "ID:get",
    "right": "ID:getFunc",
    "op": "===",
    "leftType": "unknown",
    "rightType": "unknown",
    "parent": "LogicalExpression",
    "grandParent": "LogicalExpression",
    "src": "data/js/programs_all/fholm/IronJS/Src/Tests/ietestcenter/chapter15/15.2/15.2.3/15.2.3.6/15.2.3.6-4-561.js : 60 - 60"
  },
  {
    "left": "ID:get",
    "right": "ID:getFunc",
    "op": "===",
    "leftType": "unknown",
    "rightType": "unknown",
    "parent": "LogicalExpression",
    "grandParent": "LogicalExpression",
    "src": "data/js/programs_all/fholm/IronJS/Src/Tests/ietestcenter/chapter15/15.2/15.2.3/15.2.3.6/15.2.3.6-4-561.js : 60 - 60"
  },
  {
    "left": "ID:e",
    "right": "ID:TypeError",
    "op": "instanceof",
    "leftType": "unknown",
    "rightType": "unknown",
    "parent": "LogicalExpression",
    "grandParent": "ReturnStatement",
    "src": "data/js/programs_all/fholm/IronJS/Src/Tests/ietestcenter/chapter15/15.2/15.2.3/15.2.3.6/15.2.3.6-4-561.js : 60 - 60"
  },
  {
    "left": "ID:prop",
    "right": "LIT:2010",
    "op": "===",
    "leftType": "unknown",
    "rightType": "number",
    "parent": "LogicalExpression",
    "grandParent": "LogicalExpression",
    "src": "data/js/programs_all/fholm/IronJS/Src/Tests/ietestcenter/chapter15/15.2/15.2.3/15.2.3.6/15.2.3.6-4-567.js : 40 - 40"
  },
  {
    "left": "ID:get",
    "right": "ID:getFunc",
    "op": "===",
    "leftType": "unknown",
    "rightType": "unknown",
    "parent": "LogicalExpression",
    "grandParent": "ReturnStatement",
    "src": "data/js/programs_all/fholm/IronJS/Src/Tests/ietestcenter/chapter15/15.2/15.2.3/15.2.3.6/15.2.3.6-4-567.js : 40 - 40"
  },
  {
    "left": "ID:prop",
    "right": "ID:obj",
    "op": "===",
    "leftType": "unknown",
    "rightType": "unknown",
    "parent": "LogicalExpression",
    "grandParent": "LogicalExpression",
    "src": "data/js/programs_all/fholm/IronJS/Src/Tests/ietestcenter/chapter15/15.2/15.2.3/15.2.3.6/15.2.3.6-4-571.js : 42 - 42"
  },
  {
    "left": "ID:get",
    "right": "ID:getFunc",
    "op": "===",
    "leftType": "unknown",
    "rightType": "unknown",
    "parent": "LogicalExpression",
    "grandParent": "ReturnStatement",
    "src": "data/js/programs_all/fholm/IronJS/Src/Tests/ietestcenter/chapter15/15.2/15.2.3/15.2.3.6/15.2.3.6-4-571.js : 42 - 42"
  },
  {
    "left": "ID:p",
    "right": "LIT:prop",
    "op": "===",
    "leftType": "unknown",
    "rightType": "string",
    "parent": "IfStatement",
    "grandParent": "BlockStatement",
    "src": "data/js/programs_all/fholm/IronJS/Src/Tests/ietestcenter/chapter15/15.2/15.2.3/15.2.3.6/15.2.3.6-4-580.js : 44 - 44"
  },
  {
    "left": "ID:prop",
    "right": "LIT:data",
    "op": "===",
    "leftType": "unknown",
    "rightType": "string",
    "parent": "LogicalExpression",
    "grandParent": "LogicalExpression",
    "src": "data/js/programs_all/fholm/IronJS/Src/Tests/ietestcenter/chapter15/15.2/15.2.3/15.2.3.6/15.2.3.6-4-586.js : 40 - 40"
  },
  {
    "left": "ID:data",
    "right": "LIT:data",
    "op": "===",
    "leftType": "unknown",
    "rightType": "string",
    "parent": "LogicalExpression",
    "grandParent": "ReturnStatement",
    "src": "data/js/programs_all/fholm/IronJS/Src/Tests/ietestcenter/chapter15/15.2/15.2.3/15.2.3.6/15.2.3.6-4-586.js : 40 - 40"
  },
  {
    "left": "ID:name",
    "right": "LIT:NAME",
    "op": "===",
    "leftType": "unknown",
    "rightType": "string",
    "parent": "LogicalExpression",
    "grandParent": "LogicalExpression",
    "src": "data/js/programs_all/fholm/IronJS/Src/Tests/ietestcenter/chapter15/15.2/15.2.3/15.2.3.6/15.2.3.6-4-588.js : 67 - 67"
  },
  {
    "left": "ID:startTime",
    "right": "LIT:1001",
    "op": "===",
    "leftType": "unknown",
    "rightType": "number",
    "parent": "LogicalExpression",
    "grandParent": "LogicalExpression",
    "src": "data/js/programs_all/fholm/IronJS/Src/Tests/ietestcenter/chapter15/15.2/15.2.3/15.2.3.6/15.2.3.6-4-588.js : 68 - 68"
  },
  {
    "left": "ID:conferenceCall",
    "right": "LIT:In-person meeting",
    "op": "===",
    "leftType": "unknown",
    "rightType": "string",
    "parent": "LogicalExpression",
    "grandParent": "ReturnStatement",
    "src": "data/js/programs_all/fholm/IronJS/Src/Tests/ietestcenter/chapter15/15.2/15.2.3/15.2.3.6/15.2.3.6-4-588.js : 69 - 69"
  },
  {
    "left": "ID:name",
    "right": "LIT:Team Meeting",
    "op": "===",
    "leftType": "unknown",
    "rightType": "string",
    "parent": "LogicalExpression",
    "grandParent": "LogicalExpression",
    "src": "data/js/programs_all/fholm/IronJS/Src/Tests/ietestcenter/chapter15/15.2/15.2.3/15.2.3.6/15.2.3.6-4-589.js : 77 - 77"
  },
  {
    "left": "ID:startTime",
    "right": "ID:dateObj",
    "op": "===",
    "leftType": "unknown",
    "rightType": "unknown",
    "parent": "LogicalExpression",
    "grandParent": "LogicalExpression",
    "src": "data/js/programs_all/fholm/IronJS/Src/Tests/ietestcenter/chapter15/15.2/15.2.3/15.2.3.6/15.2.3.6-4-589.js : 78 - 78"
  },
  {
    "left": "ID:conferenceCall",
    "right": "LIT:4255551212",
    "op": "===",
    "leftType": "unknown",
    "rightType": "string",
    "parent": "LogicalExpression",
    "grandParent": "ReturnStatement",
    "src": "data/js/programs_all/fholm/IronJS/Src/Tests/ietestcenter/chapter15/15.2/15.2.3/15.2.3.6/15.2.3.6-4-589.js : 79 - 79"
  },
  {
    "left": "ID:p",
    "right": "LIT:prop",
    "op": "===",
    "leftType": "unknown",
    "rightType": "string",
    "parent": "IfStatement",
    "grandParent": "BlockStatement",
    "src": "data/js/programs_all/fholm/IronJS/Src/Tests/ietestcenter/chapter15/15.2/15.2.3/15.2.3.6/15.2.3.6-4-597.js : 44 - 44"
  },
  {
    "left": "ID:writable",
    "right": "LIT:true",
    "op": "===",
    "leftType": "unknown",
    "rightType": "boolean",
    "parent": "LogicalExpression",
    "grandParent": "LogicalExpression",
    "src": "data/js/programs_all/fholm/IronJS/Src/Tests/ietestcenter/chapter15/15.2/15.2.3/15.2.3.6/15.2.3.6-4-600.js : 31 - 31"
  },
  {
    "left": "ID:enumerable",
    "right": "LIT:false",
    "op": "===",
    "leftType": "unknown",
    "rightType": "boolean",
    "parent": "LogicalExpression",
    "grandParent": "LogicalExpression",
    "src": "data/js/programs_all/fholm/IronJS/Src/Tests/ietestcenter/chapter15/15.2/15.2.3/15.2.3.6/15.2.3.6-4-600.js : 31 - 31"
  },
  {
    "left": "ID:configurable",
    "right": "LIT:true",
    "op": "===",
    "leftType": "unknown",
    "rightType": "boolean",
    "parent": "LogicalExpression",
    "grandParent": "VariableDeclarator",
    "src": "data/js/programs_all/fholm/IronJS/Src/Tests/ietestcenter/chapter15/15.2/15.2.3/15.2.3.6/15.2.3.6-4-600.js : 31 - 31"
  },
  {
    "left": "ID:getOwnPropertyNames",
    "right": "LIT:2010",
    "op": "===",
    "leftType": "unknown",
    "rightType": "string",
    "parent": "VariableDeclarator",
    "grandParent": "VariableDeclaration",
    "src": "data/js/programs_all/fholm/IronJS/Src/Tests/ietestcenter/chapter15/15.2/15.2.3/15.2.3.6/15.2.3.6-4-600.js : 38 - 38"
  },
  {
    "left": "ID:prop",
    "right": "LIT:getOwnPropertyNames",
    "op": "===",
    "leftType": "unknown",
    "rightType": "string",
    "parent": "IfStatement",
    "grandParent": "BlockStatement",
    "src": "data/js/programs_all/fholm/IronJS/Src/Tests/ietestcenter/chapter15/15.2/15.2.3/15.2.3.6/15.2.3.6-4-600.js : 43 - 43"
  },
  {
    "left": "ID:writable",
    "right": "LIT:true",
    "op": "===",
    "leftType": "unknown",
    "rightType": "boolean",
    "parent": "LogicalExpression",
    "grandParent": "LogicalExpression",
    "src": "data/js/programs_all/fholm/IronJS/Src/Tests/ietestcenter/chapter15/15.2/15.2.3/15.2.3.6/15.2.3.6-4-602.js : 31 - 31"
  },
  {
    "left": "ID:enumerable",
    "right": "LIT:false",
    "op": "===",
    "leftType": "unknown",
    "rightType": "boolean",
    "parent": "LogicalExpression",
    "grandParent": "LogicalExpression",
    "src": "data/js/programs_all/fholm/IronJS/Src/Tests/ietestcenter/chapter15/15.2/15.2.3/15.2.3.6/15.2.3.6-4-602.js : 31 - 31"
  },
  {
    "left": "ID:configurable",
    "right": "LIT:true",
    "op": "===",
    "leftType": "unknown",
    "rightType": "boolean",
    "parent": "LogicalExpression",
    "grandParent": "VariableDeclarator",
    "src": "data/js/programs_all/fholm/IronJS/Src/Tests/ietestcenter/chapter15/15.2/15.2.3/15.2.3.6/15.2.3.6-4-602.js : 31 - 31"
  },
  {
    "left": "ID:defineProperty",
    "right": "LIT:2010",
    "op": "===",
    "leftType": "unknown",
    "rightType": "string",
    "parent": "VariableDeclarator",
    "grandParent": "VariableDeclaration",
    "src": "data/js/programs_all/fholm/IronJS/Src/Tests/ietestcenter/chapter15/15.2/15.2.3/15.2.3.6/15.2.3.6-4-602.js : 36 - 36"
  },
  {
    "left": "ID:prop",
    "right": "LIT:defineProperty",
    "op": "===",
    "leftType": "unknown",
    "rightType": "string",
    "parent": "IfStatement",
    "grandParent": "BlockStatement",
    "src": "data/js/programs_all/fholm/IronJS/Src/Tests/ietestcenter/chapter15/15.2/15.2.3/15.2.3.6/15.2.3.6-4-602.js : 41 - 41"
  },
  {
    "left": "ID:writable",
    "right": "LIT:true",
    "op": "===",
    "leftType": "unknown",
    "rightType": "boolean",
    "parent": "LogicalExpression",
    "grandParent": "LogicalExpression",
    "src": "data/js/programs_all/fholm/IronJS/Src/Tests/ietestcenter/chapter15/15.2/15.2.3/15.2.3.6/15.2.3.6-4-617.js : 31 - 31"
  },
  {
    "left": "ID:enumerable",
    "right": "LIT:false",
    "op": "===",
    "leftType": "unknown",
    "rightType": "boolean",
    "parent": "LogicalExpression",
    "grandParent": "LogicalExpression",
    "src": "data/js/programs_all/fholm/IronJS/Src/Tests/ietestcenter/chapter15/15.2/15.2.3/15.2.3.6/15.2.3.6-4-617.js : 31 - 31"
  },
  {
    "left": "ID:configurable",
    "right": "LIT:true",
    "op": "===",
    "leftType": "unknown",
    "rightType": "boolean",
    "parent": "LogicalExpression",
    "grandParent": "VariableDeclarator",
    "src": "data/js/programs_all/fholm/IronJS/Src/Tests/ietestcenter/chapter15/15.2/15.2.3/15.2.3.6/15.2.3.6-4-617.js : 31 - 31"
  },
  {
    "left": "ID:map",
    "right": "LIT:2010",
    "op": "===",
    "leftType": "unknown",
    "rightType": "string",
    "parent": "VariableDeclarator",
    "grandParent": "VariableDeclaration",
    "src": "data/js/programs_all/fholm/IronJS/Src/Tests/ietestcenter/chapter15/15.2/15.2.3/15.2.3.6/15.2.3.6-4-617.js : 38 - 38"
  },
  {
    "left": "ID:prop",
    "right": "LIT:map",
    "op": "===",
    "leftType": "unknown",
    "rightType": "string",
    "parent": "IfStatement",
    "grandParent": "BlockStatement",
    "src": "data/js/programs_all/fholm/IronJS/Src/Tests/ietestcenter/chapter15/15.2/15.2.3/15.2.3.6/15.2.3.6-4-617.js : 43 - 43"
  },
  {
    "left": "ID:writable",
    "right": "LIT:true",
    "op": "===",
    "leftType": "unknown",
    "rightType": "boolean",
    "parent": "LogicalExpression",
    "grandParent": "LogicalExpression",
    "src": "data/js/programs_all/fholm/IronJS/Src/Tests/ietestcenter/chapter15/15.2/15.2.3/15.2.3.6/15.2.3.6-4-624.js : 31 - 31"
  },
  {
    "left": "ID:enumerable",
    "right": "LIT:false",
    "op": "===",
    "leftType": "unknown",
    "rightType": "boolean",
    "parent": "LogicalExpression",
    "grandParent": "LogicalExpression",
    "src": "data/js/programs_all/fholm/IronJS/Src/Tests/ietestcenter/chapter15/15.2/15.2.3/15.2.3.6/15.2.3.6-4-624.js : 31 - 31"
  },
  {
    "left": "ID:configurable",
    "right": "LIT:true",
    "op": "===",
    "leftType": "unknown",
    "rightType": "boolean",
    "parent": "LogicalExpression",
    "grandParent": "VariableDeclarator",
    "src": "data/js/programs_all/fholm/IronJS/Src/Tests/ietestcenter/chapter15/15.2/15.2.3/15.2.3.6/15.2.3.6-4-624.js : 31 - 31"
  },
  {
    "left": "ID:toJSON",
    "right": "LIT:2010",
    "op": "===",
    "leftType": "unknown",
    "rightType": "string",
    "parent": "VariableDeclarator",
    "grandParent": "VariableDeclaration",
    "src": "data/js/programs_all/fholm/IronJS/Src/Tests/ietestcenter/chapter15/15.2/15.2.3/15.2.3.6/15.2.3.6-4-624.js : 38 - 38"
  },
  {
    "left": "ID:prop",
    "right": "LIT:toJSON",
    "op": "===",
    "leftType": "unknown",
    "rightType": "string",
    "parent": "IfStatement",
    "grandParent": "BlockStatement",
    "src": "data/js/programs_all/fholm/IronJS/Src/Tests/ietestcenter/chapter15/15.2/15.2.3/15.2.3.6/15.2.3.6-4-624.js : 43 - 43"
  },
  {
    "left": "ID:foo",
    "right": "LIT:verifyValue",
    "op": "===",
    "leftType": "unknown",
    "rightType": "string",
    "parent": "IfStatement",
    "grandParent": "BlockStatement",
    "src": "data/js/programs_all/fholm/IronJS/Src/Tests/ietestcenter/chapter15/15.2/15.2.3/15.2.3.6/15.2.3.6-4-63.js : 41 - 41"
  },
  {
    "left": "ID:prop",
    "right": "LIT:foo",
    "op": "===",
    "leftType": "unknown",
    "rightType": "string",
    "parent": "LogicalExpression",
    "grandParent": "IfStatement",
    "src": "data/js/programs_all/fholm/IronJS/Src/Tests/ietestcenter/chapter15/15.2/15.2.3/15.2.3.6/15.2.3.6-4-63.js : 46 - 46"
  },
  {
    "left": "ID:e",
    "right": "ID:TypeError",
    "op": "instanceof",
    "leftType": "unknown",
    "rightType": "unknown",
    "parent": "IfStatement",
    "grandParent": "BlockStatement",
    "src": "data/js/programs_all/fholm/IronJS/Src/Tests/ietestcenter/chapter15/15.2/15.2.3/15.2.3.6/15.2.3.6-4-8.js : 50 - 50"
  },
  {
    "left": "ID:value",
    "right": "LIT:101",
    "op": "===",
    "leftType": "unknown",
    "rightType": "number",
    "parent": "LogicalExpression",
    "grandParent": "LogicalExpression",
    "src": "data/js/programs_all/fholm/IronJS/Src/Tests/ietestcenter/chapter15/15.2/15.2.3/15.2.3.6/15.2.3.6-4-8.js : 53 - 53"
  },
  {
    "left": "ID:enumerable",
    "right": "LIT:false",
    "op": "===",
    "leftType": "unknown",
    "rightType": "boolean",
    "parent": "LogicalExpression",
    "grandParent": "LogicalExpression",
    "src": "data/js/programs_all/fholm/IronJS/Src/Tests/ietestcenter/chapter15/15.2/15.2.3/15.2.3.6/15.2.3.6-4-8.js : 54 - 54"
  },
  {
    "left": "ID:configurable",
    "right": "LIT:false",
    "op": "===",
    "leftType": "unknown",
    "rightType": "boolean",
    "parent": "LogicalExpression",
    "grandParent": "IfStatement",
    "src": "data/js/programs_all/fholm/IronJS/Src/Tests/ietestcenter/chapter15/15.2/15.2.3/15.2.3.6/15.2.3.6-4-8.js : 55 - 55"
  },
  {
    "left": "ID:e",
    "right": "ID:TypeError",
    "op": "instanceof",
    "leftType": "unknown",
    "rightType": "unknown",
    "parent": "LogicalExpression",
    "grandParent": "ReturnStatement",
    "src": "data/js/programs_all/fholm/IronJS/Src/Tests/ietestcenter/chapter15/15.2/15.2.3/15.2.3.6/15.2.3.6-4-91.js : 42 - 42"
  },
  {
    "left": "ID:e",
    "right": "ID:TypeError",
    "op": "instanceof",
    "leftType": "unknown",
    "rightType": "unknown",
    "parent": "LogicalExpression",
    "grandParent": "ReturnStatement",
    "src": "data/js/programs_all/fholm/IronJS/Src/Tests/ietestcenter/chapter15/15.2/15.2.3/15.2.3.6/15.2.3.6-4-93.js : 42 - 42"
  },
  {
    "left": "ID:e",
    "right": "ID:TypeError",
    "op": "instanceof",
    "leftType": "unknown",
    "rightType": "unknown",
    "parent": "LogicalExpression",
    "grandParent": "ReturnStatement",
    "src": "data/js/programs_all/fholm/IronJS/Src/Tests/ietestcenter/chapter15/15.2/15.2.3/15.2.3.6/15.2.3.6-4-99.js : 52 - 52"
  },
  {
    "left": "ID:e",
    "right": "ID:TypeError",
    "op": "instanceof",
    "leftType": "unknown",
    "rightType": "unknown",
    "parent": "ReturnStatement",
    "grandParent": "BlockStatement",
    "src": "data/js/programs_all/fholm/IronJS/Src/Tests/ietestcenter/chapter15/15.2/15.2.3/15.2.3.7/15.2.3.7-2-1.js : 35 - 35"
  },
  {
    "left": "LIT:this",
    "right": "ID:RegExp",
    "op": "instanceof",
    "leftType": "object",
    "rightType": "unknown",
    "parent": "AssignmentExpression",
    "grandParent": "ExpressionStatement",
    "src": "data/js/programs_all/fholm/IronJS/Src/Tests/ietestcenter/chapter15/15.2/15.2.3/15.2.3.7/15.2.3.7-2-13.js : 37 - 37"
  },
  {
    "left": "LIT:[object Arguments]",
    "right": "ID:call",
    "op": "===",
    "leftType": "string",
    "rightType": "unknown",
    "parent": "AssignmentExpression",
    "grandParent": "ExpressionStatement",
    "src": "data/js/programs_all/fholm/IronJS/Src/Tests/ietestcenter/chapter15/15.2/15.2.3/15.2.3.7/15.2.3.7-2-16.js : 41 - 41"
  },
  {
    "left": "ID:obj",
    "right": "ID:obj1",
    "op": "===",
    "leftType": "unknown",
    "rightType": "unknown",
    "parent": "ReturnStatement",
    "grandParent": "BlockStatement",
    "src": "data/js/programs_all/fholm/IronJS/Src/Tests/ietestcenter/chapter15/15.2/15.2.3/15.2.3.7/15.2.3.7-2-3.js : 33 - 33"
  },
  {
    "left": "ID:obj",
    "right": "ID:obj1",
    "op": "===",
    "leftType": "unknown",
    "rightType": "unknown",
    "parent": "ReturnStatement",
    "grandParent": "BlockStatement",
    "src": "data/js/programs_all/fholm/IronJS/Src/Tests/ietestcenter/chapter15/15.2/15.2.3/15.2.3.7/15.2.3.7-2-7.js : 33 - 33"
  },
  {
    "left": "LIT:this",
    "right": "ID:String",
    "op": "instanceof",
    "leftType": "object",
    "rightType": "unknown",
    "parent": "AssignmentExpression",
    "grandParent": "ExpressionStatement",
    "src": "data/js/programs_all/fholm/IronJS/Src/Tests/ietestcenter/chapter15/15.2/15.2.3/15.2.3.7/15.2.3.7-2-8.js : 37 - 37"
  },
  {
    "left": "ID:prop",
    "right": "LIT:13",
    "op": "===",
    "leftType": "unknown",
    "rightType": "number",
    "parent": "LogicalExpression",
    "grandParent": "ReturnStatement",
    "src": "data/js/programs_all/fholm/IronJS/Src/Tests/ietestcenter/chapter15/15.2/15.2.3/15.2.3.7/15.2.3.7-5-a-13.js : 42 - 42"
  },
  {
    "left": "ID:prop",
    "right": "LIT:15",
    "op": "===",
    "leftType": "unknown",
    "rightType": "number",
    "parent": "LogicalExpression",
    "grandParent": "ReturnStatement",
    "src": "data/js/programs_all/fholm/IronJS/Src/Tests/ietestcenter/chapter15/15.2/15.2.3/15.2.3.7/15.2.3.7-5-a-15.js : 38 - 38"
  },
  {
    "left": "ID:property",
    "right": "LIT:prop",
    "op": "===",
    "leftType": "unknown",
    "rightType": "string",
    "parent": "IfStatement",
    "grandParent": "BlockStatement",
    "src": "data/js/programs_all/fholm/IronJS/Src/Tests/ietestcenter/chapter15/15.2/15.2.3/15.2.3.7/15.2.3.7-5-b-11.js : 54 - 54"
  },
  {
    "left": "ID:property",
    "right": "LIT:ownDataProperty",
    "op": "===",
    "leftType": "unknown",
    "rightType": "string",
    "parent": "ReturnStatement",
    "grandParent": "BlockStatement",
    "src": "data/js/programs_all/fholm/IronJS/Src/Tests/ietestcenter/chapter15/15.2/15.2.3/15.2.3.7/15.2.3.7-5-b-117.js : 53 - 53"
  },
  {
    "left": "ID:property",
    "right": "LIT:String",
    "op": "===",
    "leftType": "unknown",
    "rightType": "string",
    "parent": "ReturnStatement",
    "grandParent": "BlockStatement",
    "src": "data/js/programs_all/fholm/IronJS/Src/Tests/ietestcenter/chapter15/15.2/15.2.3/15.2.3.7/15.2.3.7-5-b-127.js : 40 - 40"
  },
  {
    "left": "ID:property",
    "right": "LIT:prop",
    "op": "===",
    "leftType": "unknown",
    "rightType": "string",
    "parent": "IfStatement",
    "grandParent": "BlockStatement",
    "src": "data/js/programs_all/fholm/IronJS/Src/Tests/ietestcenter/chapter15/15.2/15.2.3/15.2.3.7/15.2.3.7-5-b-13.js : 49 - 49"
  },
  {
    "left": "ID:property",
    "right": "LIT:RegExp",
    "op": "===",
    "leftType": "unknown",
    "rightType": "string",
    "parent": "ReturnStatement",
    "grandParent": "BlockStatement",
    "src": "data/js/programs_all/fholm/IronJS/Src/Tests/ietestcenter/chapter15/15.2/15.2.3/15.2.3.7/15.2.3.7-5-b-132.js : 40 - 40"
  },
  {
    "left": "ID:property",
    "right": "LIT:isWritable",
    "op": "===",
    "leftType": "unknown",
    "rightType": "string",
    "parent": "ReturnStatement",
    "grandParent": "BlockStatement",
    "src": "data/js/programs_all/fholm/IronJS/Src/Tests/ietestcenter/chapter15/15.2/15.2.3/15.2.3.7/15.2.3.7-5-b-166.js : 40 - 40"
  },
  {
    "left": "ID:property",
    "right": "LIT:isWritable",
    "op": "===",
    "leftType": "unknown",
    "rightType": "string",
    "parent": "ReturnStatement",
    "grandParent": "BlockStatement",
    "src": "data/js/programs_all/fholm/IronJS/Src/Tests/ietestcenter/chapter15/15.2/15.2.3/15.2.3.7/15.2.3.7-5-b-185.js : 40 - 40"
  },
  {
    "left": "ID:property",
    "right": "LIT:present",
    "op": "===",
    "leftType": "unknown",
    "rightType": "string",
    "parent": "ReturnStatement",
    "grandParent": "BlockStatement",
    "src": "data/js/programs_all/fholm/IronJS/Src/Tests/ietestcenter/chapter15/15.2/15.2.3/15.2.3.7/15.2.3.7-5-b-191.js : 42 - 42"
  },
  {
    "left": "ID:property",
    "right": "LIT:ownAccessorProperty",
    "op": "===",
    "leftType": "unknown",
    "rightType": "string",
    "parent": "ReturnStatement",
    "grandParent": "BlockStatement",
    "src": "data/js/programs_all/fholm/IronJS/Src/Tests/ietestcenter/chapter15/15.2/15.2.3/15.2.3.7/15.2.3.7-5-b-197.js : 46 - 46"
  },
  {
    "left": "ID:property",
    "right": "LIT:ownAccessorProperty",
    "op": "===",
    "leftType": "unknown",
    "rightType": "string",
    "parent": "ReturnStatement",
    "grandParent": "BlockStatement",
    "src": "data/js/programs_all/fholm/IronJS/Src/Tests/ietestcenter/chapter15/15.2/15.2.3/15.2.3.7/15.2.3.7-5-b-199.js : 55 - 55"
  },
  {
    "left": "ID:e",
    "right": "ID:TypeError",
    "op": "instanceof",
    "leftType": "unknown",
    "rightType": "unknown",
    "parent": "LogicalExpression",
    "grandParent": "ReturnStatement",
    "src": "data/js/programs_all/fholm/IronJS/Src/Tests/ietestcenter/chapter15/15.2/15.2.3/15.2.3.7/15.2.3.7-5-b-2.js : 39 - 39"
  },
  {
    "left": "ID:property",
    "right": "LIT:Boolean",
    "op": "===",
    "leftType": "unknown",
    "rightType": "string",
    "parent": "ReturnStatement",
    "grandParent": "BlockStatement",
    "src": "data/js/programs_all/fholm/IronJS/Src/Tests/ietestcenter/chapter15/15.2/15.2.3/15.2.3.7/15.2.3.7-5-b-207.js : 42 - 42"
  },
  {
    "left": "ID:property",
    "right": "LIT:JSON",
    "op": "===",
    "leftType": "unknown",
    "rightType": "string",
    "parent": "ReturnStatement",
    "grandParent": "BlockStatement",
    "src": "data/js/programs_all/fholm/IronJS/Src/Tests/ietestcenter/chapter15/15.2/15.2.3/15.2.3.7/15.2.3.7-5-b-212.js : 42 - 42"
  },
  {
    "left": "ID:property",
    "right": "LIT:prop",
    "op": "===",
    "leftType": "unknown",
    "rightType": "string",
    "parent": "IfStatement",
    "grandParent": "BlockStatement",
    "src": "data/js/programs_all/fholm/IronJS/Src/Tests/ietestcenter/chapter15/15.2/15.2.3/15.2.3.7/15.2.3.7-5-b-22.js : 41 - 41"
  },
  {
    "left": "ID:data1",
    "right": "LIT:overrideData",
    "op": "===",
    "leftType": "unknown",
    "rightType": "string",
    "parent": "LogicalExpression",
    "grandParent": "LogicalExpression",
    "src": "data/js/programs_all/fholm/IronJS/Src/Tests/ietestcenter/chapter15/15.2/15.2.3/15.2.3.7/15.2.3.7-5-b-230.js : 54 - 54"
  },
  {
    "left": "ID:data2",
    "right": "LIT:data",
    "op": "===",
    "leftType": "unknown",
    "rightType": "string",
    "parent": "LogicalExpression",
    "grandParent": "ReturnStatement",
    "src": "data/js/programs_all/fholm/IronJS/Src/Tests/ietestcenter/chapter15/15.2/15.2.3/15.2.3.7/15.2.3.7-5-b-230.js : 54 - 54"
  },
  {
    "left": "ID:prop",
    "right": "LIT:10",
    "op": "===",
    "leftType": "unknown",
    "rightType": "number",
    "parent": "LogicalExpression",
    "grandParent": "ReturnStatement",
    "src": "data/js/programs_all/fholm/IronJS/Src/Tests/ietestcenter/chapter15/15.2/15.2.3/15.2.3.7/15.2.3.7-5-b-236.js : 48 - 48"
  },
  {
    "left": "ID:data",
    "right": "LIT:dateData",
    "op": "===",
    "leftType": "unknown",
    "rightType": "string",
    "parent": "LogicalExpression",
    "grandParent": "ReturnStatement",
    "src": "data/js/programs_all/fholm/IronJS/Src/Tests/ietestcenter/chapter15/15.2/15.2.3/15.2.3.7/15.2.3.7-5-b-245.js : 43 - 43"
  },
  {
    "left": "ID:data",
    "right": "LIT:regExpData",
    "op": "===",
    "leftType": "unknown",
    "rightType": "string",
    "parent": "LogicalExpression",
    "grandParent": "ReturnStatement",
    "src": "data/js/programs_all/fholm/IronJS/Src/Tests/ietestcenter/chapter15/15.2/15.2.3/15.2.3.7/15.2.3.7-5-b-246.js : 43 - 43"
  },
  {
    "left": "ID:e",
    "right": "ID:TypeError",
    "op": "instanceof",
    "leftType": "unknown",
    "rightType": "unknown",
    "parent": "ReturnStatement",
    "grandParent": "BlockStatement",
    "src": "data/js/programs_all/fholm/IronJS/Src/Tests/ietestcenter/chapter15/15.2/15.2.3/15.2.3.7/15.2.3.7-5-b-256.js : 41 - 41"
  },
  {
    "left": "ID:property",
    "right": "LIT:prop",
    "op": "===",
    "leftType": "unknown",
    "rightType": "string",
    "parent": "IfStatement",
    "grandParent": "BlockStatement",
    "src": "data/js/programs_all/fholm/IronJS/Src/Tests/ietestcenter/chapter15/15.2/15.2.3/15.2.3.7/15.2.3.7-5-b-26.js : 41 - 41"
  },
  {
    "left": "ID:property",
    "right": "LIT:prop",
    "op": "===",
    "leftType": "unknown",
    "rightType": "string",
    "parent": "IfStatement",
    "grandParent": "BlockStatement",
    "src": "data/js/programs_all/fholm/IronJS/Src/Tests/ietestcenter/chapter15/15.2/15.2.3/15.2.3.7/15.2.3.7-5-b-32.js : 40 - 40"
  },
  {
    "left": "ID:property",
    "right": "LIT:prop",
    "op": "===",
    "leftType": "unknown",
    "rightType": "string",
    "parent": "IfStatement",
    "grandParent": "BlockStatement",
    "src": "data/js/programs_all/fholm/IronJS/Src/Tests/ietestcenter/chapter15/15.2/15.2.3/15.2.3.7/15.2.3.7-5-b-33.js : 40 - 40"
  },
  {
    "left": "ID:property",
    "right": "LIT:prop",
    "op": "===",
    "leftType": "unknown",
    "rightType": "string",
    "parent": "IfStatement",
    "grandParent": "BlockStatement",
    "src": "data/js/programs_all/fholm/IronJS/Src/Tests/ietestcenter/chapter15/15.2/15.2.3/15.2.3.7/15.2.3.7-5-b-35.js : 40 - 40"
  },
  {
    "left": "ID:property",
    "right": "LIT:prop",
    "op": "===",
    "leftType": "unknown",
    "rightType": "string",
    "parent": "IfStatement",
    "grandParent": "BlockStatement",
    "src": "data/js/programs_all/fholm/IronJS/Src/Tests/ietestcenter/chapter15/15.2/15.2.3/15.2.3.7/15.2.3.7-5-b-37.js : 40 - 40"
  },
  {
    "left": "ID:property",
    "right": "LIT:prop",
    "op": "===",
    "leftType": "unknown",
    "rightType": "string",
    "parent": "IfStatement",
    "grandParent": "BlockStatement",
    "src": "data/js/programs_all/fholm/IronJS/Src/Tests/ietestcenter/chapter15/15.2/15.2.3/15.2.3.7/15.2.3.7-5-b-41.js : 40 - 40"
  },
  {
    "left": "ID:property",
    "right": "LIT:prop",
    "op": "===",
    "leftType": "unknown",
    "rightType": "string",
    "parent": "IfStatement",
    "grandParent": "BlockStatement",
    "src": "data/js/programs_all/fholm/IronJS/Src/Tests/ietestcenter/chapter15/15.2/15.2.3/15.2.3.7/15.2.3.7-5-b-42.js : 40 - 40"
  },
  {
    "left": "ID:property",
    "right": "LIT:prop",
    "op": "===",
    "leftType": "unknown",
    "rightType": "string",
    "parent": "IfStatement",
    "grandParent": "BlockStatement",
    "src": "data/js/programs_all/fholm/IronJS/Src/Tests/ietestcenter/chapter15/15.2/15.2.3/15.2.3.7/15.2.3.7-5-b-45.js : 40 - 40"
  },
  {
    "left": "ID:property",
    "right": "LIT:prop",
    "op": "===",
    "leftType": "unknown",
    "rightType": "string",
    "parent": "IfStatement",
    "grandParent": "BlockStatement",
    "src": "data/js/programs_all/fholm/IronJS/Src/Tests/ietestcenter/chapter15/15.2/15.2.3/15.2.3.7/15.2.3.7-5-b-53.js : 40 - 40"
  },
  {
    "left": "ID:property",
    "right": "LIT:prop",
    "op": "===",
    "leftType": "unknown",
    "rightType": "string",
    "parent": "IfStatement",
    "grandParent": "BlockStatement",
    "src": "data/js/programs_all/fholm/IronJS/Src/Tests/ietestcenter/chapter15/15.2/15.2.3/15.2.3.7/15.2.3.7-5-b-57.js : 40 - 40"
  },
  {
    "left": "ID:property",
    "right": "LIT:prop",
    "op": "===",
    "leftType": "unknown",
    "rightType": "string",
    "parent": "IfStatement",
    "grandParent": "BlockStatement",
    "src": "data/js/programs_all/fholm/IronJS/Src/Tests/ietestcenter/chapter15/15.2/15.2.3/15.2.3.7/15.2.3.7-5-b-58.js : 40 - 40"
  },
  {
    "left": "ID:result1",
    "right": "LIT:true",
    "op": "===",
    "leftType": "unknown",
    "rightType": "boolean",
    "parent": "LogicalExpression",
    "grandParent": "ReturnStatement",
    "src": "data/js/programs_all/fholm/IronJS/Src/Tests/ietestcenter/chapter15/15.2/15.2.3/15.2.3.7/15.2.3.7-5-b-74.js : 43 - 43"
  },
  {
    "left": "ID:result2",
    "right": "LIT:false",
    "op": "===",
    "leftType": "unknown",
    "rightType": "boolean",
    "parent": "LogicalExpression",
    "grandParent": "ReturnStatement",
    "src": "data/js/programs_all/fholm/IronJS/Src/Tests/ietestcenter/chapter15/15.2/15.2.3/15.2.3.7/15.2.3.7-5-b-74.js : 43 - 43"
  },
  {
    "left": "ID:result1",
    "right": "LIT:true",
    "op": "===",
    "leftType": "unknown",
    "rightType": "boolean",
    "parent": "LogicalExpression",
    "grandParent": "ReturnStatement",
    "src": "data/js/programs_all/fholm/IronJS/Src/Tests/ietestcenter/chapter15/15.2/15.2.3/15.2.3.7/15.2.3.7-5-b-76.js : 44 - 44"
  },
  {
    "left": "ID:result2",
    "right": "LIT:false",
    "op": "===",
    "leftType": "unknown",
    "rightType": "boolean",
    "parent": "LogicalExpression",
    "grandParent": "ReturnStatement",
    "src": "data/js/programs_all/fholm/IronJS/Src/Tests/ietestcenter/chapter15/15.2/15.2.3/15.2.3.7/15.2.3.7-5-b-76.js : 44 - 44"
  },
  {
    "left": "ID:result1",
    "right": "LIT:true",
    "op": "===",
    "leftType": "unknown",
    "rightType": "boolean",
    "parent": "LogicalExpression",
    "grandParent": "ReturnStatement",
    "src": "data/js/programs_all/fholm/IronJS/Src/Tests/ietestcenter/chapter15/15.2/15.2.3/15.2.3.7/15.2.3.7-5-b-77.js : 44 - 44"
  },
  {
    "left": "ID:result2",
    "right": "LIT:false",
    "op": "===",
    "leftType": "unknown",
    "rightType": "boolean",
    "parent": "LogicalExpression",
    "grandParent": "ReturnStatement",
    "src": "data/js/programs_all/fholm/IronJS/Src/Tests/ietestcenter/chapter15/15.2/15.2.3/15.2.3.7/15.2.3.7-5-b-77.js : 44 - 44"
  },
  {
    "left": "ID:e",
    "right": "ID:TypeError",
    "op": "instanceof",
    "leftType": "unknown",
    "rightType": "unknown",
    "parent": "ReturnStatement",
    "grandParent": "BlockStatement",
    "src": "data/js/programs_all/fholm/IronJS/Src/Tests/ietestcenter/chapter15/15.2/15.2.3/15.2.3.7/15.2.3.7-6-a-1.js : 45 - 45"
  },
  {
    "left": "ID:e",
    "right": "ID:TypeError",
    "op": "instanceof",
    "leftType": "unknown",
    "rightType": "unknown",
    "parent": "ReturnStatement",
    "grandParent": "BlockStatement",
    "src": "data/js/programs_all/fholm/IronJS/Src/Tests/ietestcenter/chapter15/15.2/15.2.3/15.2.3.7/15.2.3.7-6-a-10.js : 56 - 56"
  },
  {
    "left": "ID:length",
    "right": "LIT:0",
    "op": "===",
    "leftType": "unknown",
    "rightType": "number",
    "parent": "AssignmentExpression",
    "grandParent": "ExpressionStatement",
    "src": "data/js/programs_all/fholm/IronJS/Src/Tests/ietestcenter/chapter15/15.2/15.2.3/15.2.3.7/15.2.3.7-6-a-114.js : 36 - 36"
  },
  {
    "left": "ID:length",
    "right": "LIT:2",
    "op": "===",
    "leftType": "unknown",
    "rightType": "number",
    "parent": "AssignmentExpression",
    "grandParent": "ExpressionStatement",
    "src": "data/js/programs_all/fholm/IronJS/Src/Tests/ietestcenter/chapter15/15.2/15.2.3/15.2.3.7/15.2.3.7-6-a-114.js : 40 - 40"
  },
  {
    "left": "ID:p",
    "right": "LIT:length",
    "op": "===",
    "leftType": "unknown",
    "rightType": "string",
    "parent": "IfStatement",
    "grandParent": "BlockStatement",
    "src": "data/js/programs_all/fholm/IronJS/Src/Tests/ietestcenter/chapter15/15.2/15.2.3/15.2.3.7/15.2.3.7-6-a-114.js : 44 - 44"
  },
  {
    "left": "ID:e",
    "right": "ID:TypeError",
    "op": "instanceof",
    "leftType": "unknown",
    "rightType": "unknown",
    "parent": "ReturnStatement",
    "grandParent": "BlockStatement",
    "src": "data/js/programs_all/fholm/IronJS/Src/Tests/ietestcenter/chapter15/15.2/15.2.3/15.2.3.7/15.2.3.7-6-a-119.js : 45 - 45"
  },
  {
    "left": "ID:length",
    "right": "LIT:12",
    "op": "===",
    "leftType": "unknown",
    "rightType": "number",
    "parent": "ReturnStatement",
    "grandParent": "BlockStatement",
    "src": "data/js/programs_all/fholm/IronJS/Src/Tests/ietestcenter/chapter15/15.2/15.2.3/15.2.3.7/15.2.3.7-6-a-128.js : 37 - 37"
  },
  {
    "left": "ID:e",
    "right": "ID:RangeError",
    "op": "instanceof",
    "leftType": "unknown",
    "rightType": "unknown",
    "parent": "LogicalExpression",
    "grandParent": "ReturnStatement",
    "src": "data/js/programs_all/fholm/IronJS/Src/Tests/ietestcenter/chapter15/15.2/15.2.3/15.2.3.7/15.2.3.7-6-a-129.js : 42 - 42"
  },
  {
    "left": "ID:length",
    "right": "LIT:0",
    "op": "===",
    "leftType": "unknown",
    "rightType": "number",
    "parent": "LogicalExpression",
    "grandParent": "ReturnStatement",
    "src": "data/js/programs_all/fholm/IronJS/Src/Tests/ietestcenter/chapter15/15.2/15.2.3/15.2.3.7/15.2.3.7-6-a-129.js : 42 - 42"
  },
  {
    "left": "ID:e",
    "right": "ID:RangeError",
    "op": "instanceof",
    "leftType": "unknown",
    "rightType": "unknown",
    "parent": "LogicalExpression",
    "grandParent": "ReturnStatement",
    "src": "data/js/programs_all/fholm/IronJS/Src/Tests/ietestcenter/chapter15/15.2/15.2.3/15.2.3.7/15.2.3.7-6-a-130.js : 42 - 42"
  },
  {
    "left": "ID:length",
    "right": "LIT:0",
    "op": "===",
    "leftType": "unknown",
    "rightType": "number",
    "parent": "LogicalExpression",
    "grandParent": "ReturnStatement",
    "src": "data/js/programs_all/fholm/IronJS/Src/Tests/ietestcenter/chapter15/15.2/15.2.3/15.2.3.7/15.2.3.7-6-a-130.js : 42 - 42"
  },
  {
    "left": "ID:e",
    "right": "ID:TypeError",
    "op": "instanceof",
    "leftType": "unknown",
    "rightType": "unknown",
    "parent": "LogicalExpression",
    "grandParent": "LogicalExpression",
    "src": "data/js/programs_all/fholm/IronJS/Src/Tests/ietestcenter/chapter15/15.2/15.2.3/15.2.3.7/15.2.3.7-6-a-146.js : 55 - 55"
  },
  {
    "left": "ID:length",
    "right": "LIT:3",
    "op": "===",
    "leftType": "unknown",
    "rightType": "number",
    "parent": "LogicalExpression",
    "grandParent": "LogicalExpression",
    "src": "data/js/programs_all/fholm/IronJS/Src/Tests/ietestcenter/chapter15/15.2/15.2.3/15.2.3.7/15.2.3.7-6-a-147.js : 61 - 61"
  },
  {
    "left": "ID:e",
    "right": "ID:RangeError",
    "op": "instanceof",
    "leftType": "unknown",
    "rightType": "unknown",
    "parent": "LogicalExpression",
    "grandParent": "ReturnStatement",
    "src": "data/js/programs_all/fholm/IronJS/Src/Tests/ietestcenter/chapter15/15.2/15.2.3/15.2.3.7/15.2.3.7-6-a-149.js : 42 - 42"
  },
  {
    "left": "ID:length",
    "right": "LIT:0",
    "op": "===",
    "leftType": "unknown",
    "rightType": "number",
    "parent": "LogicalExpression",
    "grandParent": "ReturnStatement",
    "src": "data/js/programs_all/fholm/IronJS/Src/Tests/ietestcenter/chapter15/15.2/15.2.3/15.2.3.7/15.2.3.7-6-a-149.js : 42 - 42"
  },
  {
    "left": "ID:length",
    "right": "LIT:4294967294",
    "op": "===",
    "leftType": "unknown",
    "rightType": "number",
    "parent": "ReturnStatement",
    "grandParent": "BlockStatement",
    "src": "data/js/programs_all/fholm/IronJS/Src/Tests/ietestcenter/chapter15/15.2/15.2.3/15.2.3.7/15.2.3.7-6-a-150.js : 40 - 40"
  },
  {
    "left": "ID:length",
    "right": "LIT:3",
    "op": "===",
    "leftType": "unknown",
    "rightType": "number",
    "parent": "LogicalExpression",
    "grandParent": "LogicalExpression",
    "src": "data/js/programs_all/fholm/IronJS/Src/Tests/ietestcenter/chapter15/15.2/15.2.3/15.2.3.7/15.2.3.7-6-a-156.js : 40 - 40"
  },
  {
    "left": "ID:arr",
    "right": "LIT:0",
    "op": "===",
    "leftType": "unknown",
    "rightType": "number",
    "parent": "LogicalExpression",
    "grandParent": "LogicalExpression",
    "src": "data/js/programs_all/fholm/IronJS/Src/Tests/ietestcenter/chapter15/15.2/15.2.3/15.2.3.7/15.2.3.7-6-a-156.js : 40 - 40"
  },
  {
    "left": "ID:arr",
    "right": "LIT:2",
    "op": "===",
    "leftType": "unknown",
    "rightType": "number",
    "parent": "LogicalExpression",
    "grandParent": "ReturnStatement",
    "src": "data/js/programs_all/fholm/IronJS/Src/Tests/ietestcenter/chapter15/15.2/15.2.3/15.2.3.7/15.2.3.7-6-a-156.js : 40 - 40"
  },
  {
    "left": "ID:e",
    "right": "ID:TypeError",
    "op": "instanceof",
    "leftType": "unknown",
    "rightType": "unknown",
    "parent": "LogicalExpression",
    "grandParent": "LogicalExpression",
    "src": "data/js/programs_all/fholm/IronJS/Src/Tests/ietestcenter/chapter15/15.2/15.2.3/15.2.3.7/15.2.3.7-6-a-168.js : 47 - 47"
  },
  {
    "left": "ID:length",
    "right": "LIT:2",
    "op": "===",
    "leftType": "unknown",
    "rightType": "number",
    "parent": "LogicalExpression",
    "grandParent": "LogicalExpression",
    "src": "data/js/programs_all/fholm/IronJS/Src/Tests/ietestcenter/chapter15/15.2/15.2.3/15.2.3.7/15.2.3.7-6-a-168.js : 47 - 47"
  },
  {
    "left": "ID:arr",
    "right": "LIT:0",
    "op": "===",
    "leftType": "unknown",
    "rightType": "number",
    "parent": "LogicalExpression",
    "grandParent": "LogicalExpression",
    "src": "data/js/programs_all/fholm/IronJS/Src/Tests/ietestcenter/chapter15/15.2/15.2.3/15.2.3.7/15.2.3.7-6-a-168.js : 48 - 48"
  },
  {
    "left": "ID:arr",
    "right": "LIT:1",
    "op": "===",
    "leftType": "unknown",
    "rightType": "number",
    "parent": "LogicalExpression",
    "grandParent": "ReturnStatement",
    "src": "data/js/programs_all/fholm/IronJS/Src/Tests/ietestcenter/chapter15/15.2/15.2.3/15.2.3.7/15.2.3.7-6-a-168.js : 48 - 48"
  },
  {
    "left": "ID:e",
    "right": "ID:TypeError",
    "op": "instanceof",
    "leftType": "unknown",
    "rightType": "unknown",
    "parent": "LogicalExpression",
    "grandParent": "ReturnStatement",
    "src": "data/js/programs_all/fholm/IronJS/Src/Tests/ietestcenter/chapter15/15.2/15.2.3/15.2.3.7/15.2.3.7-6-a-18.js : 47 - 47"
  },
  {
    "left": "ID:e",
    "right": "ID:TypeError",
    "op": "instanceof",
    "leftType": "unknown",
    "rightType": "unknown",
    "parent": "LogicalExpression",
    "grandParent": "LogicalExpression",
    "src": "data/js/programs_all/fholm/IronJS/Src/Tests/ietestcenter/chapter15/15.2/15.2.3/15.2.3.7/15.2.3.7-6-a-184.js : 44 - 44"
  },
  {
    "left": "ID:arr",
    "right": "LIT:1",
    "op": "===",
    "leftType": "unknown",
    "rightType": "number",
    "parent": "LogicalExpression",
    "grandParent": "LogicalExpression",
    "src": "data/js/programs_all/fholm/IronJS/Src/Tests/ietestcenter/chapter15/15.2/15.2.3/15.2.3.7/15.2.3.7-6-a-184.js : 44 - 44"
  },
  {
    "left": "ID:arr",
    "right": "LIT:2",
    "op": "===",
    "leftType": "unknown",
    "rightType": "number",
    "parent": "LogicalExpression",
    "grandParent": "LogicalExpression",
    "src": "data/js/programs_all/fholm/IronJS/Src/Tests/ietestcenter/chapter15/15.2/15.2.3/15.2.3.7/15.2.3.7-6-a-184.js : 45 - 45"
  },
  {
    "left": "ID:arr",
    "right": "LIT:3",
    "op": "===",
    "leftType": "unknown",
    "rightType": "number",
    "parent": "LogicalExpression",
    "grandParent": "LogicalExpression",
    "src": "data/js/programs_all/fholm/IronJS/Src/Tests/ietestcenter/chapter15/15.2/15.2.3/15.2.3.7/15.2.3.7-6-a-184.js : 45 - 45"
  },
  {
    "left": "ID:prototype",
    "right": "LIT:11",
    "op": "===",
    "leftType": "unknown",
    "rightType": "number",
    "parent": "LogicalExpression",
    "grandParent": "ReturnStatement",
    "src": "data/js/programs_all/fholm/IronJS/Src/Tests/ietestcenter/chapter15/15.2/15.2.3/15.2.3.7/15.2.3.7-6-a-187.js : 42 - 42"
  },
  {
    "left": "ID:e",
    "right": "ID:TypeError",
    "op": "instanceof",
    "leftType": "unknown",
    "rightType": "unknown",
    "parent": "LogicalExpression",
    "grandParent": "ReturnStatement",
    "src": "data/js/programs_all/fholm/IronJS/Src/Tests/ietestcenter/chapter15/15.2/15.2.3/15.2.3.7/15.2.3.7-6-a-194.js : 40 - 40"
  },
  {
    "left": "ID:hasOwnProperty",
    "right": "LIT:false",
    "op": "===",
    "leftType": "unknown",
    "rightType": "boolean",
    "parent": "LogicalExpression",
    "grandParent": "ReturnStatement",
    "src": "data/js/programs_all/fholm/IronJS/Src/Tests/ietestcenter/chapter15/15.2/15.2.3/15.2.3.7/15.2.3.7-6-a-194.js : 40 - 40"
  },
  {
    "left": "ID:ex",
    "right": "ID:TypeError",
    "op": "instanceof",
    "leftType": "unknown",
    "rightType": "unknown",
    "parent": "LogicalExpression",
    "grandParent": "ReturnStatement",
    "src": "data/js/programs_all/fholm/IronJS/Src/Tests/ietestcenter/chapter15/15.2/15.2.3/15.2.3.7/15.2.3.7-6-a-235.js : 43 - 43"
  },
  {
    "left": "ID:ex",
    "right": "ID:TypeError",
    "op": "instanceof",
    "leftType": "unknown",
    "rightType": "unknown",
    "parent": "LogicalExpression",
    "grandParent": "ReturnStatement",
    "src": "data/js/programs_all/fholm/IronJS/Src/Tests/ietestcenter/chapter15/15.2/15.2.3/15.2.3.7/15.2.3.7-6-a-244.js : 49 - 49"
  },
  {
    "left": "ID:length",
    "right": "LIT:4",
    "op": "===",
    "leftType": "unknown",
    "rightType": "number",
    "parent": "LogicalExpression",
    "grandParent": "ReturnStatement",
    "src": "data/js/programs_all/fholm/IronJS/Src/Tests/ietestcenter/chapter15/15.2/15.2.3/15.2.3.7/15.2.3.7-6-a-264.js : 39 - 39"
  },
  {
    "left": "ID:arr",
    "right": "LIT:26",
    "op": "===",
    "leftType": "unknown",
    "rightType": "number",
    "parent": "LogicalExpression",
    "grandParent": "ReturnStatement",
    "src": "data/js/programs_all/fholm/IronJS/Src/Tests/ietestcenter/chapter15/15.2/15.2.3/15.2.3.7/15.2.3.7-6-a-264.js : 39 - 39"
  },
  {
    "left": "ID:length",
    "right": "LIT:0",
    "op": "===",
    "leftType": "unknown",
    "rightType": "number",
    "parent": "LogicalExpression",
    "grandParent": "ReturnStatement",
    "src": "data/js/programs_all/fholm/IronJS/Src/Tests/ietestcenter/chapter15/15.2/15.2.3/15.2.3.7/15.2.3.7-6-a-266.js : 40 - 40"
  },
  {
    "left": "ID:ex",
    "right": "ID:TypeError",
    "op": "instanceof",
    "leftType": "unknown",
    "rightType": "unknown",
    "parent": "LogicalExpression",
    "grandParent": "ReturnStatement",
    "src": "data/js/programs_all/fholm/IronJS/Src/Tests/ietestcenter/chapter15/15.2/15.2.3/15.2.3.7/15.2.3.7-6-a-270.js : 44 - 44"
  },
  {
    "left": "ID:e",
    "right": "ID:TypeError",
    "op": "instanceof",
    "leftType": "unknown",
    "rightType": "unknown",
    "parent": "LogicalExpression",
    "grandParent": "ReturnStatement",
    "src": "data/js/programs_all/fholm/IronJS/Src/Tests/ietestcenter/chapter15/15.2/15.2.3/15.2.3.7/15.2.3.7-6-a-282.js : 52 - 52"
  },
  {
    "left": "ID:e",
    "right": "ID:TypeError",
    "op": "instanceof",
    "leftType": "unknown",
    "rightType": "unknown",
    "parent": "LogicalExpression",
    "grandParent": "ReturnStatement",
    "src": "data/js/programs_all/fholm/IronJS/Src/Tests/ietestcenter/chapter15/15.2/15.2.3/15.2.3.7/15.2.3.7-6-a-295.js : 53 - 53"
  },
  {
    "left": "ID:e",
    "right": "ID:TypeError",
    "op": "instanceof",
    "leftType": "unknown",
    "rightType": "unknown",
    "parent": "ReturnStatement",
    "grandParent": "BlockStatement",
    "src": "data/js/programs_all/fholm/IronJS/Src/Tests/ietestcenter/chapter15/15.2/15.2.3/15.2.3.7/15.2.3.7-6-a-3.js : 53 - 53"
  },
  {
    "left": "ID:e",
    "right": "ID:TypeError",
    "op": "instanceof",
    "leftType": "unknown",
    "rightType": "unknown",
    "parent": "LogicalExpression",
    "grandParent": "ReturnStatement",
    "src": "data/js/programs_all/fholm/IronJS/Src/Tests/ietestcenter/chapter15/15.2/15.2.3/15.2.3.7/15.2.3.7-6-a-5.js : 49 - 49"
  },
  {
    "left": "ID:p",
    "right": "LIT:foo",
    "op": "===",
    "leftType": "unknown",
    "rightType": "string",
    "parent": "IfStatement",
    "grandParent": "BlockStatement",
    "src": "data/js/programs_all/fholm/IronJS/Src/Tests/ietestcenter/chapter15/15.2/15.2.3/15.2.3.7/15.2.3.7-6-a-67.js : 51 - 51"
  },
  {
    "left": "ID:foo",
    "right": "LIT:10",
    "op": "===",
    "leftType": "unknown",
    "rightType": "number",
    "parent": "AssignmentExpression",
    "grandParent": "ExpressionStatement",
    "src": "data/js/programs_all/fholm/IronJS/Src/Tests/ietestcenter/chapter15/15.2/15.2.3/15.2.3.7/15.2.3.7-6-a-67.js : 57 - 57"
  },
  {
    "left": "ID:e",
    "right": "ID:TypeError",
    "op": "instanceof",
    "leftType": "unknown",
    "rightType": "unknown",
    "parent": "LogicalExpression",
    "grandParent": "LogicalExpression",
    "src": "data/js/programs_all/fholm/IronJS/Src/Tests/ietestcenter/chapter15/15.2/15.2.3/15.2.3.7/15.2.3.7-6-a-67.js : 65 - 65"
  },
  {
    "left": "ID:get",
    "right": "ID:get_Func",
    "op": "===",
    "leftType": "unknown",
    "rightType": "unknown",
    "parent": "LogicalExpression",
    "grandParent": "ReturnStatement",
    "src": "data/js/programs_all/fholm/IronJS/Src/Tests/ietestcenter/chapter15/15.2/15.2.3/15.2.3.7/15.2.3.7-6-a-67.js : 66 - 66"
  }
]