[
  {
    "left": "LIT:this",
    "right": "ID:Math",
    "op": "===",
    "leftType": "object",
    "rightType": "unknown",
    "parent": "AssignmentExpression",
    "grandParent": "ExpressionStatement",
    "src": "data/js/programs_all/fholm/IronJS/Src/Tests/ietestcenter/chapter15/15.2/15.2.3/15.2.3.5/15.2.3.5-4-10.js : 34 - 34"
  },
  {
    "left": "ID:result1",
    "right": "LIT:true",
    "op": "===",
    "leftType": "unknown",
    "rightType": "boolean",
    "parent": "LogicalExpression",
    "grandParent": "ReturnStatement",
    "src": "data/js/programs_all/fholm/IronJS/Src/Tests/ietestcenter/chapter15/15.2/15.2.3/15.2.3.5/15.2.3.5-4-103.js : 50 - 50"
  },
  {
    "left": "ID:result2",
    "right": "LIT:true",
    "op": "===",
    "leftType": "unknown",
    "rightType": "boolean",
    "parent": "LogicalExpression",
    "grandParent": "ReturnStatement",
    "src": "data/js/programs_all/fholm/IronJS/Src/Tests/ietestcenter/chapter15/15.2/15.2.3/15.2.3.5/15.2.3.5-4-103.js : 50 - 50"
  },
  {
    "left": "ID:result1",
    "right": "LIT:true",
    "op": "===",
    "leftType": "unknown",
    "rightType": "boolean",
    "parent": "LogicalExpression",
    "grandParent": "ReturnStatement",
    "src": "data/js/programs_all/fholm/IronJS/Src/Tests/ietestcenter/chapter15/15.2/15.2.3/15.2.3.5/15.2.3.5-4-109.js : 43 - 43"
  },
  {
    "left": "ID:result2",
    "right": "LIT:true",
    "op": "===",
    "leftType": "unknown",
    "rightType": "boolean",
    "parent": "LogicalExpression",
    "grandParent": "ReturnStatement",
    "src": "data/js/programs_all/fholm/IronJS/Src/Tests/ietestcenter/chapter15/15.2/15.2.3/15.2.3.5/15.2.3.5-4-109.js : 43 - 43"
  },
  {
    "left": "LIT:this",
    "right": "ID:Date",
    "op": "instanceof",
    "leftType": "object",
    "rightType": "unknown",
    "parent": "AssignmentExpression",
    "grandParent": "ExpressionStatement",
    "src": "data/js/programs_all/fholm/IronJS/Src/Tests/ietestcenter/chapter15/15.2/15.2.3/15.2.3.5/15.2.3.5-4-11.js : 36 - 36"
  },
  {
    "left": "ID:result1",
    "right": "LIT:true",
    "op": "===",
    "leftType": "unknown",
    "rightType": "boolean",
    "parent": "LogicalExpression",
    "grandParent": "ReturnStatement",
    "src": "data/js/programs_all/fholm/IronJS/Src/Tests/ietestcenter/chapter15/15.2/15.2.3/15.2.3.5/15.2.3.5-4-122.js : 42 - 42"
  },
  {
    "left": "ID:result2",
    "right": "LIT:false",
    "op": "===",
    "leftType": "unknown",
    "rightType": "boolean",
    "parent": "LogicalExpression",
    "grandParent": "ReturnStatement",
    "src": "data/js/programs_all/fholm/IronJS/Src/Tests/ietestcenter/chapter15/15.2/15.2.3/15.2.3.5/15.2.3.5-4-122.js : 42 - 42"
  },
  {
    "left": "ID:beforeDeleted",
    "right": "LIT:true",
    "op": "===",
    "leftType": "unknown",
    "rightType": "boolean",
    "parent": "LogicalExpression",
    "grandParent": "ReturnStatement",
    "src": "data/js/programs_all/fholm/IronJS/Src/Tests/ietestcenter/chapter15/15.2/15.2.3/15.2.3.5/15.2.3.5-4-127.js : 44 - 44"
  },
  {
    "left": "ID:afterDeleted",
    "right": "LIT:false",
    "op": "===",
    "leftType": "unknown",
    "rightType": "boolean",
    "parent": "LogicalExpression",
    "grandParent": "ReturnStatement",
    "src": "data/js/programs_all/fholm/IronJS/Src/Tests/ietestcenter/chapter15/15.2/15.2.3/15.2.3.5/15.2.3.5-4-127.js : 44 - 44"
  },
  {
    "left": "ID:beforeDeleted",
    "right": "LIT:true",
    "op": "===",
    "leftType": "unknown",
    "rightType": "boolean",
    "parent": "LogicalExpression",
    "grandParent": "ReturnStatement",
    "src": "data/js/programs_all/fholm/IronJS/Src/Tests/ietestcenter/chapter15/15.2/15.2.3/15.2.3.5/15.2.3.5-4-129.js : 44 - 44"
  },
  {
    "left": "ID:afterDeleted",
    "right": "LIT:true",
    "op": "===",
    "leftType": "unknown",
    "rightType": "boolean",
    "parent": "LogicalExpression",
    "grandParent": "ReturnStatement",
    "src": "data/js/programs_all/fholm/IronJS/Src/Tests/ietestcenter/chapter15/15.2/15.2.3/15.2.3.5/15.2.3.5-4-129.js : 44 - 44"
  },
  {
    "left": "ID:beforeDeleted",
    "right": "LIT:true",
    "op": "===",
    "leftType": "unknown",
    "rightType": "boolean",
    "parent": "LogicalExpression",
    "grandParent": "ReturnStatement",
    "src": "data/js/programs_all/fholm/IronJS/Src/Tests/ietestcenter/chapter15/15.2/15.2.3/15.2.3.5/15.2.3.5-4-134.js : 43 - 43"
  },
  {
    "left": "ID:afterDeleted",
    "right": "LIT:false",
    "op": "===",
    "leftType": "unknown",
    "rightType": "boolean",
    "parent": "LogicalExpression",
    "grandParent": "ReturnStatement",
    "src": "data/js/programs_all/fholm/IronJS/Src/Tests/ietestcenter/chapter15/15.2/15.2.3/15.2.3.5/15.2.3.5-4-134.js : 43 - 43"
  },
  {
    "left": "ID:beforeDeleted",
    "right": "LIT:true",
    "op": "===",
    "leftType": "unknown",
    "rightType": "boolean",
    "parent": "LogicalExpression",
    "grandParent": "ReturnStatement",
    "src": "data/js/programs_all/fholm/IronJS/Src/Tests/ietestcenter/chapter15/15.2/15.2.3/15.2.3.5/15.2.3.5-4-146.js : 43 - 43"
  },
  {
    "left": "ID:afterDeleted",
    "right": "LIT:false",
    "op": "===",
    "leftType": "unknown",
    "rightType": "boolean",
    "parent": "LogicalExpression",
    "grandParent": "ReturnStatement",
    "src": "data/js/programs_all/fholm/IronJS/Src/Tests/ietestcenter/chapter15/15.2/15.2.3/15.2.3.5/15.2.3.5-4-146.js : 43 - 43"
  },
  {
    "left": "ID:prop",
    "right": "LIT:ownDataProperty",
    "op": "===",
    "leftType": "unknown",
    "rightType": "string",
    "parent": "ReturnStatement",
    "grandParent": "BlockStatement",
    "src": "data/js/programs_all/fholm/IronJS/Src/Tests/ietestcenter/chapter15/15.2/15.2.3/15.2.3.5/15.2.3.5-4-154.js : 37 - 37"
  },
  {
    "left": "ID:prop",
    "right": "LIT:StrValue",
    "op": "===",
    "leftType": "unknown",
    "rightType": "string",
    "parent": "ReturnStatement",
    "grandParent": "BlockStatement",
    "src": "data/js/programs_all/fholm/IronJS/Src/Tests/ietestcenter/chapter15/15.2/15.2.3/15.2.3.5/15.2.3.5-4-167.js : 39 - 39"
  },
  {
    "left": "ID:prop",
    "right": "LIT:100",
    "op": "===",
    "leftType": "unknown",
    "rightType": "number",
    "parent": "VariableDeclarator",
    "grandParent": "VariableDeclaration",
    "src": "data/js/programs_all/fholm/IronJS/Src/Tests/ietestcenter/chapter15/15.2/15.2.3/15.2.3.5/15.2.3.5-4-179.js : 37 - 37"
  },
  {
    "left": "ID:prop",
    "right": "LIT:100",
    "op": "===",
    "leftType": "unknown",
    "rightType": "number",
    "parent": "VariableDeclarator",
    "grandParent": "VariableDeclaration",
    "src": "data/js/programs_all/fholm/IronJS/Src/Tests/ietestcenter/chapter15/15.2/15.2.3/15.2.3.5/15.2.3.5-4-179.js : 41 - 41"
  },
  {
    "left": "ID:beforeWrite",
    "right": "LIT:true",
    "op": "===",
    "leftType": "unknown",
    "rightType": "boolean",
    "parent": "LogicalExpression",
    "grandParent": "ReturnStatement",
    "src": "data/js/programs_all/fholm/IronJS/Src/Tests/ietestcenter/chapter15/15.2/15.2.3/15.2.3.5/15.2.3.5-4-179.js : 43 - 43"
  },
  {
    "left": "ID:afterWrite",
    "right": "LIT:true",
    "op": "===",
    "leftType": "unknown",
    "rightType": "boolean",
    "parent": "LogicalExpression",
    "grandParent": "ReturnStatement",
    "src": "data/js/programs_all/fholm/IronJS/Src/Tests/ietestcenter/chapter15/15.2/15.2.3/15.2.3.5/15.2.3.5-4-179.js : 43 - 43"
  },
  {
    "left": "ID:prop",
    "right": "LIT:isWritable",
    "op": "===",
    "leftType": "unknown",
    "rightType": "string",
    "parent": "VariableDeclarator",
    "grandParent": "VariableDeclaration",
    "src": "data/js/programs_all/fholm/IronJS/Src/Tests/ietestcenter/chapter15/15.2/15.2.3/15.2.3.5/15.2.3.5-4-194.js : 43 - 43"
  },
  {
    "left": "ID:beforeWrite",
    "right": "LIT:true",
    "op": "===",
    "leftType": "unknown",
    "rightType": "boolean",
    "parent": "LogicalExpression",
    "grandParent": "ReturnStatement",
    "src": "data/js/programs_all/fholm/IronJS/Src/Tests/ietestcenter/chapter15/15.2/15.2.3/15.2.3.5/15.2.3.5-4-194.js : 45 - 45"
  },
  {
    "left": "ID:afterWrite",
    "right": "LIT:true",
    "op": "===",
    "leftType": "unknown",
    "rightType": "boolean",
    "parent": "LogicalExpression",
    "grandParent": "ReturnStatement",
    "src": "data/js/programs_all/fholm/IronJS/Src/Tests/ietestcenter/chapter15/15.2/15.2.3/15.2.3.5/15.2.3.5-4-194.js : 45 - 45"
  },
  {
    "left": "ID:prop",
    "right": "LIT:isWritable",
    "op": "===",
    "leftType": "unknown",
    "rightType": "string",
    "parent": "VariableDeclarator",
    "grandParent": "VariableDeclaration",
    "src": "data/js/programs_all/fholm/IronJS/Src/Tests/ietestcenter/chapter15/15.2/15.2.3/15.2.3.5/15.2.3.5-4-203.js : 42 - 42"
  },
  {
    "left": "ID:beforeWrite",
    "right": "LIT:true",
    "op": "===",
    "leftType": "unknown",
    "rightType": "boolean",
    "parent": "LogicalExpression",
    "grandParent": "ReturnStatement",
    "src": "data/js/programs_all/fholm/IronJS/Src/Tests/ietestcenter/chapter15/15.2/15.2.3/15.2.3.5/15.2.3.5-4-203.js : 44 - 44"
  },
  {
    "left": "ID:afterWrite",
    "right": "LIT:true",
    "op": "===",
    "leftType": "unknown",
    "rightType": "boolean",
    "parent": "LogicalExpression",
    "grandParent": "ReturnStatement",
    "src": "data/js/programs_all/fholm/IronJS/Src/Tests/ietestcenter/chapter15/15.2/15.2.3/15.2.3.5/15.2.3.5-4-203.js : 44 - 44"
  },
  {
    "left": "ID:prop",
    "right": "LIT:ownDataProperty",
    "op": "===",
    "leftType": "unknown",
    "rightType": "string",
    "parent": "ReturnStatement",
    "grandParent": "BlockStatement",
    "src": "data/js/programs_all/fholm/IronJS/Src/Tests/ietestcenter/chapter15/15.2/15.2.3/15.2.3.5/15.2.3.5-4-233.js : 38 - 38"
  },
  {
    "left": "ID:prop",
    "right": "LIT:inheritedDataProperty",
    "op": "===",
    "leftType": "unknown",
    "rightType": "string",
    "parent": "ReturnStatement",
    "grandParent": "BlockStatement",
    "src": "data/js/programs_all/fholm/IronJS/Src/Tests/ietestcenter/chapter15/15.2/15.2.3/15.2.3.5/15.2.3.5-4-234.js : 46 - 46"
  },
  {
    "left": "ID:prop",
    "right": "LIT:inheritedAccessorProperty",
    "op": "===",
    "leftType": "unknown",
    "rightType": "string",
    "parent": "ReturnStatement",
    "grandParent": "BlockStatement",
    "src": "data/js/programs_all/fholm/IronJS/Src/Tests/ietestcenter/chapter15/15.2/15.2.3/15.2.3.5/15.2.3.5-4-238.js : 49 - 49"
  },
  {
    "left": "ID:e",
    "right": "ID:TypeError",
    "op": "instanceof",
    "leftType": "unknown",
    "rightType": "unknown",
    "parent": "ReturnStatement",
    "grandParent": "BlockStatement",
    "src": "data/js/programs_all/fholm/IronJS/Src/Tests/ietestcenter/chapter15/15.2/15.2.3/15.2.3.5/15.2.3.5-4-259.js : 39 - 39"
  },
  {
    "left": "ID:e",
    "right": "ID:TypeError",
    "op": "instanceof",
    "leftType": "unknown",
    "rightType": "unknown",
    "parent": "ReturnStatement",
    "grandParent": "BlockStatement",
    "src": "data/js/programs_all/fholm/IronJS/Src/Tests/ietestcenter/chapter15/15.2/15.2.3/15.2.3.5/15.2.3.5-4-260.js : 39 - 39"
  },
  {
    "left": "ID:e",
    "right": "ID:TypeError",
    "op": "instanceof",
    "leftType": "unknown",
    "rightType": "unknown",
    "parent": "ReturnStatement",
    "grandParent": "BlockStatement",
    "src": "data/js/programs_all/fholm/IronJS/Src/Tests/ietestcenter/chapter15/15.2/15.2.3/15.2.3.5/15.2.3.5-4-261.js : 40 - 40"
  },
  {
    "left": "ID:data",
    "right": "LIT:overrideData",
    "op": "===",
    "leftType": "unknown",
    "rightType": "string",
    "parent": "LogicalExpression",
    "grandParent": "ReturnStatement",
    "src": "data/js/programs_all/fholm/IronJS/Src/Tests/ietestcenter/chapter15/15.2/15.2.3/15.2.3.5/15.2.3.5-4-298.js : 42 - 42"
  },
  {
    "left": "ID:e",
    "right": "ID:TypeError",
    "op": "instanceof",
    "leftType": "unknown",
    "rightType": "unknown",
    "parent": "ReturnStatement",
    "grandParent": "BlockStatement",
    "src": "data/js/programs_all/fholm/IronJS/Src/Tests/ietestcenter/chapter15/15.2/15.2.3/15.2.3.5/15.2.3.5-4-302.js : 41 - 41"
  },
  {
    "left": "ID:property",
    "right": "LIT:prop",
    "op": "===",
    "leftType": "unknown",
    "rightType": "string",
    "parent": "IfStatement",
    "grandParent": "BlockStatement",
    "src": "data/js/programs_all/fholm/IronJS/Src/Tests/ietestcenter/chapter15/15.2/15.2.3/15.2.3.5/15.2.3.5-4-50.js : 49 - 49"
  },
  {
    "left": "ID:property",
    "right": "LIT:prop",
    "op": "===",
    "leftType": "unknown",
    "rightType": "string",
    "parent": "IfStatement",
    "grandParent": "BlockStatement",
    "src": "data/js/programs_all/fholm/IronJS/Src/Tests/ietestcenter/chapter15/15.2/15.2.3/15.2.3.5/15.2.3.5-4-60.js : 41 - 41"
  },
  {
    "left": "ID:property",
    "right": "LIT:prop",
    "op": "===",
    "leftType": "unknown",
    "rightType": "string",
    "parent": "IfStatement",
    "grandParent": "BlockStatement",
    "src": "data/js/programs_all/fholm/IronJS/Src/Tests/ietestcenter/chapter15/15.2/15.2.3/15.2.3.5/15.2.3.5-4-75.js : 41 - 41"
  },
  {
    "left": "ID:property",
    "right": "LIT:prop",
    "op": "===",
    "leftType": "unknown",
    "rightType": "string",
    "parent": "IfStatement",
    "grandParent": "BlockStatement",
    "src": "data/js/programs_all/fholm/IronJS/Src/Tests/ietestcenter/chapter15/15.2/15.2.3/15.2.3.5/15.2.3.5-4-88.js : 39 - 39"
  },
  {
    "left": "ID:e",
    "right": "ID:TypeError",
    "op": "instanceof",
    "leftType": "unknown",
    "rightType": "unknown",
    "parent": "ReturnStatement",
    "grandParent": "BlockStatement",
    "src": "data/js/programs_all/fholm/IronJS/Src/Tests/ietestcenter/chapter15/15.2/15.2.3/15.2.3.6/15.2.3.6-1-3.js : 34 - 34"
  },
  {
    "left": "ID:beforeDeleted",
    "right": "LIT:true",
    "op": "===",
    "leftType": "unknown",
    "rightType": "boolean",
    "parent": "LogicalExpression",
    "grandParent": "ReturnStatement",
    "src": "data/js/programs_all/fholm/IronJS/Src/Tests/ietestcenter/chapter15/15.2/15.2.3/15.2.3.6/15.2.3.6-3-115.js : 40 - 40"
  },
  {
    "left": "ID:afterDeleted",
    "right": "LIT:false",
    "op": "===",
    "leftType": "unknown",
    "rightType": "boolean",
    "parent": "LogicalExpression",
    "grandParent": "ReturnStatement",
    "src": "data/js/programs_all/fholm/IronJS/Src/Tests/ietestcenter/chapter15/15.2/15.2.3/15.2.3.6/15.2.3.6-3-115.js : 40 - 40"
  },
  {
    "left": "ID:a",
    "right": "ID:b",
    "op": "+",
    "leftType": "unknown",
    "rightType": "unknown",
    "parent": "ReturnStatement",
    "grandParent": "BlockStatement",
    "src": "data/js/programs_all/fholm/IronJS/Src/Tests/ietestcenter/chapter15/15.2/15.2.3/15.2.3.6/15.2.3.6-3-139.js : 33 - 33"
  },
  {
    "left": "ID:property",
    "right": "LIT:Function",
    "op": "===",
    "leftType": "unknown",
    "rightType": "string",
    "parent": "ReturnStatement",
    "grandParent": "BlockStatement",
    "src": "data/js/programs_all/fholm/IronJS/Src/Tests/ietestcenter/chapter15/15.2/15.2.3/15.2.3.6/15.2.3.6-3-139.js : 40 - 40"
  },
  {
    "left": "ID:e",
    "right": "ID:TypeError",
    "op": "instanceof",
    "leftType": "unknown",
    "rightType": "unknown",
    "parent": "LogicalExpression",
    "grandParent": "IfStatement",
    "src": "data/js/programs_all/fholm/IronJS/Src/Tests/ietestcenter/chapter15/15.2/15.2.3/15.2.3.6/15.2.3.6-3-14.js : 45 - 45"
  },
  {
    "left": "ID:hasOwnProperty",
    "right": "LIT:false",
    "op": "===",
    "leftType": "unknown",
    "rightType": "boolean",
    "parent": "LogicalExpression",
    "grandParent": "IfStatement",
    "src": "data/js/programs_all/fholm/IronJS/Src/Tests/ietestcenter/chapter15/15.2/15.2.3/15.2.3.6/15.2.3.6-3-14.js : 46 - 46"
  },
  {
    "left": "ID:property",
    "right": "LIT:Error",
    "op": "===",
    "leftType": "unknown",
    "rightType": "string",
    "parent": "ReturnStatement",
    "grandParent": "BlockStatement",
    "src": "data/js/programs_all/fholm/IronJS/Src/Tests/ietestcenter/chapter15/15.2/15.2.3/15.2.3.6/15.2.3.6-3-148.js : 38 - 38"
  },
  {
    "left": "ID:property",
    "right": "LIT:isWritable",
    "op": "===",
    "leftType": "unknown",
    "rightType": "string",
    "parent": "VariableDeclarator",
    "grandParent": "VariableDeclaration",
    "src": "data/js/programs_all/fholm/IronJS/Src/Tests/ietestcenter/chapter15/15.2/15.2.3/15.2.3.6/15.2.3.6-3-155.js : 47 - 47"
  },
  {
    "left": "ID:beforeWrite",
    "right": "LIT:true",
    "op": "===",
    "leftType": "unknown",
    "rightType": "boolean",
    "parent": "LogicalExpression",
    "grandParent": "ReturnStatement",
    "src": "data/js/programs_all/fholm/IronJS/Src/Tests/ietestcenter/chapter15/15.2/15.2.3/15.2.3.6/15.2.3.6-3-155.js : 49 - 49"
  },
  {
    "left": "ID:afterWrite",
    "right": "LIT:true",
    "op": "===",
    "leftType": "unknown",
    "rightType": "boolean",
    "parent": "LogicalExpression",
    "grandParent": "ReturnStatement",
    "src": "data/js/programs_all/fholm/IronJS/Src/Tests/ietestcenter/chapter15/15.2/15.2.3/15.2.3.6/15.2.3.6-3-155.js : 49 - 49"
  },
  {
    "left": "ID:property",
    "right": "LIT:isWritable",
    "op": "===",
    "leftType": "unknown",
    "rightType": "string",
    "parent": "VariableDeclarator",
    "grandParent": "VariableDeclaration",
    "src": "data/js/programs_all/fholm/IronJS/Src/Tests/ietestcenter/chapter15/15.2/15.2.3/15.2.3.6/15.2.3.6-3-157.js : 53 - 53"
  },
  {
    "left": "ID:beforeWrite",
    "right": "LIT:true",
    "op": "===",
    "leftType": "unknown",
    "rightType": "boolean",
    "parent": "LogicalExpression",
    "grandParent": "ReturnStatement",
    "src": "data/js/programs_all/fholm/IronJS/Src/Tests/ietestcenter/chapter15/15.2/15.2.3/15.2.3.6/15.2.3.6-3-157.js : 55 - 55"
  },
  {
    "left": "ID:afterWrite",
    "right": "LIT:true",
    "op": "===",
    "leftType": "unknown",
    "rightType": "boolean",
    "parent": "LogicalExpression",
    "grandParent": "ReturnStatement",
    "src": "data/js/programs_all/fholm/IronJS/Src/Tests/ietestcenter/chapter15/15.2/15.2.3/15.2.3.6/15.2.3.6-3-157.js : 55 - 55"
  },
  {
    "left": "ID:property",
    "right": "LIT:isWritable",
    "op": "===",
    "leftType": "unknown",
    "rightType": "string",
    "parent": "VariableDeclarator",
    "grandParent": "VariableDeclaration",
    "src": "data/js/programs_all/fholm/IronJS/Src/Tests/ietestcenter/chapter15/15.2/15.2.3/15.2.3.6/15.2.3.6-3-167.js : 42 - 42"
  },
  {
    "left": "ID:beforeWrite",
    "right": "LIT:true",
    "op": "===",
    "leftType": "unknown",
    "rightType": "boolean",
    "parent": "LogicalExpression",
    "grandParent": "ReturnStatement",
    "src": "data/js/programs_all/fholm/IronJS/Src/Tests/ietestcenter/chapter15/15.2/15.2.3/15.2.3.6/15.2.3.6-3-167.js : 44 - 44"
  },
  {
    "left": "ID:afterWrite",
    "right": "LIT:true",
    "op": "===",
    "leftType": "unknown",
    "rightType": "boolean",
    "parent": "LogicalExpression",
    "grandParent": "ReturnStatement",
    "src": "data/js/programs_all/fholm/IronJS/Src/Tests/ietestcenter/chapter15/15.2/15.2.3/15.2.3.6/15.2.3.6-3-167.js : 44 - 44"
  },
  {
    "left": "ID:property",
    "right": "LIT:isWritable",
    "op": "===",
    "leftType": "unknown",
    "rightType": "string",
    "parent": "VariableDeclarator",
    "grandParent": "VariableDeclaration",
    "src": "data/js/programs_all/fholm/IronJS/Src/Tests/ietestcenter/chapter15/15.2/15.2.3/15.2.3.6/15.2.3.6-3-171.js : 42 - 42"
  },
  {
    "left": "ID:beforeWrite",
    "right": "LIT:true",
    "op": "===",
    "leftType": "unknown",
    "rightType": "boolean",
    "parent": "LogicalExpression",
    "grandParent": "ReturnStatement",
    "src": "data/js/programs_all/fholm/IronJS/Src/Tests/ietestcenter/chapter15/15.2/15.2.3/15.2.3.6/15.2.3.6-3-171.js : 44 - 44"
  },
  {
    "left": "ID:afterWrite",
    "right": "LIT:true",
    "op": "===",
    "leftType": "unknown",
    "rightType": "boolean",
    "parent": "LogicalExpression",
    "grandParent": "ReturnStatement",
    "src": "data/js/programs_all/fholm/IronJS/Src/Tests/ietestcenter/chapter15/15.2/15.2.3/15.2.3.6/15.2.3.6-3-171.js : 44 - 44"
  },
  {
    "left": "ID:property",
    "right": "LIT:isWritable",
    "op": "===",
    "leftType": "unknown",
    "rightType": "string",
    "parent": "VariableDeclarator",
    "grandParent": "VariableDeclaration",
    "src": "data/js/programs_all/fholm/IronJS/Src/Tests/ietestcenter/chapter15/15.2/15.2.3/15.2.3.6/15.2.3.6-3-174-1.js : 42 - 42"
  },
  {
    "left": "ID:beforeWrite",
    "right": "LIT:true",
    "op": "===",
    "leftType": "unknown",
    "rightType": "boolean",
    "parent": "LogicalExpression",
    "grandParent": "ReturnStatement",
    "src": "data/js/programs_all/fholm/IronJS/Src/Tests/ietestcenter/chapter15/15.2/15.2.3/15.2.3.6/15.2.3.6-3-174-1.js : 44 - 44"
  },
  {
    "left": "ID:afterWrite",
    "right": "LIT:true",
    "op": "===",
    "leftType": "unknown",
    "rightType": "boolean",
    "parent": "LogicalExpression",
    "grandParent": "ReturnStatement",
    "src": "data/js/programs_all/fholm/IronJS/Src/Tests/ietestcenter/chapter15/15.2/15.2.3/15.2.3.6/15.2.3.6-3-174-1.js : 44 - 44"
  },
  {
    "left": "ID:beforeWrite",
    "right": "LIT:true",
    "op": "===",
    "leftType": "unknown",
    "rightType": "boolean",
    "parent": "LogicalExpression",
    "grandParent": "ReturnStatement",
    "src": "data/js/programs_all/fholm/IronJS/Src/Tests/ietestcenter/chapter15/15.2/15.2.3/15.2.3.6/15.2.3.6-3-181.js : 40 - 40"
  },
  {
    "left": "ID:afterWrite",
    "right": "LIT:true",
    "op": "===",
    "leftType": "unknown",
    "rightType": "boolean",
    "parent": "LogicalExpression",
    "grandParent": "ReturnStatement",
    "src": "data/js/programs_all/fholm/IronJS/Src/Tests/ietestcenter/chapter15/15.2/15.2.3/15.2.3.6/15.2.3.6-3-181.js : 40 - 40"
  },
  {
    "left": "ID:beforeWrite",
    "right": "LIT:true",
    "op": "===",
    "leftType": "unknown",
    "rightType": "boolean",
    "parent": "LogicalExpression",
    "grandParent": "ReturnStatement",
    "src": "data/js/programs_all/fholm/IronJS/Src/Tests/ietestcenter/chapter15/15.2/15.2.3/15.2.3.6/15.2.3.6-3-188.js : 40 - 40"
  },
  {
    "left": "ID:afterWrite",
    "right": "LIT:true",
    "op": "===",
    "leftType": "unknown",
    "rightType": "boolean",
    "parent": "LogicalExpression",
    "grandParent": "ReturnStatement",
    "src": "data/js/programs_all/fholm/IronJS/Src/Tests/ietestcenter/chapter15/15.2/15.2.3/15.2.3.6/15.2.3.6-3-188.js : 40 - 40"
  },
  {
    "left": "ID:property",
    "right": "LIT:isWritable",
    "op": "===",
    "leftType": "unknown",
    "rightType": "string",
    "parent": "VariableDeclarator",
    "grandParent": "VariableDeclaration",
    "src": "data/js/programs_all/fholm/IronJS/Src/Tests/ietestcenter/chapter15/15.2/15.2.3/15.2.3.6/15.2.3.6-3-194.js : 38 - 38"
  },
  {
    "left": "ID:beforeWrite",
    "right": "LIT:true",
    "op": "===",
    "leftType": "unknown",
    "rightType": "boolean",
    "parent": "LogicalExpression",
    "grandParent": "ReturnStatement",
    "src": "data/js/programs_all/fholm/IronJS/Src/Tests/ietestcenter/chapter15/15.2/15.2.3/15.2.3.6/15.2.3.6-3-194.js : 40 - 40"
  },
  {
    "left": "ID:afterWrite",
    "right": "LIT:true",
    "op": "===",
    "leftType": "unknown",
    "rightType": "boolean",
    "parent": "LogicalExpression",
    "grandParent": "ReturnStatement",
    "src": "data/js/programs_all/fholm/IronJS/Src/Tests/ietestcenter/chapter15/15.2/15.2.3/15.2.3.6/15.2.3.6-3-194.js : 40 - 40"
  },
  {
    "left": "ID:property",
    "right": "LIT:numberGetProperty",
    "op": "===",
    "leftType": "unknown",
    "rightType": "string",
    "parent": "ReturnStatement",
    "grandParent": "BlockStatement",
    "src": "data/js/programs_all/fholm/IronJS/Src/Tests/ietestcenter/chapter15/15.2/15.2.3/15.2.3.6/15.2.3.6-3-222.js : 39 - 39"
  },
  {
    "left": "ID:property",
    "right": "LIT:globalGetProperty",
    "op": "===",
    "leftType": "unknown",
    "rightType": "string",
    "parent": "ReturnStatement",
    "grandParent": "BlockStatement",
    "src": "data/js/programs_all/fholm/IronJS/Src/Tests/ietestcenter/chapter15/15.2/15.2.3/15.2.3.6/15.2.3.6-3-230.js : 38 - 38"
  },
  {
    "left": "ID:property",
    "right": "LIT:11",
    "op": "===",
    "leftType": "unknown",
    "rightType": "number",
    "parent": "LogicalExpression",
    "grandParent": "LogicalExpression",
    "src": "data/js/programs_all/fholm/IronJS/Src/Tests/ietestcenter/chapter15/15.2/15.2.3/15.2.3.6/15.2.3.6-3-236.js : 39 - 39"
  },
  {
    "left": "ID:data",
    "right": "LIT:overrideData",
    "op": "===",
    "leftType": "unknown",
    "rightType": "string",
    "parent": "LogicalExpression",
    "grandParent": "ReturnStatement",
    "src": "data/js/programs_all/fholm/IronJS/Src/Tests/ietestcenter/chapter15/15.2/15.2.3/15.2.3.6/15.2.3.6-3-251.js : 40 - 40"
  },
  {
    "left": "ID:data",
    "right": "LIT:overrideData",
    "op": "===",
    "leftType": "unknown",
    "rightType": "string",
    "parent": "LogicalExpression",
    "grandParent": "ReturnStatement",
    "src": "data/js/programs_all/fholm/IronJS/Src/Tests/ietestcenter/chapter15/15.2/15.2.3/15.2.3.6/15.2.3.6-3-253-1.js : 40 - 40"
  },
  {
    "left": "ID:data",
    "right": "LIT:overrideData",
    "op": "===",
    "leftType": "unknown",
    "rightType": "string",
    "parent": "LogicalExpression",
    "grandParent": "ReturnStatement",
    "src": "data/js/programs_all/fholm/IronJS/Src/Tests/ietestcenter/chapter15/15.2/15.2.3/15.2.3.6/15.2.3.6-3-254-1.js : 40 - 40"
  },
  {
    "left": "ID:data",
    "right": "LIT:overrideData",
    "op": "===",
    "leftType": "unknown",
    "rightType": "string",
    "parent": "LogicalExpression",
    "grandParent": "ReturnStatement",
    "src": "data/js/programs_all/fholm/IronJS/Src/Tests/ietestcenter/chapter15/15.2/15.2.3/15.2.3.6/15.2.3.6-3-257.js : 40 - 40"
  },
  {
    "left": "ID:prop",
    "right": "LIT:property",
    "op": "===",
    "leftType": "unknown",
    "rightType": "string",
    "parent": "IfStatement",
    "grandParent": "BlockStatement",
    "src": "data/js/programs_all/fholm/IronJS/Src/Tests/ietestcenter/chapter15/15.2/15.2.3/15.2.3.6/15.2.3.6-3-39.js : 39 - 39"
  },
  {
    "left": "ID:prop",
    "right": "LIT:property",
    "op": "===",
    "leftType": "unknown",
    "rightType": "string",
    "parent": "IfStatement",
    "grandParent": "BlockStatement",
    "src": "data/js/programs_all/fholm/IronJS/Src/Tests/ietestcenter/chapter15/15.2/15.2.3/15.2.3.6/15.2.3.6-3-70.js : 36 - 36"
  },
  {
    "left": "ID:beforeDeleted",
    "right": "LIT:true",
    "op": "===",
    "leftType": "unknown",
    "rightType": "boolean",
    "parent": "LogicalExpression",
    "grandParent": "ReturnStatement",
    "src": "data/js/programs_all/fholm/IronJS/Src/Tests/ietestcenter/chapter15/15.2/15.2.3/15.2.3.6/15.2.3.6-3-78.js : 56 - 56"
  },
  {
    "left": "ID:afterDeleted",
    "right": "LIT:false",
    "op": "===",
    "leftType": "unknown",
    "rightType": "boolean",
    "parent": "LogicalExpression",
    "grandParent": "ReturnStatement",
    "src": "data/js/programs_all/fholm/IronJS/Src/Tests/ietestcenter/chapter15/15.2/15.2.3/15.2.3.6/15.2.3.6-3-78.js : 56 - 56"
  },
  {
    "left": "ID:beforeDeleted",
    "right": "LIT:true",
    "op": "===",
    "leftType": "unknown",
    "rightType": "boolean",
    "parent": "LogicalExpression",
    "grandParent": "ReturnStatement",
    "src": "data/js/programs_all/fholm/IronJS/Src/Tests/ietestcenter/chapter15/15.2/15.2.3/15.2.3.6/15.2.3.6-3-85.js : 50 - 50"
  },
  {
    "left": "ID:afterDeleted",
    "right": "LIT:true",
    "op": "===",
    "leftType": "unknown",
    "rightType": "boolean",
    "parent": "LogicalExpression",
    "grandParent": "ReturnStatement",
    "src": "data/js/programs_all/fholm/IronJS/Src/Tests/ietestcenter/chapter15/15.2/15.2.3/15.2.3.6/15.2.3.6-3-85.js : 50 - 50"
  },
  {
    "left": "ID:beforeDeleted",
    "right": "LIT:true",
    "op": "===",
    "leftType": "unknown",
    "rightType": "boolean",
    "parent": "LogicalExpression",
    "grandParent": "ReturnStatement",
    "src": "data/js/programs_all/fholm/IronJS/Src/Tests/ietestcenter/chapter15/15.2/15.2.3/15.2.3.6/15.2.3.6-3-92-1.js : 43 - 43"
  },
  {
    "left": "ID:afterDeleted",
    "right": "LIT:false",
    "op": "===",
    "leftType": "unknown",
    "rightType": "boolean",
    "parent": "LogicalExpression",
    "grandParent": "ReturnStatement",
    "src": "data/js/programs_all/fholm/IronJS/Src/Tests/ietestcenter/chapter15/15.2/15.2.3/15.2.3.6/15.2.3.6-3-92-1.js : 43 - 43"
  },
  {
    "left": "ID:beforeDeleted",
    "right": "LIT:true",
    "op": "===",
    "leftType": "unknown",
    "rightType": "boolean",
    "parent": "LogicalExpression",
    "grandParent": "ReturnStatement",
    "src": "data/js/programs_all/fholm/IronJS/Src/Tests/ietestcenter/chapter15/15.2/15.2.3/15.2.3.6/15.2.3.6-3-93.js : 44 - 44"
  },
  {
    "left": "ID:afterDeleted",
    "right": "LIT:false",
    "op": "===",
    "leftType": "unknown",
    "rightType": "boolean",
    "parent": "LogicalExpression",
    "grandParent": "ReturnStatement",
    "src": "data/js/programs_all/fholm/IronJS/Src/Tests/ietestcenter/chapter15/15.2/15.2.3/15.2.3.6/15.2.3.6-3-93.js : 44 - 44"
  },
  {
    "left": "ID:beforeDeleted",
    "right": "LIT:true",
    "op": "===",
    "leftType": "unknown",
    "rightType": "boolean",
    "parent": "LogicalExpression",
    "grandParent": "ReturnStatement",
    "src": "data/js/programs_all/fholm/IronJS/Src/Tests/ietestcenter/chapter15/15.2/15.2.3/15.2.3.6/15.2.3.6-3-94-1.js : 43 - 43"
  },
  {
    "left": "ID:afterDeleted",
    "right": "LIT:false",
    "op": "===",
    "leftType": "unknown",
    "rightType": "boolean",
    "parent": "LogicalExpression",
    "grandParent": "ReturnStatement",
    "src": "data/js/programs_all/fholm/IronJS/Src/Tests/ietestcenter/chapter15/15.2/15.2.3/15.2.3.6/15.2.3.6-3-94-1.js : 43 - 43"
  },
  {
    "left": "ID:beforeDeleted",
    "right": "LIT:true",
    "op": "===",
    "leftType": "unknown",
    "rightType": "boolean",
    "parent": "LogicalExpression",
    "grandParent": "ReturnStatement",
    "src": "data/js/programs_all/fholm/IronJS/Src/Tests/ietestcenter/chapter15/15.2/15.2.3/15.2.3.6/15.2.3.6-3-94.js : 43 - 43"
  },
  {
    "left": "ID:afterDeleted",
    "right": "LIT:false",
    "op": "===",
    "leftType": "unknown",
    "rightType": "boolean",
    "parent": "LogicalExpression",
    "grandParent": "ReturnStatement",
    "src": "data/js/programs_all/fholm/IronJS/Src/Tests/ietestcenter/chapter15/15.2/15.2.3/15.2.3.6/15.2.3.6-3-94.js : 43 - 43"
  },
  {
    "left": "ID:e",
    "right": "ID:TypeError",
    "op": "instanceof",
    "leftType": "unknown",
    "rightType": "unknown",
    "parent": "IfStatement",
    "grandParent": "BlockStatement",
    "src": "data/js/programs_all/fholm/IronJS/Src/Tests/ietestcenter/chapter15/15.2/15.2.3/15.2.3.6/15.2.3.6-4-10.js : 52 - 52"
  },
  {
    "left": "ID:get",
    "right": "ID:getter",
    "op": "===",
    "leftType": "unknown",
    "rightType": "unknown",
    "parent": "LogicalExpression",
    "grandParent": "LogicalExpression",
    "src": "data/js/programs_all/fholm/IronJS/Src/Tests/ietestcenter/chapter15/15.2/15.2.3/15.2.3.6/15.2.3.6-4-10.js : 55 - 55"
  },
  {
    "left": "ID:enumerable",
    "right": "LIT:false",
    "op": "===",
    "leftType": "unknown",
    "rightType": "boolean",
    "parent": "LogicalExpression",
    "grandParent": "LogicalExpression",
    "src": "data/js/programs_all/fholm/IronJS/Src/Tests/ietestcenter/chapter15/15.2/15.2.3/15.2.3.6/15.2.3.6-4-10.js : 56 - 56"
  },
  {
    "left": "ID:configurable",
    "right": "LIT:false",
    "op": "===",
    "leftType": "unknown",
    "rightType": "boolean",
    "parent": "LogicalExpression",
    "grandParent": "IfStatement",
    "src": "data/js/programs_all/fholm/IronJS/Src/Tests/ietestcenter/chapter15/15.2/15.2.3/15.2.3.6/15.2.3.6-4-10.js : 57 - 57"
  },
  {
    "left": "ID:length",
    "right": "LIT:0",
    "op": "===",
    "leftType": "unknown",
    "rightType": "number",
    "parent": "ReturnStatement",
    "grandParent": "BlockStatement",
    "src": "data/js/programs_all/fholm/IronJS/Src/Tests/ietestcenter/chapter15/15.2/15.2.3/15.2.3.6/15.2.3.6-4-126.js : 37 - 37"
  },
  {
    "left": "ID:length",
    "right": "LIT:0",
    "op": "===",
    "leftType": "unknown",
    "rightType": "number",
    "parent": "ReturnStatement",
    "grandParent": "BlockStatement",
    "src": "data/js/programs_all/fholm/IronJS/Src/Tests/ietestcenter/chapter15/15.2/15.2.3/15.2.3.6/15.2.3.6-4-131.js : 37 - 37"
  },
  {
    "left": "ID:length",
    "right": "LIT:2",
    "op": "===",
    "leftType": "unknown",
    "rightType": "number",
    "parent": "ReturnStatement",
    "grandParent": "BlockStatement",
    "src": "data/js/programs_all/fholm/IronJS/Src/Tests/ietestcenter/chapter15/15.2/15.2.3/15.2.3.6/15.2.3.6-4-137.js : 37 - 37"
  },
  {
    "left": "ID:value",
    "right": "LIT:101",
    "op": "===",
    "leftType": "unknown",
    "rightType": "number",
    "parent": "LogicalExpression",
    "grandParent": "LogicalExpression",
    "src": "data/js/programs_all/fholm/IronJS/Src/Tests/ietestcenter/chapter15/15.2/15.2.3/15.2.3.6/15.2.3.6-4-15.js : 51 - 51"
  },
  {
    "left": "ID:writable",
    "right": "LIT:false",
    "op": "===",
    "leftType": "unknown",
    "rightType": "boolean",
    "parent": "LogicalExpression",
    "grandParent": "LogicalExpression",
    "src": "data/js/programs_all/fholm/IronJS/Src/Tests/ietestcenter/chapter15/15.2/15.2.3/15.2.3.6/15.2.3.6-4-15.js : 52 - 52"
  },
  {
    "left": "ID:enumerable",
    "right": "LIT:false",
    "op": "===",
    "leftType": "unknown",
    "rightType": "boolean",
    "parent": "LogicalExpression",
    "grandParent": "LogicalExpression",
    "src": "data/js/programs_all/fholm/IronJS/Src/Tests/ietestcenter/chapter15/15.2/15.2.3/15.2.3.6/15.2.3.6-4-15.js : 53 - 53"
  },
  {
    "left": "ID:configurable",
    "right": "LIT:true",
    "op": "===",
    "leftType": "unknown",
    "rightType": "boolean",
    "parent": "LogicalExpression",
    "grandParent": "IfStatement",
    "src": "data/js/programs_all/fholm/IronJS/Src/Tests/ietestcenter/chapter15/15.2/15.2.3/15.2.3.6/15.2.3.6-4-15.js : 54 - 54"
  },
  {
    "left": "ID:length",
    "right": "LIT:2",
    "op": "===",
    "leftType": "unknown",
    "rightType": "number",
    "parent": "LogicalExpression",
    "grandParent": "LogicalExpression",
    "src": "data/js/programs_all/fholm/IronJS/Src/Tests/ietestcenter/chapter15/15.2/15.2.3/15.2.3.6/15.2.3.6-4-151.js : 55 - 55"
  },
  {
    "left": "ID:length",
    "right": "LIT:1",
    "op": "===",
    "leftType": "unknown",
    "rightType": "number",
    "parent": "LogicalExpression",
    "grandParent": "ReturnStatement",
    "src": "data/js/programs_all/fholm/IronJS/Src/Tests/ietestcenter/chapter15/15.2/15.2.3/15.2.3.6/15.2.3.6-4-171.js : 38 - 38"
  },
  {
    "left": "ID:e",
    "right": "ID:TypeError",
    "op": "instanceof",
    "leftType": "unknown",
    "rightType": "unknown",
    "parent": "LogicalExpression",
    "grandParent": "ReturnStatement",
    "src": "data/js/programs_all/fholm/IronJS/Src/Tests/ietestcenter/chapter15/15.2/15.2.3/15.2.3.6/15.2.3.6-4-24.js : 50 - 50"
  },
  {
    "left": "ID:foo",
    "right": "LIT:11",
    "op": "===",
    "leftType": "unknown",
    "rightType": "number",
    "parent": "LogicalExpression",
    "grandParent": "ReturnStatement",
    "src": "data/js/programs_all/fholm/IronJS/Src/Tests/ietestcenter/chapter15/15.2/15.2.3/15.2.3.6/15.2.3.6-4-24.js : 50 - 50"
  },
  {
    "left": "ID:e",
    "right": "ID:TypeError",
    "op": "instanceof",
    "leftType": "unknown",
    "rightType": "unknown",
    "parent": "LogicalExpression",
    "grandParent": "ReturnStatement",
    "src": "data/js/programs_all/fholm/IronJS/Src/Tests/ietestcenter/chapter15/15.2/15.2.3/15.2.3.6/15.2.3.6-4-246.js : 43 - 43"
  },
  {
    "left": "ID:e",
    "right": "ID:TypeError",
    "op": "instanceof",
    "leftType": "unknown",
    "rightType": "unknown",
    "parent": "LogicalExpression",
    "grandParent": "ReturnStatement",
    "src": "data/js/programs_all/fholm/IronJS/Src/Tests/ietestcenter/chapter15/15.2/15.2.3/15.2.3.6/15.2.3.6-4-252.js : 45 - 45"
  },
  {
    "left": "ID:e",
    "right": "ID:TypeError",
    "op": "instanceof",
    "leftType": "unknown",
    "rightType": "unknown",
    "parent": "LogicalExpression",
    "grandParent": "ReturnStatement",
    "src": "data/js/programs_all/fholm/IronJS/Src/Tests/ietestcenter/chapter15/15.2/15.2.3/15.2.3.6/15.2.3.6-4-253.js : 45 - 45"
  },
  {
    "left": "ID:arrObj",
    "right": "ID:getFunc",
    "op": "===",
    "leftType": "unknown",
    "rightType": "unknown",
    "parent": "VariableDeclarator",
    "grandParent": "VariableDeclaration",
    "src": "data/js/programs_all/fholm/IronJS/Src/Tests/ietestcenter/chapter15/15.2/15.2.3/15.2.3.6/15.2.3.6-4-256.js : 47 - 47"
  },
  {
    "left": "ID:p",
    "right": "LIT:1",
    "op": "===",
    "leftType": "unknown",
    "rightType": "string",
    "parent": "IfStatement",
    "grandParent": "BlockStatement",
    "src": "data/js/programs_all/fholm/IronJS/Src/Tests/ietestcenter/chapter15/15.2/15.2.3/15.2.3.6/15.2.3.6-4-256.js : 53 - 53"
  },
  {
    "left": "ID:e",
    "right": "ID:TypeError",
    "op": "instanceof",
    "leftType": "unknown",
    "rightType": "unknown",
    "parent": "LogicalExpression",
    "grandParent": "LogicalExpression",
    "src": "data/js/programs_all/fholm/IronJS/Src/Tests/ietestcenter/chapter15/15.2/15.2.3/15.2.3.6/15.2.3.6-4-256.js : 62 - 62"
  },
  {
    "left": "ID:e",
    "right": "ID:TypeError",
    "op": "instanceof",
    "leftType": "unknown",
    "rightType": "unknown",
    "parent": "LogicalExpression",
    "grandParent": "ReturnStatement",
    "src": "data/js/programs_all/fholm/IronJS/Src/Tests/ietestcenter/chapter15/15.2/15.2.3/15.2.3.6/15.2.3.6-4-26.js : 48 - 48"
  },
  {
    "left": "ID:property",
    "right": "LIT:11",
    "op": "===",
    "leftType": "unknown",
    "rightType": "number",
    "parent": "LogicalExpression",
    "grandParent": "ReturnStatement",
    "src": "data/js/programs_all/fholm/IronJS/Src/Tests/ietestcenter/chapter15/15.2/15.2.3/15.2.3.6/15.2.3.6-4-26.js : 48 - 48"
  },
  {
    "left": "ID:e",
    "right": "ID:TypeError",
    "op": "instanceof",
    "leftType": "unknown",
    "rightType": "unknown",
    "parent": "ReturnStatement",
    "grandParent": "BlockStatement",
    "src": "data/js/programs_all/fholm/IronJS/Src/Tests/ietestcenter/chapter15/15.2/15.2.3/15.2.3.6/15.2.3.6-4-28.js : 50 - 50"
  },
  {
    "left": "ID:a",
    "right": "LIT:10",
    "op": "===",
    "leftType": "unknown",
    "rightType": "number",
    "parent": "VariableDeclarator",
    "grandParent": "VariableDeclaration",
    "src": "data/js/programs_all/fholm/IronJS/Src/Tests/ietestcenter/chapter15/15.2/15.2.3/15.2.3.6/15.2.3.6-4-293-3.js : 38 - 38"
  },
  {
    "left": "ID:e",
    "right": "ID:TypeError",
    "op": "instanceof",
    "leftType": "unknown",
    "rightType": "unknown",
    "parent": "LogicalExpression",
    "grandParent": "ReturnStatement",
    "src": "data/js/programs_all/fholm/IronJS/Src/Tests/ietestcenter/chapter15/15.2/15.2.3/15.2.3.6/15.2.3.6-4-296.js : 42 - 42"
  },
  {
    "left": "ID:e",
    "right": "ID:TypeError",
    "op": "instanceof",
    "leftType": "unknown",
    "rightType": "unknown",
    "parent": "LogicalExpression",
    "grandParent": "ReturnStatement",
    "src": "data/js/programs_all/fholm/IronJS/Src/Tests/ietestcenter/chapter15/15.2/15.2.3/15.2.3.6/15.2.3.6-4-312.js : 44 - 44"
  },
  {
    "left": "ID:c",
    "right": "LIT:3",
    "op": "===",
    "leftType": "unknown",
    "rightType": "number",
    "parent": "AssignmentExpression",
    "grandParent": "ExpressionStatement",
    "src": "data/js/programs_all/fholm/IronJS/Src/Tests/ietestcenter/chapter15/15.2/15.2.3/15.2.3.6/15.2.3.6-4-323-1.js : 43 - 43"
  },
  {
    "left": "ID:e",
    "right": "ID:TypeError",
    "op": "instanceof",
    "leftType": "unknown",
    "rightType": "unknown",
    "parent": "LogicalExpression",
    "grandParent": "LogicalExpression",
    "src": "data/js/programs_all/fholm/IronJS/Src/Tests/ietestcenter/chapter15/15.2/15.2.3/15.2.3.6/15.2.3.6-4-323-1.js : 44 - 44"
  },
  {
    "left": "ID:e",
    "right": "ID:TypeError",
    "op": "instanceof",
    "leftType": "unknown",
    "rightType": "unknown",
    "parent": "LogicalExpression",
    "grandParent": "ReturnStatement",
    "src": "data/js/programs_all/fholm/IronJS/Src/Tests/ietestcenter/chapter15/15.2/15.2.3/15.2.3.6/15.2.3.6-4-324.js : 42 - 42"
  },
  {
    "left": "ID:prop",
    "right": "LIT:2010",
    "op": "===",
    "leftType": "unknown",
    "rightType": "number",
    "parent": "VariableDeclarator",
    "grandParent": "VariableDeclaration",
    "src": "data/js/programs_all/fholm/IronJS/Src/Tests/ietestcenter/chapter15/15.2/15.2.3/15.2.3.6/15.2.3.6-4-326.js : 37 - 37"
  },
  {
    "left": "ID:prop",
    "right": "LIT:1001",
    "op": "===",
    "leftType": "unknown",
    "rightType": "number",
    "parent": "LogicalExpression",
    "grandParent": "ReturnStatement",
    "src": "data/js/programs_all/fholm/IronJS/Src/Tests/ietestcenter/chapter15/15.2/15.2.3/15.2.3.6/15.2.3.6-4-326.js : 40 - 40"
  },
  {
    "left": "ID:prop",
    "right": "LIT:2010",
    "op": "===",
    "leftType": "unknown",
    "rightType": "number",
    "parent": "VariableDeclarator",
    "grandParent": "VariableDeclaration",
    "src": "data/js/programs_all/fholm/IronJS/Src/Tests/ietestcenter/chapter15/15.2/15.2.3/15.2.3.6/15.2.3.6-4-333.js : 37 - 37"
  },
  {
    "left": "ID:prop",
    "right": "LIT:1001",
    "op": "===",
    "leftType": "unknown",
    "rightType": "number",
    "parent": "LogicalExpression",
    "grandParent": "ReturnStatement",
    "src": "data/js/programs_all/fholm/IronJS/Src/Tests/ietestcenter/chapter15/15.2/15.2.3/15.2.3.6/15.2.3.6-4-333.js : 40 - 40"
  },
  {
    "left": "ID:prop",
    "right": "LIT:2010",
    "op": "===",
    "leftType": "unknown",
    "rightType": "number",
    "parent": "VariableDeclarator",
    "grandParent": "VariableDeclaration",
    "src": "data/js/programs_all/fholm/IronJS/Src/Tests/ietestcenter/chapter15/15.2/15.2.3/15.2.3.6/15.2.3.6-4-340.js : 37 - 37"
  },
  {
    "left": "ID:prop",
    "right": "LIT:1001",
    "op": "===",
    "leftType": "unknown",
    "rightType": "number",
    "parent": "LogicalExpression",
    "grandParent": "ReturnStatement",
    "src": "data/js/programs_all/fholm/IronJS/Src/Tests/ietestcenter/chapter15/15.2/15.2.3/15.2.3.6/15.2.3.6-4-340.js : 40 - 40"
  },
  {
    "left": "ID:configurable",
    "right": "LIT:true",
    "op": "===",
    "leftType": "unknown",
    "rightType": "boolean",
    "parent": "LogicalExpression",
    "grandParent": "LogicalExpression",
    "src": "data/js/programs_all/fholm/IronJS/Src/Tests/ietestcenter/chapter15/15.2/15.2.3/15.2.3.6/15.2.3.6-4-345.js : 45 - 45"
  },
  {
    "left": "ID:prop",
    "right": "LIT:2010",
    "op": "===",
    "leftType": "unknown",
    "rightType": "number",
    "parent": "LogicalExpression",
    "grandParent": "LogicalExpression",
    "src": "data/js/programs_all/fholm/IronJS/Src/Tests/ietestcenter/chapter15/15.2/15.2.3/15.2.3.6/15.2.3.6-4-345.js : 45 - 45"
  },
  {
    "left": "ID:configurable",
    "right": "LIT:false",
    "op": "===",
    "leftType": "unknown",
    "rightType": "boolean",
    "parent": "LogicalExpression",
    "grandParent": "ReturnStatement",
    "src": "data/js/programs_all/fholm/IronJS/Src/Tests/ietestcenter/chapter15/15.2/15.2.3/15.2.3.6/15.2.3.6-4-345.js : 45 - 45"
  },
  {
    "left": "ID:value",
    "right": "LIT:2010",
    "op": "===",
    "leftType": "unknown",
    "rightType": "number",
    "parent": "LogicalExpression",
    "grandParent": "LogicalExpression",
    "src": "data/js/programs_all/fholm/IronJS/Src/Tests/ietestcenter/chapter15/15.2/15.2.3/15.2.3.6/15.2.3.6-4-353.js : 50 - 50"
  },
  {
    "left": "ID:prop",
    "right": "LIT:2010",
    "op": "===",
    "leftType": "unknown",
    "rightType": "number",
    "parent": "LogicalExpression",
    "grandParent": "LogicalExpression",
    "src": "data/js/programs_all/fholm/IronJS/Src/Tests/ietestcenter/chapter15/15.2/15.2.3/15.2.3.6/15.2.3.6-4-353.js : 50 - 50"
  },
  {
    "left": "ID:e",
    "right": "ID:TypeError",
    "op": "instanceof",
    "leftType": "unknown",
    "rightType": "unknown",
    "parent": "LogicalExpression",
    "grandParent": "ReturnStatement",
    "src": "data/js/programs_all/fholm/IronJS/Src/Tests/ietestcenter/chapter15/15.2/15.2.3/15.2.3.6/15.2.3.6-4-353.js : 50 - 50"
  },
  {
    "left": "ID:obj",
    "right": "LIT:2010",
    "op": "===",
    "leftType": "unknown",
    "rightType": "number",
    "parent": "VariableDeclarator",
    "grandParent": "VariableDeclaration",
    "src": "data/js/programs_all/fholm/IronJS/Src/Tests/ietestcenter/chapter15/15.2/15.2.3/15.2.3.6/15.2.3.6-4-354-6.js : 37 - 37"
  },
  {
    "left": "ID:obj",
    "right": "LIT:2010",
    "op": "===",
    "leftType": "unknown",
    "rightType": "number",
    "parent": "LogicalExpression",
    "grandParent": "ReturnStatement",
    "src": "data/js/programs_all/fholm/IronJS/Src/Tests/ietestcenter/chapter15/15.2/15.2.3/15.2.3.6/15.2.3.6-4-354-6.js : 40 - 40"
  },
  {
    "left": "ID:p",
    "right": "LIT:prop",
    "op": "===",
    "leftType": "unknown",
    "rightType": "string",
    "parent": "IfStatement",
    "grandParent": "BlockStatement",
    "src": "data/js/programs_all/fholm/IronJS/Src/Tests/ietestcenter/chapter15/15.2/15.2.3/15.2.3.6/15.2.3.6-4-369.js : 40 - 40"
  },
  {
    "left": "ID:enumerable",
    "right": "LIT:false",
    "op": "===",
    "leftType": "unknown",
    "rightType": "boolean",
    "parent": "LogicalExpression",
    "grandParent": "ReturnStatement",
    "src": "data/js/programs_all/fholm/IronJS/Src/Tests/ietestcenter/chapter15/15.2/15.2.3/15.2.3.6/15.2.3.6-4-369.js : 44 - 44"
  },
  {
    "left": "ID:enumerable",
    "right": "LIT:false",
    "op": "===",
    "leftType": "unknown",
    "rightType": "boolean",
    "parent": "LogicalExpression",
    "grandParent": "LogicalExpression",
    "src": "data/js/programs_all/fholm/IronJS/Src/Tests/ietestcenter/chapter15/15.2/15.2.3/15.2.3.6/15.2.3.6-4-372.js : 45 - 45"
  },
  {
    "left": "ID:prop",
    "right": "LIT:2010",
    "op": "===",
    "leftType": "unknown",
    "rightType": "number",
    "parent": "LogicalExpression",
    "grandParent": "LogicalExpression",
    "src": "data/js/programs_all/fholm/IronJS/Src/Tests/ietestcenter/chapter15/15.2/15.2.3/15.2.3.6/15.2.3.6-4-372.js : 45 - 45"
  },
  {
    "left": "ID:enumerable",
    "right": "LIT:true",
    "op": "===",
    "leftType": "unknown",
    "rightType": "boolean",
    "parent": "LogicalExpression",
    "grandParent": "ReturnStatement",
    "src": "data/js/programs_all/fholm/IronJS/Src/Tests/ietestcenter/chapter15/15.2/15.2.3/15.2.3.6/15.2.3.6-4-372.js : 45 - 45"
  },
  {
    "left": "ID:configurable",
    "right": "LIT:true",
    "op": "===",
    "leftType": "unknown",
    "rightType": "boolean",
    "parent": "LogicalExpression",
    "grandParent": "LogicalExpression",
    "src": "data/js/programs_all/fholm/IronJS/Src/Tests/ietestcenter/chapter15/15.2/15.2.3/15.2.3.6/15.2.3.6-4-373.js : 45 - 45"
  },
  {
    "left": "ID:prop",
    "right": "LIT:2010",
    "op": "===",
    "leftType": "unknown",
    "rightType": "number",
    "parent": "LogicalExpression",
    "grandParent": "LogicalExpression",
    "src": "data/js/programs_all/fholm/IronJS/Src/Tests/ietestcenter/chapter15/15.2/15.2.3/15.2.3.6/15.2.3.6-4-373.js : 45 - 45"
  },
  {
    "left": "ID:configurable",
    "right": "LIT:false",
    "op": "===",
    "leftType": "unknown",
    "rightType": "boolean",
    "parent": "LogicalExpression",
    "grandParent": "ReturnStatement",
    "src": "data/js/programs_all/fholm/IronJS/Src/Tests/ietestcenter/chapter15/15.2/15.2.3/15.2.3.6/15.2.3.6-4-373.js : 45 - 45"
  },
  {
    "left": "ID:prop",
    "right": "LIT:2010",
    "op": "===",
    "leftType": "unknown",
    "rightType": "number",
    "parent": "VariableDeclarator",
    "grandParent": "VariableDeclaration",
    "src": "data/js/programs_all/fholm/IronJS/Src/Tests/ietestcenter/chapter15/15.2/15.2.3/15.2.3.6/15.2.3.6-4-375.js : 37 - 37"
  },
  {
    "left": "ID:prop",
    "right": "LIT:2010",
    "op": "===",
    "leftType": "unknown",
    "rightType": "number",
    "parent": "LogicalExpression",
    "grandParent": "ReturnStatement",
    "src": "data/js/programs_all/fholm/IronJS/Src/Tests/ietestcenter/chapter15/15.2/15.2.3/15.2.3.6/15.2.3.6-4-375.js : 40 - 40"
  },
  {
    "left": "ID:p",
    "right": "LIT:prop",
    "op": "===",
    "leftType": "unknown",
    "rightType": "string",
    "parent": "IfStatement",
    "grandParent": "BlockStatement",
    "src": "data/js/programs_all/fholm/IronJS/Src/Tests/ietestcenter/chapter15/15.2/15.2.3/15.2.3.6/15.2.3.6-4-376.js : 40 - 40"
  },
  {
    "left": "ID:enumerable",
    "right": "LIT:false",
    "op": "===",
    "leftType": "unknown",
    "rightType": "boolean",
    "parent": "LogicalExpression",
    "grandParent": "ReturnStatement",
    "src": "data/js/programs_all/fholm/IronJS/Src/Tests/ietestcenter/chapter15/15.2/15.2.3/15.2.3.6/15.2.3.6-4-376.js : 44 - 44"
  },
  {
    "left": "ID:prop",
    "right": "LIT:1001",
    "op": "===",
    "leftType": "unknown",
    "rightType": "number",
    "parent": "LogicalExpression",
    "grandParent": "ReturnStatement",
    "src": "data/js/programs_all/fholm/IronJS/Src/Tests/ietestcenter/chapter15/15.2/15.2.3/15.2.3.6/15.2.3.6-4-382.js : 37 - 37"
  },
  {
    "left": "ID:value",
    "right": "LIT:1001",
    "op": "===",
    "leftType": "unknown",
    "rightType": "number",
    "parent": "LogicalExpression",
    "grandParent": "ReturnStatement",
    "src": "data/js/programs_all/fholm/IronJS/Src/Tests/ietestcenter/chapter15/15.2/15.2.3/15.2.3.6/15.2.3.6-4-382.js : 37 - 37"
  },
  {
    "left": "ID:prop",
    "right": "ID:tempObj",
    "op": "===",
    "leftType": "unknown",
    "rightType": "unknown",
    "parent": "LogicalExpression",
    "grandParent": "ReturnStatement",
    "src": "data/js/programs_all/fholm/IronJS/Src/Tests/ietestcenter/chapter15/15.2/15.2.3/15.2.3.6/15.2.3.6-4-385.js : 38 - 38"
  },
  {
    "left": "ID:value",
    "right": "ID:tempObj",
    "op": "===",
    "leftType": "unknown",
    "rightType": "unknown",
    "parent": "LogicalExpression",
    "grandParent": "ReturnStatement",
    "src": "data/js/programs_all/fholm/IronJS/Src/Tests/ietestcenter/chapter15/15.2/15.2.3/15.2.3.6/15.2.3.6-4-385.js : 38 - 38"
  },
  {
    "left": "ID:prop",
    "right": "LIT:1001",
    "op": "===",
    "leftType": "unknown",
    "rightType": "number",
    "parent": "LogicalExpression",
    "grandParent": "ReturnStatement",
    "src": "data/js/programs_all/fholm/IronJS/Src/Tests/ietestcenter/chapter15/15.2/15.2.3/15.2.3.6/15.2.3.6-4-402.js : 38 - 38"
  },
  {
    "left": "ID:p",
    "right": "LIT:prop",
    "op": "===",
    "leftType": "unknown",
    "rightType": "string",
    "parent": "IfStatement",
    "grandParent": "BlockStatement",
    "src": "data/js/programs_all/fholm/IronJS/Src/Tests/ietestcenter/chapter15/15.2/15.2.3/15.2.3.6/15.2.3.6-4-406.js : 40 - 40"
  },
  {
    "left": "ID:prop",
    "right": "LIT:1002",
    "op": "===",
    "leftType": "unknown",
    "rightType": "number",
    "parent": "LogicalExpression",
    "grandParent": "ReturnStatement",
    "src": "data/js/programs_all/fholm/IronJS/Src/Tests/ietestcenter/chapter15/15.2/15.2.3/15.2.3.6/15.2.3.6-4-408.js : 39 - 39"
  },
  {
    "left": "ID:p",
    "right": "LIT:startTime",
    "op": "===",
    "leftType": "unknown",
    "rightType": "string",
    "parent": "IfStatement",
    "grandParent": "BlockStatement",
    "src": "data/js/programs_all/fholm/IronJS/Src/Tests/ietestcenter/chapter15/15.2/15.2.3/15.2.3.6/15.2.3.6-4-416.js : 58 - 58"
  },
  {
    "left": "ID:p",
    "right": "LIT:name",
    "op": "===",
    "leftType": "unknown",
    "rightType": "string",
    "parent": "IfStatement",
    "grandParent": "BlockStatement",
    "src": "data/js/programs_all/fholm/IronJS/Src/Tests/ietestcenter/chapter15/15.2/15.2.3/15.2.3.6/15.2.3.6-4-416.js : 61 - 61"
  },
  {
    "left": "ID:p",
    "right": "LIT:conferenceCall",
    "op": "===",
    "leftType": "unknown",
    "rightType": "string",
    "parent": "IfStatement",
    "grandParent": "BlockStatement",
    "src": "data/js/programs_all/fholm/IronJS/Src/Tests/ietestcenter/chapter15/15.2/15.2.3/15.2.3.6/15.2.3.6-4-416.js : 64 - 64"
  },
  {
    "left": "ID:configurable",
    "right": "LIT:false",
    "op": "===",
    "leftType": "unknown",
    "rightType": "boolean",
    "parent": "LogicalExpression",
    "grandParent": "LogicalExpression",
    "src": "data/js/programs_all/fholm/IronJS/Src/Tests/ietestcenter/chapter15/15.2/15.2.3/15.2.3.6/15.2.3.6-4-434.js : 43 - 43"
  },
  {
    "left": "ID:e",
    "right": "ID:TypeError",
    "op": "instanceof",
    "leftType": "unknown",
    "rightType": "unknown",
    "parent": "LogicalExpression",
    "grandParent": "ReturnStatement",
    "src": "data/js/programs_all/fholm/IronJS/Src/Tests/ietestcenter/chapter15/15.2/15.2.3/15.2.3.6/15.2.3.6-4-436.js : 52 - 52"
  },
  {
    "left": "ID:set",
    "right": "ID:setFunc",
    "op": "===",
    "leftType": "unknown",
    "rightType": "unknown",
    "parent": "LogicalExpression",
    "grandParent": "ReturnStatement",
    "src": "data/js/programs_all/fholm/IronJS/Src/Tests/ietestcenter/chapter15/15.2/15.2.3/15.2.3.6/15.2.3.6-4-463.js : 51 - 51"
  },
  {
    "left": "ID:prop",
    "right": "LIT:1001",
    "op": "===",
    "leftType": "unknown",
    "rightType": "number",
    "parent": "VariableDeclarator",
    "grandParent": "VariableDeclaration",
    "src": "data/js/programs_all/fholm/IronJS/Src/Tests/ietestcenter/chapter15/15.2/15.2.3/15.2.3.6/15.2.3.6-4-480.js : 54 - 54"
  },
  {
    "left": "ID:get",
    "right": "ID:getFunc",
    "op": "===",
    "leftType": "unknown",
    "rightType": "unknown",
    "parent": "LogicalExpression",
    "grandParent": "ReturnStatement",
    "src": "data/js/programs_all/fholm/IronJS/Src/Tests/ietestcenter/chapter15/15.2/15.2.3/15.2.3.6/15.2.3.6-4-480.js : 57 - 57"
  },
  {
    "left": "ID:configurable",
    "right": "LIT:false",
    "op": "===",
    "leftType": "unknown",
    "rightType": "boolean",
    "parent": "LogicalExpression",
    "grandParent": "LogicalExpression",
    "src": "data/js/programs_all/fholm/IronJS/Src/Tests/ietestcenter/chapter15/15.2/15.2.3/15.2.3.6/15.2.3.6-4-492.js : 54 - 54"
  },
  {
    "left": "ID:configurable",
    "right": "LIT:false",
    "op": "===",
    "leftType": "unknown",
    "rightType": "boolean",
    "parent": "LogicalExpression",
    "grandParent": "LogicalExpression",
    "src": "data/js/programs_all/fholm/IronJS/Src/Tests/ietestcenter/chapter15/15.2/15.2.3/15.2.3.6/15.2.3.6-4-492.js : 54 - 54"
  },
  {
    "left": "ID:e",
    "right": "ID:TypeError",
    "op": "instanceof",
    "leftType": "unknown",
    "rightType": "unknown",
    "parent": "LogicalExpression",
    "grandParent": "ReturnStatement",
    "src": "data/js/programs_all/fholm/IronJS/Src/Tests/ietestcenter/chapter15/15.2/15.2.3/15.2.3.6/15.2.3.6-4-492.js : 54 - 54"
  },
  {
    "left": "ID:configurable",
    "right": "LIT:true",
    "op": "===",
    "leftType": "unknown",
    "rightType": "boolean",
    "parent": "LogicalExpression",
    "grandParent": "LogicalExpression",
    "src": "data/js/programs_all/fholm/IronJS/Src/Tests/ietestcenter/chapter15/15.2/15.2.3/15.2.3.6/15.2.3.6-4-515.js : 47 - 47"
  },
  {
    "left": "ID:configurable",
    "right": "LIT:true",
    "op": "===",
    "leftType": "unknown",
    "rightType": "boolean",
    "parent": "LogicalExpression",
    "grandParent": "LogicalExpression",
    "src": "data/js/programs_all/fholm/IronJS/Src/Tests/ietestcenter/chapter15/15.2/15.2.3/15.2.3.6/15.2.3.6-4-537.js : 54 - 54"
  },
  {
    "left": "ID:configurable",
    "right": "LIT:false",
    "op": "===",
    "leftType": "unknown",
    "rightType": "boolean",
    "parent": "LogicalExpression",
    "grandParent": "LogicalExpression",
    "src": "data/js/programs_all/fholm/IronJS/Src/Tests/ietestcenter/chapter15/15.2/15.2.3/15.2.3.6/15.2.3.6-4-537.js : 54 - 54"
  },
  {
    "left": "ID:e",
    "right": "ID:TypeError",
    "op": "instanceof",
    "leftType": "unknown",
    "rightType": "unknown",
    "parent": "LogicalExpression",
    "grandParent": "AssignmentExpression",
    "src": "data/js/programs_all/fholm/IronJS/Src/Tests/ietestcenter/chapter15/15.2/15.2.3/15.2.3.6/15.2.3.6-4-540-1.js : 52 - 52"
  },
  {
    "left": "ID:e1",
    "right": "ID:TypeError",
    "op": "instanceof",
    "leftType": "unknown",
    "rightType": "unknown",
    "parent": "LogicalExpression",
    "grandParent": "LogicalExpression",
    "src": "data/js/programs_all/fholm/IronJS/Src/Tests/ietestcenter/chapter15/15.2/15.2.3/15.2.3.6/15.2.3.6-4-540-1.js : 63 - 63"
  },
  {
    "left": "ID:e",
    "right": "ID:TypeError",
    "op": "instanceof",
    "leftType": "unknown",
    "rightType": "unknown",
    "parent": "LogicalExpression",
    "grandParent": "AssignmentExpression",
    "src": "data/js/programs_all/fholm/IronJS/Src/Tests/ietestcenter/chapter15/15.2/15.2.3/15.2.3.6/15.2.3.6-4-540-8.js : 54 - 54"
  },
  {
    "left": "ID:e1",
    "right": "ID:TypeError",
    "op": "instanceof",
    "leftType": "unknown",
    "rightType": "unknown",
    "parent": "LogicalExpression",
    "grandParent": "LogicalExpression",
    "src": "data/js/programs_all/fholm/IronJS/Src/Tests/ietestcenter/chapter15/15.2/15.2.3/15.2.3.6/15.2.3.6-4-540-8.js : 65 - 65"
  },
  {
    "left": "ID:p",
    "right": "LIT:prop",
    "op": "===",
    "leftType": "unknown",
    "rightType": "string",
    "parent": "IfStatement",
    "grandParent": "BlockStatement",
    "src": "data/js/programs_all/fholm/IronJS/Src/Tests/ietestcenter/chapter15/15.2/15.2.3/15.2.3.6/15.2.3.6-4-550.js : 51 - 51"
  },
  {
    "left": "ID:enumerable",
    "right": "LIT:false",
    "op": "===",
    "leftType": "unknown",
    "rightType": "boolean",
    "parent": "LogicalExpression",
    "grandParent": "ReturnStatement",
    "src": "data/js/programs_all/fholm/IronJS/Src/Tests/ietestcenter/chapter15/15.2/15.2.3/15.2.3.6/15.2.3.6-4-550.js : 56 - 56"
  },
  {
    "left": "ID:prop",
    "right": "LIT:1001",
    "op": "===",
    "leftType": "unknown",
    "rightType": "number",
    "parent": "VariableDeclarator",
    "grandParent": "VariableDeclaration",
    "src": "data/js/programs_all/fholm/IronJS/Src/Tests/ietestcenter/chapter15/15.2/15.2.3/15.2.3.6/15.2.3.6-4-561.js : 47 - 47"
  },
  {
    "left": "ID:prop",
    "right": "LIT:1001",
    "op": "===",
    "leftType": "unknown",
    "rightType": "number",
    "parent": "VariableDeclarator",
    "grandParent": "VariableDeclaration",
    "src": "data/js/programs_all/fholm/IronJS/Src/Tests/ietestcenter/chapter15/15.2/15.2.3/15.2.3.6/15.2.3.6-4-561.js : 57 - 57"
  },
  {
    "left": "ID:get",
    "right": "ID:getFunc",
    "op": "===",
    "leftType": "unknown",
    "rightType": "unknown",
    "parent": "LogicalExpression",
    "grandParent": "LogicalExpression",
    "src": "data/js/programs_all/fholm/IronJS/Src/Tests/ietestcenter/chapter15/15.2/15.2.3/15.2.3.6/15.2.3.6-4-561.js : 60 - 60"
  },
  {
    "left": "ID:get",
    "right": "ID:getFunc",
    "op": "===",
    "leftType": "unknown",
    "rightType": "unknown",
    "parent": "LogicalExpression",
    "grandParent": "LogicalExpression",
    "src": "data/js/programs_all/fholm/IronJS/Src/Tests/ietestcenter/chapter15/15.2/15.2.3/15.2.3.6/15.2.3.6-4-561.js : 60 - 60"
  },
  {
    "left": "ID:e",
    "right": "ID:TypeError",
    "op": "instanceof",
    "leftType": "unknown",
    "rightType": "unknown",
    "parent": "LogicalExpression",
    "grandParent": "ReturnStatement",
    "src": "data/js/programs_all/fholm/IronJS/Src/Tests/ietestcenter/chapter15/15.2/15.2.3/15.2.3.6/15.2.3.6-4-561.js : 60 - 60"
  },
  {
    "left": "ID:prop",
    "right": "LIT:data",
    "op": "===",
    "leftType": "unknown",
    "rightType": "string",
    "parent": "LogicalExpression",
    "grandParent": "LogicalExpression",
    "src": "data/js/programs_all/fholm/IronJS/Src/Tests/ietestcenter/chapter15/15.2/15.2.3/15.2.3.6/15.2.3.6-4-586.js : 40 - 40"
  },
  {
    "left": "ID:data",
    "right": "LIT:data",
    "op": "===",
    "leftType": "unknown",
    "rightType": "string",
    "parent": "LogicalExpression",
    "grandParent": "ReturnStatement",
    "src": "data/js/programs_all/fholm/IronJS/Src/Tests/ietestcenter/chapter15/15.2/15.2.3/15.2.3.6/15.2.3.6-4-586.js : 40 - 40"
  },
  {
    "left": "ID:name",
    "right": "LIT:NAME",
    "op": "===",
    "leftType": "unknown",
    "rightType": "string",
    "parent": "LogicalExpression",
    "grandParent": "LogicalExpression",
    "src": "data/js/programs_all/fholm/IronJS/Src/Tests/ietestcenter/chapter15/15.2/15.2.3/15.2.3.6/15.2.3.6-4-588.js : 67 - 67"
  },
  {
    "left": "ID:startTime",
    "right": "LIT:1001",
    "op": "===",
    "leftType": "unknown",
    "rightType": "number",
    "parent": "LogicalExpression",
    "grandParent": "LogicalExpression",
    "src": "data/js/programs_all/fholm/IronJS/Src/Tests/ietestcenter/chapter15/15.2/15.2.3/15.2.3.6/15.2.3.6-4-588.js : 68 - 68"
  },
  {
    "left": "ID:conferenceCall",
    "right": "LIT:In-person meeting",
    "op": "===",
    "leftType": "unknown",
    "rightType": "string",
    "parent": "LogicalExpression",
    "grandParent": "ReturnStatement",
    "src": "data/js/programs_all/fholm/IronJS/Src/Tests/ietestcenter/chapter15/15.2/15.2.3/15.2.3.6/15.2.3.6-4-588.js : 69 - 69"
  },
  {
    "left": "ID:name",
    "right": "LIT:Team Meeting",
    "op": "===",
    "leftType": "unknown",
    "rightType": "string",
    "parent": "LogicalExpression",
    "grandParent": "LogicalExpression",
    "src": "data/js/programs_all/fholm/IronJS/Src/Tests/ietestcenter/chapter15/15.2/15.2.3/15.2.3.6/15.2.3.6-4-589.js : 77 - 77"
  },
  {
    "left": "ID:startTime",
    "right": "ID:dateObj",
    "op": "===",
    "leftType": "unknown",
    "rightType": "unknown",
    "parent": "LogicalExpression",
    "grandParent": "LogicalExpression",
    "src": "data/js/programs_all/fholm/IronJS/Src/Tests/ietestcenter/chapter15/15.2/15.2.3/15.2.3.6/15.2.3.6-4-589.js : 78 - 78"
  },
  {
    "left": "ID:conferenceCall",
    "right": "LIT:4255551212",
    "op": "===",
    "leftType": "unknown",
    "rightType": "string",
    "parent": "LogicalExpression",
    "grandParent": "ReturnStatement",
    "src": "data/js/programs_all/fholm/IronJS/Src/Tests/ietestcenter/chapter15/15.2/15.2.3/15.2.3.6/15.2.3.6-4-589.js : 79 - 79"
  },
  {
    "left": "ID:p",
    "right": "LIT:prop",
    "op": "===",
    "leftType": "unknown",
    "rightType": "string",
    "parent": "IfStatement",
    "grandParent": "BlockStatement",
    "src": "data/js/programs_all/fholm/IronJS/Src/Tests/ietestcenter/chapter15/15.2/15.2.3/15.2.3.6/15.2.3.6-4-597.js : 44 - 44"
  },
  {
    "left": "ID:writable",
    "right": "LIT:true",
    "op": "===",
    "leftType": "unknown",
    "rightType": "boolean",
    "parent": "LogicalExpression",
    "grandParent": "LogicalExpression",
    "src": "data/js/programs_all/fholm/IronJS/Src/Tests/ietestcenter/chapter15/15.2/15.2.3/15.2.3.6/15.2.3.6-4-600.js : 31 - 31"
  },
  {
    "left": "ID:enumerable",
    "right": "LIT:false",
    "op": "===",
    "leftType": "unknown",
    "rightType": "boolean",
    "parent": "LogicalExpression",
    "grandParent": "LogicalExpression",
    "src": "data/js/programs_all/fholm/IronJS/Src/Tests/ietestcenter/chapter15/15.2/15.2.3/15.2.3.6/15.2.3.6-4-600.js : 31 - 31"
  },
  {
    "left": "ID:configurable",
    "right": "LIT:true",
    "op": "===",
    "leftType": "unknown",
    "rightType": "boolean",
    "parent": "LogicalExpression",
    "grandParent": "VariableDeclarator",
    "src": "data/js/programs_all/fholm/IronJS/Src/Tests/ietestcenter/chapter15/15.2/15.2.3/15.2.3.6/15.2.3.6-4-600.js : 31 - 31"
  },
  {
    "left": "ID:getOwnPropertyNames",
    "right": "LIT:2010",
    "op": "===",
    "leftType": "unknown",
    "rightType": "string",
    "parent": "VariableDeclarator",
    "grandParent": "VariableDeclaration",
    "src": "data/js/programs_all/fholm/IronJS/Src/Tests/ietestcenter/chapter15/15.2/15.2.3/15.2.3.6/15.2.3.6-4-600.js : 38 - 38"
  },
  {
    "left": "ID:prop",
    "right": "LIT:getOwnPropertyNames",
    "op": "===",
    "leftType": "unknown",
    "rightType": "string",
    "parent": "IfStatement",
    "grandParent": "BlockStatement",
    "src": "data/js/programs_all/fholm/IronJS/Src/Tests/ietestcenter/chapter15/15.2/15.2.3/15.2.3.6/15.2.3.6-4-600.js : 43 - 43"
  },
  {
    "left": "ID:writable",
    "right": "LIT:true",
    "op": "===",
    "leftType": "unknown",
    "rightType": "boolean",
    "parent": "LogicalExpression",
    "grandParent": "LogicalExpression",
    "src": "data/js/programs_all/fholm/IronJS/Src/Tests/ietestcenter/chapter15/15.2/15.2.3/15.2.3.6/15.2.3.6-4-624.js : 31 - 31"
  },
  {
    "left": "ID:enumerable",
    "right": "LIT:false",
    "op": "===",
    "leftType": "unknown",
    "rightType": "boolean",
    "parent": "LogicalExpression",
    "grandParent": "LogicalExpression",
    "src": "data/js/programs_all/fholm/IronJS/Src/Tests/ietestcenter/chapter15/15.2/15.2.3/15.2.3.6/15.2.3.6-4-624.js : 31 - 31"
  },
  {
    "left": "ID:configurable",
    "right": "LIT:true",
    "op": "===",
    "leftType": "unknown",
    "rightType": "boolean",
    "parent": "LogicalExpression",
    "grandParent": "VariableDeclarator",
    "src": "data/js/programs_all/fholm/IronJS/Src/Tests/ietestcenter/chapter15/15.2/15.2.3/15.2.3.6/15.2.3.6-4-624.js : 31 - 31"
  },
  {
    "left": "ID:toJSON",
    "right": "LIT:2010",
    "op": "===",
    "leftType": "unknown",
    "rightType": "string",
    "parent": "VariableDeclarator",
    "grandParent": "VariableDeclaration",
    "src": "data/js/programs_all/fholm/IronJS/Src/Tests/ietestcenter/chapter15/15.2/15.2.3/15.2.3.6/15.2.3.6-4-624.js : 38 - 38"
  },
  {
    "left": "ID:prop",
    "right": "LIT:toJSON",
    "op": "===",
    "leftType": "unknown",
    "rightType": "string",
    "parent": "IfStatement",
    "grandParent": "BlockStatement",
    "src": "data/js/programs_all/fholm/IronJS/Src/Tests/ietestcenter/chapter15/15.2/15.2.3/15.2.3.6/15.2.3.6-4-624.js : 43 - 43"
  },
  {
    "left": "ID:foo",
    "right": "LIT:verifyValue",
    "op": "===",
    "leftType": "unknown",
    "rightType": "string",
    "parent": "IfStatement",
    "grandParent": "BlockStatement",
    "src": "data/js/programs_all/fholm/IronJS/Src/Tests/ietestcenter/chapter15/15.2/15.2.3/15.2.3.6/15.2.3.6-4-63.js : 41 - 41"
  },
  {
    "left": "ID:prop",
    "right": "LIT:foo",
    "op": "===",
    "leftType": "unknown",
    "rightType": "string",
    "parent": "LogicalExpression",
    "grandParent": "IfStatement",
    "src": "data/js/programs_all/fholm/IronJS/Src/Tests/ietestcenter/chapter15/15.2/15.2.3/15.2.3.6/15.2.3.6-4-63.js : 46 - 46"
  },
  {
    "left": "ID:e",
    "right": "ID:TypeError",
    "op": "instanceof",
    "leftType": "unknown",
    "rightType": "unknown",
    "parent": "IfStatement",
    "grandParent": "BlockStatement",
    "src": "data/js/programs_all/fholm/IronJS/Src/Tests/ietestcenter/chapter15/15.2/15.2.3/15.2.3.6/15.2.3.6-4-8.js : 50 - 50"
  },
  {
    "left": "ID:value",
    "right": "LIT:101",
    "op": "===",
    "leftType": "unknown",
    "rightType": "number",
    "parent": "LogicalExpression",
    "grandParent": "LogicalExpression",
    "src": "data/js/programs_all/fholm/IronJS/Src/Tests/ietestcenter/chapter15/15.2/15.2.3/15.2.3.6/15.2.3.6-4-8.js : 53 - 53"
  },
  {
    "left": "ID:enumerable",
    "right": "LIT:false",
    "op": "===",
    "leftType": "unknown",
    "rightType": "boolean",
    "parent": "LogicalExpression",
    "grandParent": "LogicalExpression",
    "src": "data/js/programs_all/fholm/IronJS/Src/Tests/ietestcenter/chapter15/15.2/15.2.3/15.2.3.6/15.2.3.6-4-8.js : 54 - 54"
  },
  {
    "left": "ID:configurable",
    "right": "LIT:false",
    "op": "===",
    "leftType": "unknown",
    "rightType": "boolean",
    "parent": "LogicalExpression",
    "grandParent": "IfStatement",
    "src": "data/js/programs_all/fholm/IronJS/Src/Tests/ietestcenter/chapter15/15.2/15.2.3/15.2.3.6/15.2.3.6-4-8.js : 55 - 55"
  },
  {
    "left": "ID:e",
    "right": "ID:TypeError",
    "op": "instanceof",
    "leftType": "unknown",
    "rightType": "unknown",
    "parent": "LogicalExpression",
    "grandParent": "ReturnStatement",
    "src": "data/js/programs_all/fholm/IronJS/Src/Tests/ietestcenter/chapter15/15.2/15.2.3/15.2.3.6/15.2.3.6-4-91.js : 42 - 42"
  },
  {
    "left": "ID:e",
    "right": "ID:TypeError",
    "op": "instanceof",
    "leftType": "unknown",
    "rightType": "unknown",
    "parent": "LogicalExpression",
    "grandParent": "ReturnStatement",
    "src": "data/js/programs_all/fholm/IronJS/Src/Tests/ietestcenter/chapter15/15.2/15.2.3/15.2.3.6/15.2.3.6-4-99.js : 52 - 52"
  },
  {
    "left": "ID:e",
    "right": "ID:TypeError",
    "op": "instanceof",
    "leftType": "unknown",
    "rightType": "unknown",
    "parent": "ReturnStatement",
    "grandParent": "BlockStatement",
    "src": "data/js/programs_all/fholm/IronJS/Src/Tests/ietestcenter/chapter15/15.2/15.2.3/15.2.3.7/15.2.3.7-2-1.js : 35 - 35"
  },
  {
    "left": "ID:obj",
    "right": "ID:obj1",
    "op": "===",
    "leftType": "unknown",
    "rightType": "unknown",
    "parent": "ReturnStatement",
    "grandParent": "BlockStatement",
    "src": "data/js/programs_all/fholm/IronJS/Src/Tests/ietestcenter/chapter15/15.2/15.2.3/15.2.3.7/15.2.3.7-2-3.js : 33 - 33"
  },
  {
    "left": "LIT:this",
    "right": "ID:String",
    "op": "instanceof",
    "leftType": "object",
    "rightType": "unknown",
    "parent": "AssignmentExpression",
    "grandParent": "ExpressionStatement",
    "src": "data/js/programs_all/fholm/IronJS/Src/Tests/ietestcenter/chapter15/15.2/15.2.3/15.2.3.7/15.2.3.7-2-8.js : 37 - 37"
  },
  {
    "left": "ID:property",
    "right": "LIT:prop",
    "op": "===",
    "leftType": "unknown",
    "rightType": "string",
    "parent": "IfStatement",
    "grandParent": "BlockStatement",
    "src": "data/js/programs_all/fholm/IronJS/Src/Tests/ietestcenter/chapter15/15.2/15.2.3/15.2.3.7/15.2.3.7-5-b-11.js : 54 - 54"
  },
  {
    "left": "ID:property",
    "right": "LIT:ownDataProperty",
    "op": "===",
    "leftType": "unknown",
    "rightType": "string",
    "parent": "ReturnStatement",
    "grandParent": "BlockStatement",
    "src": "data/js/programs_all/fholm/IronJS/Src/Tests/ietestcenter/chapter15/15.2/15.2.3/15.2.3.7/15.2.3.7-5-b-117.js : 53 - 53"
  },
  {
    "left": "ID:property",
    "right": "LIT:String",
    "op": "===",
    "leftType": "unknown",
    "rightType": "string",
    "parent": "ReturnStatement",
    "grandParent": "BlockStatement",
    "src": "data/js/programs_all/fholm/IronJS/Src/Tests/ietestcenter/chapter15/15.2/15.2.3/15.2.3.7/15.2.3.7-5-b-127.js : 40 - 40"
  },
  {
    "left": "ID:property",
    "right": "LIT:RegExp",
    "op": "===",
    "leftType": "unknown",
    "rightType": "string",
    "parent": "ReturnStatement",
    "grandParent": "BlockStatement",
    "src": "data/js/programs_all/fholm/IronJS/Src/Tests/ietestcenter/chapter15/15.2/15.2.3/15.2.3.7/15.2.3.7-5-b-132.js : 40 - 40"
  },
  {
    "left": "ID:property",
    "right": "LIT:present",
    "op": "===",
    "leftType": "unknown",
    "rightType": "string",
    "parent": "ReturnStatement",
    "grandParent": "BlockStatement",
    "src": "data/js/programs_all/fholm/IronJS/Src/Tests/ietestcenter/chapter15/15.2/15.2.3/15.2.3.7/15.2.3.7-5-b-191.js : 42 - 42"
  },
  {
    "left": "ID:property",
    "right": "LIT:ownAccessorProperty",
    "op": "===",
    "leftType": "unknown",
    "rightType": "string",
    "parent": "ReturnStatement",
    "grandParent": "BlockStatement",
    "src": "data/js/programs_all/fholm/IronJS/Src/Tests/ietestcenter/chapter15/15.2/15.2.3/15.2.3.7/15.2.3.7-5-b-197.js : 46 - 46"
  },
  {
    "left": "ID:property",
    "right": "LIT:ownAccessorProperty",
    "op": "===",
    "leftType": "unknown",
    "rightType": "string",
    "parent": "ReturnStatement",
    "grandParent": "BlockStatement",
    "src": "data/js/programs_all/fholm/IronJS/Src/Tests/ietestcenter/chapter15/15.2/15.2.3/15.2.3.7/15.2.3.7-5-b-199.js : 55 - 55"
  },
  {
    "left": "ID:property",
    "right": "LIT:Boolean",
    "op": "===",
    "leftType": "unknown",
    "rightType": "string",
    "parent": "ReturnStatement",
    "grandParent": "BlockStatement",
    "src": "data/js/programs_all/fholm/IronJS/Src/Tests/ietestcenter/chapter15/15.2/15.2.3/15.2.3.7/15.2.3.7-5-b-207.js : 42 - 42"
  },
  {
    "left": "ID:property",
    "right": "LIT:JSON",
    "op": "===",
    "leftType": "unknown",
    "rightType": "string",
    "parent": "ReturnStatement",
    "grandParent": "BlockStatement",
    "src": "data/js/programs_all/fholm/IronJS/Src/Tests/ietestcenter/chapter15/15.2/15.2.3/15.2.3.7/15.2.3.7-5-b-212.js : 42 - 42"
  },
  {
    "left": "ID:property",
    "right": "LIT:prop",
    "op": "===",
    "leftType": "unknown",
    "rightType": "string",
    "parent": "IfStatement",
    "grandParent": "BlockStatement",
    "src": "data/js/programs_all/fholm/IronJS/Src/Tests/ietestcenter/chapter15/15.2/15.2.3/15.2.3.7/15.2.3.7-5-b-22.js : 41 - 41"
  },
  {
    "left": "ID:data1",
    "right": "LIT:overrideData",
    "op": "===",
    "leftType": "unknown",
    "rightType": "string",
    "parent": "LogicalExpression",
    "grandParent": "LogicalExpression",
    "src": "data/js/programs_all/fholm/IronJS/Src/Tests/ietestcenter/chapter15/15.2/15.2.3/15.2.3.7/15.2.3.7-5-b-230.js : 54 - 54"
  },
  {
    "left": "ID:data2",
    "right": "LIT:data",
    "op": "===",
    "leftType": "unknown",
    "rightType": "string",
    "parent": "LogicalExpression",
    "grandParent": "ReturnStatement",
    "src": "data/js/programs_all/fholm/IronJS/Src/Tests/ietestcenter/chapter15/15.2/15.2.3/15.2.3.7/15.2.3.7-5-b-230.js : 54 - 54"
  },
  {
    "left": "ID:prop",
    "right": "LIT:10",
    "op": "===",
    "leftType": "unknown",
    "rightType": "number",
    "parent": "LogicalExpression",
    "grandParent": "ReturnStatement",
    "src": "data/js/programs_all/fholm/IronJS/Src/Tests/ietestcenter/chapter15/15.2/15.2.3/15.2.3.7/15.2.3.7-5-b-236.js : 48 - 48"
  },
  {
    "left": "ID:data",
    "right": "LIT:regExpData",
    "op": "===",
    "leftType": "unknown",
    "rightType": "string",
    "parent": "LogicalExpression",
    "grandParent": "ReturnStatement",
    "src": "data/js/programs_all/fholm/IronJS/Src/Tests/ietestcenter/chapter15/15.2/15.2.3/15.2.3.7/15.2.3.7-5-b-246.js : 43 - 43"
  },
  {
    "left": "ID:property",
    "right": "LIT:prop",
    "op": "===",
    "leftType": "unknown",
    "rightType": "string",
    "parent": "IfStatement",
    "grandParent": "BlockStatement",
    "src": "data/js/programs_all/fholm/IronJS/Src/Tests/ietestcenter/chapter15/15.2/15.2.3/15.2.3.7/15.2.3.7-5-b-32.js : 40 - 40"
  },
  {
    "left": "ID:property",
    "right": "LIT:prop",
    "op": "===",
    "leftType": "unknown",
    "rightType": "string",
    "parent": "IfStatement",
    "grandParent": "BlockStatement",
    "src": "data/js/programs_all/fholm/IronJS/Src/Tests/ietestcenter/chapter15/15.2/15.2.3/15.2.3.7/15.2.3.7-5-b-33.js : 40 - 40"
  },
  {
    "left": "ID:property",
    "right": "LIT:prop",
    "op": "===",
    "leftType": "unknown",
    "rightType": "string",
    "parent": "IfStatement",
    "grandParent": "BlockStatement",
    "src": "data/js/programs_all/fholm/IronJS/Src/Tests/ietestcenter/chapter15/15.2/15.2.3/15.2.3.7/15.2.3.7-5-b-35.js : 40 - 40"
  },
  {
    "left": "ID:property",
    "right": "LIT:prop",
    "op": "===",
    "leftType": "unknown",
    "rightType": "string",
    "parent": "IfStatement",
    "grandParent": "BlockStatement",
    "src": "data/js/programs_all/fholm/IronJS/Src/Tests/ietestcenter/chapter15/15.2/15.2.3/15.2.3.7/15.2.3.7-5-b-37.js : 40 - 40"
  },
  {
    "left": "ID:property",
    "right": "LIT:prop",
    "op": "===",
    "leftType": "unknown",
    "rightType": "string",
    "parent": "IfStatement",
    "grandParent": "BlockStatement",
    "src": "data/js/programs_all/fholm/IronJS/Src/Tests/ietestcenter/chapter15/15.2/15.2.3/15.2.3.7/15.2.3.7-5-b-42.js : 40 - 40"
  },
  {
    "left": "ID:property",
    "right": "LIT:prop",
    "op": "===",
    "leftType": "unknown",
    "rightType": "string",
    "parent": "IfStatement",
    "grandParent": "BlockStatement",
    "src": "data/js/programs_all/fholm/IronJS/Src/Tests/ietestcenter/chapter15/15.2/15.2.3/15.2.3.7/15.2.3.7-5-b-45.js : 40 - 40"
  },
  {
    "left": "ID:property",
    "right": "LIT:prop",
    "op": "===",
    "leftType": "unknown",
    "rightType": "string",
    "parent": "IfStatement",
    "grandParent": "BlockStatement",
    "src": "data/js/programs_all/fholm/IronJS/Src/Tests/ietestcenter/chapter15/15.2/15.2.3/15.2.3.7/15.2.3.7-5-b-53.js : 40 - 40"
  },
  {
    "left": "ID:property",
    "right": "LIT:prop",
    "op": "===",
    "leftType": "unknown",
    "rightType": "string",
    "parent": "IfStatement",
    "grandParent": "BlockStatement",
    "src": "data/js/programs_all/fholm/IronJS/Src/Tests/ietestcenter/chapter15/15.2/15.2.3/15.2.3.7/15.2.3.7-5-b-57.js : 40 - 40"
  },
  {
    "left": "ID:property",
    "right": "LIT:prop",
    "op": "===",
    "leftType": "unknown",
    "rightType": "string",
    "parent": "IfStatement",
    "grandParent": "BlockStatement",
    "src": "data/js/programs_all/fholm/IronJS/Src/Tests/ietestcenter/chapter15/15.2/15.2.3/15.2.3.7/15.2.3.7-5-b-58.js : 40 - 40"
  },
  {
    "left": "ID:result1",
    "right": "LIT:true",
    "op": "===",
    "leftType": "unknown",
    "rightType": "boolean",
    "parent": "LogicalExpression",
    "grandParent": "ReturnStatement",
    "src": "data/js/programs_all/fholm/IronJS/Src/Tests/ietestcenter/chapter15/15.2/15.2.3/15.2.3.7/15.2.3.7-5-b-74.js : 43 - 43"
  },
  {
    "left": "ID:result2",
    "right": "LIT:false",
    "op": "===",
    "leftType": "unknown",
    "rightType": "boolean",
    "parent": "LogicalExpression",
    "grandParent": "ReturnStatement",
    "src": "data/js/programs_all/fholm/IronJS/Src/Tests/ietestcenter/chapter15/15.2/15.2.3/15.2.3.7/15.2.3.7-5-b-74.js : 43 - 43"
  },
  {
    "left": "ID:result1",
    "right": "LIT:true",
    "op": "===",
    "leftType": "unknown",
    "rightType": "boolean",
    "parent": "LogicalExpression",
    "grandParent": "ReturnStatement",
    "src": "data/js/programs_all/fholm/IronJS/Src/Tests/ietestcenter/chapter15/15.2/15.2.3/15.2.3.7/15.2.3.7-5-b-77.js : 44 - 44"
  },
  {
    "left": "ID:result2",
    "right": "LIT:false",
    "op": "===",
    "leftType": "unknown",
    "rightType": "boolean",
    "parent": "LogicalExpression",
    "grandParent": "ReturnStatement",
    "src": "data/js/programs_all/fholm/IronJS/Src/Tests/ietestcenter/chapter15/15.2/15.2.3/15.2.3.7/15.2.3.7-5-b-77.js : 44 - 44"
  },
  {
    "left": "ID:e",
    "right": "ID:TypeError",
    "op": "instanceof",
    "leftType": "unknown",
    "rightType": "unknown",
    "parent": "ReturnStatement",
    "grandParent": "BlockStatement",
    "src": "data/js/programs_all/fholm/IronJS/Src/Tests/ietestcenter/chapter15/15.2/15.2.3/15.2.3.7/15.2.3.7-6-a-10.js : 56 - 56"
  },
  {
    "left": "ID:length",
    "right": "LIT:0",
    "op": "===",
    "leftType": "unknown",
    "rightType": "number",
    "parent": "AssignmentExpression",
    "grandParent": "ExpressionStatement",
    "src": "data/js/programs_all/fholm/IronJS/Src/Tests/ietestcenter/chapter15/15.2/15.2.3/15.2.3.7/15.2.3.7-6-a-114.js : 36 - 36"
  },
  {
    "left": "ID:length",
    "right": "LIT:2",
    "op": "===",
    "leftType": "unknown",
    "rightType": "number",
    "parent": "AssignmentExpression",
    "grandParent": "ExpressionStatement",
    "src": "data/js/programs_all/fholm/IronJS/Src/Tests/ietestcenter/chapter15/15.2/15.2.3/15.2.3.7/15.2.3.7-6-a-114.js : 40 - 40"
  },
  {
    "left": "ID:p",
    "right": "LIT:length",
    "op": "===",
    "leftType": "unknown",
    "rightType": "string",
    "parent": "IfStatement",
    "grandParent": "BlockStatement",
    "src": "data/js/programs_all/fholm/IronJS/Src/Tests/ietestcenter/chapter15/15.2/15.2.3/15.2.3.7/15.2.3.7-6-a-114.js : 44 - 44"
  },
  {
    "left": "ID:e",
    "right": "ID:TypeError",
    "op": "instanceof",
    "leftType": "unknown",
    "rightType": "unknown",
    "parent": "ReturnStatement",
    "grandParent": "BlockStatement",
    "src": "data/js/programs_all/fholm/IronJS/Src/Tests/ietestcenter/chapter15/15.2/15.2.3/15.2.3.7/15.2.3.7-6-a-119.js : 45 - 45"
  },
  {
    "left": "ID:e",
    "right": "ID:RangeError",
    "op": "instanceof",
    "leftType": "unknown",
    "rightType": "unknown",
    "parent": "LogicalExpression",
    "grandParent": "ReturnStatement",
    "src": "data/js/programs_all/fholm/IronJS/Src/Tests/ietestcenter/chapter15/15.2/15.2.3/15.2.3.7/15.2.3.7-6-a-129.js : 42 - 42"
  },
  {
    "left": "ID:length",
    "right": "LIT:0",
    "op": "===",
    "leftType": "unknown",
    "rightType": "number",
    "parent": "LogicalExpression",
    "grandParent": "ReturnStatement",
    "src": "data/js/programs_all/fholm/IronJS/Src/Tests/ietestcenter/chapter15/15.2/15.2.3/15.2.3.7/15.2.3.7-6-a-129.js : 42 - 42"
  },
  {
    "left": "ID:length",
    "right": "LIT:4294967294",
    "op": "===",
    "leftType": "unknown",
    "rightType": "number",
    "parent": "ReturnStatement",
    "grandParent": "BlockStatement",
    "src": "data/js/programs_all/fholm/IronJS/Src/Tests/ietestcenter/chapter15/15.2/15.2.3/15.2.3.7/15.2.3.7-6-a-150.js : 40 - 40"
  },
  {
    "left": "ID:e",
    "right": "ID:TypeError",
    "op": "instanceof",
    "leftType": "unknown",
    "rightType": "unknown",
    "parent": "LogicalExpression",
    "grandParent": "LogicalExpression",
    "src": "data/js/programs_all/fholm/IronJS/Src/Tests/ietestcenter/chapter15/15.2/15.2.3/15.2.3.7/15.2.3.7-6-a-168.js : 47 - 47"
  },
  {
    "left": "ID:length",
    "right": "LIT:2",
    "op": "===",
    "leftType": "unknown",
    "rightType": "number",
    "parent": "LogicalExpression",
    "grandParent": "LogicalExpression",
    "src": "data/js/programs_all/fholm/IronJS/Src/Tests/ietestcenter/chapter15/15.2/15.2.3/15.2.3.7/15.2.3.7-6-a-168.js : 47 - 47"
  },
  {
    "left": "ID:arr",
    "right": "LIT:0",
    "op": "===",
    "leftType": "unknown",
    "rightType": "number",
    "parent": "LogicalExpression",
    "grandParent": "LogicalExpression",
    "src": "data/js/programs_all/fholm/IronJS/Src/Tests/ietestcenter/chapter15/15.2/15.2.3/15.2.3.7/15.2.3.7-6-a-168.js : 48 - 48"
  },
  {
    "left": "ID:arr",
    "right": "LIT:1",
    "op": "===",
    "leftType": "unknown",
    "rightType": "number",
    "parent": "LogicalExpression",
    "grandParent": "ReturnStatement",
    "src": "data/js/programs_all/fholm/IronJS/Src/Tests/ietestcenter/chapter15/15.2/15.2.3/15.2.3.7/15.2.3.7-6-a-168.js : 48 - 48"
  },
  {
    "left": "ID:e",
    "right": "ID:TypeError",
    "op": "instanceof",
    "leftType": "unknown",
    "rightType": "unknown",
    "parent": "LogicalExpression",
    "grandParent": "ReturnStatement",
    "src": "data/js/programs_all/fholm/IronJS/Src/Tests/ietestcenter/chapter15/15.2/15.2.3/15.2.3.7/15.2.3.7-6-a-18.js : 47 - 47"
  },
  {
    "left": "ID:length",
    "right": "LIT:0",
    "op": "===",
    "leftType": "unknown",
    "rightType": "number",
    "parent": "LogicalExpression",
    "grandParent": "ReturnStatement",
    "src": "data/js/programs_all/fholm/IronJS/Src/Tests/ietestcenter/chapter15/15.2/15.2.3/15.2.3.7/15.2.3.7-6-a-266.js : 40 - 40"
  },
  {
    "left": "ID:e",
    "right": "ID:TypeError",
    "op": "instanceof",
    "leftType": "unknown",
    "rightType": "unknown",
    "parent": "LogicalExpression",
    "grandParent": "ReturnStatement",
    "src": "data/js/programs_all/fholm/IronJS/Src/Tests/ietestcenter/chapter15/15.2/15.2.3/15.2.3.7/15.2.3.7-6-a-282.js : 52 - 52"
  },
  {
    "left": "ID:e",
    "right": "ID:TypeError",
    "op": "instanceof",
    "leftType": "unknown",
    "rightType": "unknown",
    "parent": "LogicalExpression",
    "grandParent": "ReturnStatement",
    "src": "data/js/programs_all/fholm/IronJS/Src/Tests/ietestcenter/chapter15/15.2/15.2.3/15.2.3.7/15.2.3.7-6-a-5.js : 49 - 49"
  },
  {
    "left": "ID:p",
    "right": "LIT:foo",
    "op": "===",
    "leftType": "unknown",
    "rightType": "string",
    "parent": "IfStatement",
    "grandParent": "BlockStatement",
    "src": "data/js/programs_all/fholm/IronJS/Src/Tests/ietestcenter/chapter15/15.2/15.2.3/15.2.3.7/15.2.3.7-6-a-57.js : 48 - 48"
  },
  {
    "left": "ID:foo",
    "right": "LIT:10",
    "op": "===",
    "leftType": "unknown",
    "rightType": "number",
    "parent": "AssignmentExpression",
    "grandParent": "ExpressionStatement",
    "src": "data/js/programs_all/fholm/IronJS/Src/Tests/ietestcenter/chapter15/15.2/15.2.3/15.2.3.7/15.2.3.7-6-a-57.js : 54 - 54"
  },
  {
    "left": "ID:get",
    "right": "ID:get_Func",
    "op": "===",
    "leftType": "unknown",
    "rightType": "unknown",
    "parent": "LogicalExpression",
    "grandParent": "ReturnStatement",
    "src": "data/js/programs_all/fholm/IronJS/Src/Tests/ietestcenter/chapter15/15.2/15.2.3/15.2.3.7/15.2.3.7-6-a-57.js : 61 - 61"
  },
  {
    "left": "ID:e",
    "right": "ID:TypeError",
    "op": "instanceof",
    "leftType": "unknown",
    "rightType": "unknown",
    "parent": "LogicalExpression",
    "grandParent": "ReturnStatement",
    "src": "data/js/programs_all/fholm/IronJS/Src/Tests/ietestcenter/chapter15/15.2/15.2.3/15.2.3.7/15.2.3.7-6-a-7.js : 55 - 55"
  },
  {
    "left": "ID:prop",
    "right": "LIT:12",
    "op": "===",
    "leftType": "unknown",
    "rightType": "number",
    "parent": "LogicalExpression",
    "grandParent": "ReturnStatement",
    "src": "data/js/programs_all/fholm/IronJS/Src/Tests/ietestcenter/chapter15/15.2/15.2.3/15.2.3.7/15.2.3.7-6-a-7.js : 55 - 55"
  },
  {
    "left": "ID:e",
    "right": "ID:TypeError",
    "op": "instanceof",
    "leftType": "unknown",
    "rightType": "unknown",
    "parent": "LogicalExpression",
    "grandParent": "ReturnStatement",
    "src": "data/js/programs_all/fholm/IronJS/Src/Tests/ietestcenter/chapter15/15.2/15.2.3/15.2.3.7/15.2.3.7-6-a-83.js : 46 - 46"
  },
  {
    "left": "ID:p",
    "right": "LIT:foo",
    "op": "===",
    "leftType": "unknown",
    "rightType": "string",
    "parent": "IfStatement",
    "grandParent": "BlockStatement",
    "src": "data/js/programs_all/fholm/IronJS/Src/Tests/ietestcenter/chapter15/15.2/15.2.3/15.2.3.7/15.2.3.7-6-a-88.js : 55 - 55"
  },
  {
    "left": "ID:e",
    "right": "ID:TypeError",
    "op": "instanceof",
    "leftType": "unknown",
    "rightType": "unknown",
    "parent": "LogicalExpression",
    "grandParent": "LogicalExpression",
    "src": "data/js/programs_all/fholm/IronJS/Src/Tests/ietestcenter/chapter15/15.2/15.2.3/15.2.3.7/15.2.3.7-6-a-88.js : 66 - 66"
  },
  {
    "left": "ID:e",
    "right": "ID:TypeError",
    "op": "instanceof",
    "leftType": "unknown",
    "rightType": "unknown",
    "parent": "LogicalExpression",
    "grandParent": "ReturnStatement",
    "src": "data/js/programs_all/fholm/IronJS/Src/Tests/ietestcenter/chapter15/15.2/15.2.3/15.2.3.7/15.2.3.7-6-a-92.js : 55 - 55"
  },
  {
    "left": "ID:foo",
    "right": "LIT:10",
    "op": "===",
    "leftType": "unknown",
    "rightType": "number",
    "parent": "LogicalExpression",
    "grandParent": "ReturnStatement",
    "src": "data/js/programs_all/fholm/IronJS/Src/Tests/ietestcenter/chapter15/15.2/15.2.3/15.2.3.8/15.2.3.8-2-a-10.js : 37 - 37"
  },
  {
    "left": "ID:foo",
    "right": "LIT:10",
    "op": "===",
    "leftType": "unknown",
    "rightType": "number",
    "parent": "LogicalExpression",
    "grandParent": "LogicalExpression",
    "src": "data/js/programs_all/fholm/IronJS/Src/Tests/ietestcenter/chapter15/15.2/15.2.3/15.2.3.9/15.2.3.9-2-a-10.js : 39 - 39"
  },
  {
    "left": "ID:configurable",
    "right": "LIT:false",
    "op": "===",
    "leftType": "unknown",
    "rightType": "boolean",
    "parent": "LogicalExpression",
    "grandParent": "LogicalExpression",
    "src": "data/js/programs_all/fholm/IronJS/Src/Tests/ietestcenter/chapter15/15.2/15.2.3/15.2.3.9/15.2.3.9-2-a-10.js : 39 - 39"
  },
  {
    "left": "ID:writable",
    "right": "LIT:false",
    "op": "===",
    "leftType": "unknown",
    "rightType": "boolean",
    "parent": "LogicalExpression",
    "grandParent": "ReturnStatement",
    "src": "data/js/programs_all/fholm/IronJS/Src/Tests/ietestcenter/chapter15/15.2/15.2.3/15.2.3.9/15.2.3.9-2-a-10.js : 39 - 39"
  },
  {
    "left": "ID:obj",
    "right": "LIT:0",
    "op": "===",
    "leftType": "unknown",
    "rightType": "number",
    "parent": "LogicalExpression",
    "grandParent": "LogicalExpression",
    "src": "data/js/programs_all/fholm/IronJS/Src/Tests/ietestcenter/chapter15/15.2/15.2.3/15.2.3.9/15.2.3.9-2-a-13.js : 39 - 39"
  },
  {
    "left": "ID:configurable",
    "right": "LIT:false",
    "op": "===",
    "leftType": "unknown",
    "rightType": "boolean",
    "parent": "LogicalExpression",
    "grandParent": "LogicalExpression",
    "src": "data/js/programs_all/fholm/IronJS/Src/Tests/ietestcenter/chapter15/15.2/15.2.3/15.2.3.9/15.2.3.9-2-a-13.js : 39 - 39"
  },
  {
    "left": "ID:writable",
    "right": "LIT:false",
    "op": "===",
    "leftType": "unknown",
    "rightType": "boolean",
    "parent": "LogicalExpression",
    "grandParent": "ReturnStatement",
    "src": "data/js/programs_all/fholm/IronJS/Src/Tests/ietestcenter/chapter15/15.2/15.2.3/15.2.3.9/15.2.3.9-2-a-13.js : 39 - 39"
  },
  {
    "left": "ID:foo",
    "right": "LIT:10",
    "op": "===",
    "leftType": "unknown",
    "rightType": "number",
    "parent": "LogicalExpression",
    "grandParent": "LogicalExpression",
    "src": "data/js/programs_all/fholm/IronJS/Src/Tests/ietestcenter/chapter15/15.2/15.2.3/15.2.3.9/15.2.3.9-2-a-2.js : 45 - 45"
  },
  {
    "left": "ID:configurable",
    "right": "LIT:false",
    "op": "===",
    "leftType": "unknown",
    "rightType": "boolean",
    "parent": "LogicalExpression",
    "grandParent": "LogicalExpression",
    "src": "data/js/programs_all/fholm/IronJS/Src/Tests/ietestcenter/chapter15/15.2/15.2.3/15.2.3.9/15.2.3.9-2-a-2.js : 45 - 45"
  },
  {
    "left": "ID:writable",
    "right": "LIT:false",
    "op": "===",
    "leftType": "unknown",
    "rightType": "boolean",
    "parent": "LogicalExpression",
    "grandParent": "ReturnStatement",
    "src": "data/js/programs_all/fholm/IronJS/Src/Tests/ietestcenter/chapter15/15.2/15.2.3/15.2.3.9/15.2.3.9-2-a-2.js : 45 - 45"
  }
]